reel_id,brand_id,category,price,created_at,video_duration
1,11,Gaming,301.29,2025-12-05 15:49:20.634276,13
2,23,Gaming,83.47,2026-02-11 15:49:20.634908,33
3,4,Sports,471.74,2025-12-29 15:49:20.635441,36
4,24,Beauty,290.25,2026-01-09 15:49:20.635924,38
5,11,Gaming,54.94,2026-01-22 15:49:20.636273,49
6,4,Sports,53.56,2026-02-28 15:49:20.636657,24
7,16,Fashion,427.4,2026-01-17 15:49:20.636967,52
8,18,Beauty,70.0,2026-02-10 15:49:20.637256,37
9,2,Gaming,36.84,2026-01-18 15:49:20.637543,33
10,25,Fitness,439.89,2026-01-05 15:49:20.637827,56
11,11,Gaming,294.38,2026-02-03 15:49:20.638108,53
12,23,Gaming,368.09,2026-01-20 15:49:20.638399,59
13,26,Home,164.79,2025-12-08 15:49:20.638687,44
14,13,Sports,312.83,2025-12-08 15:49:20.638973,10
15,3,Fitness,423.02,2026-01-16 15:49:20.639254,32
16,2,Gaming,229.15,2026-02-08 15:49:20.639576,56
17,19,Beauty,70.17,2026-01-20 15:49:20.639870,28
18,4,Sports,374.62,2025-12-08 15:49:20.640193,37
19,26,Home,378.49,2026-01-05 15:49:20.640490,31
20,3,Fitness,172.85,2026-02-02 15:49:20.640898,29
21,13,Sports,431.11,2026-02-20 15:49:20.641539,35
22,30,Fitness,210.35,2025-12-31 15:49:20.642056,55
23,25,Fitness,97.94,2026-02-08 15:49:20.642611,49
24,1,Technology,164.35,2026-02-23 15:49:20.643104,22
25,26,Home,322.71,2026-02-09 15:49:20.643608,55
26,15,Technology,176.58,2026-02-07 15:49:20.644090,21
27,8,Beauty,95.16,2026-02-26 15:49:20.644723,11
28,1,Technology,71.28,2026-02-02 15:49:20.645238,43
29,5,Technology,323.11,2025-12-30 15:49:20.645846,29
30,29,Sports,218.6,2025-12-10 15:49:20.646488,10
31,28,Gaming,141.61,2025-12-04 15:49:20.646987,17
32,25,Fitness,138.09,2026-01-24 15:49:20.647535,36
33,5,Technology,354.21,2026-01-14 15:49:20.648010,35
34,13,Sports,73.13,2026-02-22 15:49:20.648509,54
35,8,Beauty,51.39,2026-02-25 15:49:20.649012,10
36,8,Beauty,416.27,2026-02-12 15:49:20.649565,29
37,24,Beauty,476.23,2026-01-25 15:49:20.650051,53
38,17,Fitness,325.45,2025-12-05 15:49:20.650614,51
39,24,Beauty,72.76,2026-02-19 15:49:20.651074,45
40,28,Gaming,50.77,2026-01-30 15:49:20.651584,41
41,22,Gaming,92.4,2025-12-10 15:49:20.652280,24
42,26,Home,77.5,2025-12-11 15:49:20.652993,59
43,18,Beauty,169.66,2025-12-06 15:49:20.653766,38
44,9,Gaming,244.4,2026-01-01 15:49:20.654359,24
45,10,Home,108.82,2026-01-16 15:49:20.654908,21
46,18,Beauty,389.72,2026-02-08 15:49:20.655688,47
47,10,Home,353.3,2025-12-12 15:49:20.656292,55
48,28,Gaming,88.5,2025-12-15 15:49:20.656826,56
49,29,Sports,305.88,2026-02-18 15:49:20.657311,53
50,23,Gaming,166.07,2026-02-07 15:49:20.657852,57
51,4,Sports,492.64,2025-12-18 15:49:20.658304,43
52,20,Sports,267.7,2025-12-09 15:49:20.658823,40
53,7,Sports,321.21,2026-01-21 15:49:20.659368,30
54,27,Fitness,451.97,2025-12-04 15:49:20.659890,36
55,14,Beauty,236.82,2025-12-03 15:49:20.660361,46
56,25,Fitness,77.45,2026-01-18 15:49:20.660859,23
57,12,Fitness,292.8,2026-01-31 15:49:20.661338,27
58,13,Sports,47.69,2025-12-20 15:49:20.661875,48
59,5,Technology,164.7,2026-01-21 15:49:20.662353,53
60,9,Gaming,273.7,2026-02-15 15:49:20.662927,30
61,29,Sports,471.69,2026-01-15 15:49:20.663482,17
62,11,Gaming,431.85,2025-12-11 15:49:20.663975,17
63,8,Beauty,474.44,2026-01-17 15:49:20.664489,36
64,22,Gaming,371.85,2026-01-01 15:49:20.665069,23
65,20,Sports,59.56,2026-02-07 15:49:20.665728,34
66,26,Home,413.36,2025-12-27 15:49:20.666366,53
67,17,Fitness,228.86,2026-01-12 15:49:20.666939,47
68,3,Fitness,124.66,2025-12-02 15:49:20.667646,38
69,15,Technology,325.12,2026-01-30 15:49:20.668359,27
70,3,Fitness,324.88,2026-01-14 15:49:20.669005,55
71,23,Gaming,86.87,2026-02-24 15:49:20.669548,49
72,28,Gaming,313.38,2025-12-29 15:49:20.670043,46
73,30,Fitness,53.69,2026-01-25 15:49:20.670582,41
74,23,Gaming,181.81,2026-02-22 15:49:20.671101,28
75,9,Gaming,138.85,2026-02-20 15:49:20.671643,40
76,12,Fitness,282.26,2026-01-03 15:49:20.672373,43
77,24,Beauty,265.74,2026-01-16 15:49:20.672962,56
78,3,Fitness,395.9,2026-02-05 15:49:20.673496,24
79,15,Technology,386.35,2026-01-21 15:49:20.674019,41
80,28,Gaming,496.77,2026-01-25 15:49:20.674559,39
81,25,Fitness,283.43,2025-12-15 15:49:20.675065,37
82,6,Fashion,87.29,2026-02-02 15:49:20.675622,25
83,15,Technology,498.71,2026-02-15 15:49:20.676175,21
84,22,Gaming,103.91,2025-12-09 15:49:20.676586,28
85,18,Beauty,495.76,2025-12-04 15:49:20.677124,40
86,17,Fitness,328.37,2026-01-11 15:49:20.677492,13
87,5,Technology,324.64,2025-12-30 15:49:20.677799,45
88,9,Gaming,465.9,2026-02-20 15:49:20.678125,50
89,11,Gaming,328.63,2026-01-11 15:49:20.678550,50
90,27,Fitness,349.42,2026-01-07 15:49:20.678909,60
91,21,Home,26.11,2026-02-12 15:49:20.679415,29
92,5,Technology,418.88,2026-02-28 15:49:20.680022,31
93,15,Technology,496.14,2026-01-20 15:49:20.680518,57
94,23,Gaming,294.06,2026-02-06 15:49:20.680968,35
95,14,Beauty,23.79,2026-02-03 15:49:20.681301,23
96,6,Fashion,190.57,2025-12-12 15:49:20.681628,33
97,20,Sports,46.81,2026-02-25 15:49:20.681933,46
98,11,Gaming,53.3,2025-12-03 15:49:20.682362,43
99,3,Fitness,427.24,2026-01-10 15:49:20.682813,57
100,17,Fitness,491.98,2025-12-14 15:49:20.683300,50
101,24,Beauty,88.31,2026-02-12 15:49:20.683789,40
102,13,Sports,234.77,2026-02-24 15:49:20.684296,49
103,1,Technology,327.69,2025-12-10 15:49:20.684778,40
104,18,Beauty,322.38,2025-12-21 15:49:20.685266,10
105,26,Home,43.19,2026-01-09 15:49:20.685763,48
106,5,Technology,62.33,2026-01-08 15:49:20.686241,60
107,15,Technology,354.15,2026-02-19 15:49:20.686712,10
108,9,Gaming,129.52,2025-12-18 15:49:20.687199,17
109,27,Fitness,130.71,2026-01-16 15:49:20.687698,17
110,18,Beauty,137.6,2026-01-21 15:49:20.688285,12
111,16,Fashion,118.34,2026-01-05 15:49:20.688967,41
112,20,Sports,325.93,2025-12-09 15:49:20.689377,57
113,25,Fitness,448.83,2026-01-02 15:49:20.689906,27
114,24,Beauty,65.99,2026-02-09 15:49:20.690598,18
115,24,Beauty,137.78,2026-02-13 15:49:20.691159,17
116,17,Fitness,273.83,2026-02-24 15:49:20.691866,43
117,19,Beauty,275.03,2026-01-12 15:49:20.693615,60
118,11,Gaming,391.62,2026-03-01 15:49:20.694811,16
119,4,Sports,246.94,2026-02-13 15:49:20.696672,39
120,28,Gaming,396.05,2025-12-18 15:49:20.697518,59
121,7,Sports,305.89,2026-01-17 15:49:20.698197,28
122,3,Fitness,356.78,2026-01-02 15:49:20.698797,36
123,1,Technology,318.09,2026-01-05 15:49:20.699737,30
124,13,Sports,391.74,2025-12-29 15:49:20.700476,26
125,1,Technology,64.19,2025-12-21 15:49:20.701124,19
126,24,Beauty,125.79,2025-12-29 15:49:20.701759,39
127,10,Home,311.51,2026-01-11 15:49:20.702369,32
128,25,Fitness,417.52,2026-01-15 15:49:20.702924,28
129,7,Sports,488.42,2025-12-12 15:49:20.703518,32
130,4,Sports,413.67,2026-01-19 15:49:20.704102,18
131,25,Fitness,136.23,2026-01-02 15:49:20.704701,47
132,8,Beauty,93.71,2025-12-23 15:49:20.705566,16
133,17,Fitness,378.27,2026-02-26 15:49:20.706663,54
134,11,Gaming,21.08,2026-01-08 15:49:20.707361,46
135,12,Fitness,50.25,2025-12-18 15:49:20.707861,13
136,14,Beauty,399.51,2025-12-08 15:49:20.708274,57
137,2,Gaming,460.69,2025-12-11 15:49:20.708716,50
138,1,Technology,413.36,2026-02-11 15:49:20.710587,24
139,22,Gaming,26.07,2026-01-18 15:49:20.711851,52
140,14,Beauty,238.34,2026-01-21 15:49:20.712856,39
141,6,Fashion,11.81,2026-01-29 15:49:20.713579,45
142,14,Beauty,476.25,2025-12-13 15:49:20.714971,52
143,6,Fashion,463.59,2026-02-10 15:49:20.715964,29
144,2,Gaming,399.46,2026-02-21 15:49:20.717547,11
145,3,Fitness,481.62,2025-12-17 15:49:20.718732,30
146,10,Home,461.28,2025-12-25 15:49:20.719688,57
147,3,Fitness,354.12,2026-02-20 15:49:20.720219,18
148,30,Fitness,70.27,2026-02-20 15:49:20.720682,32
149,7,Sports,314.91,2026-02-12 15:49:20.721079,35
150,19,Beauty,290.2,2026-02-06 15:49:20.721467,15
151,9,Gaming,461.62,2026-02-03 15:49:20.722062,60
152,26,Home,224.11,2025-12-16 15:49:20.723060,37
153,3,Fitness,46.25,2026-01-06 15:49:20.723798,37
154,4,Sports,36.77,2025-12-14 15:49:20.724431,51
155,3,Fitness,30.56,2025-12-25 15:49:20.725003,43
156,6,Fashion,125.89,2026-01-16 15:49:20.725537,27
157,8,Beauty,451.78,2025-12-19 15:49:20.726260,43
158,30,Fitness,428.3,2026-02-09 15:49:20.726911,60
159,16,Fashion,397.16,2026-01-22 15:49:20.727616,45
160,20,Sports,180.94,2026-01-29 15:49:20.728223,36
161,9,Gaming,478.79,2025-12-02 15:49:20.728803,28
162,7,Sports,381.9,2026-01-27 15:49:20.729363,44
163,17,Fitness,97.65,2026-01-24 15:49:20.730015,17
164,3,Fitness,498.01,2025-12-23 15:49:20.730591,41
165,15,Technology,243.68,2026-02-16 15:49:20.731242,24
166,12,Fitness,159.96,2026-02-02 15:49:20.731869,19
167,21,Home,206.66,2025-12-26 15:49:20.732440,47
168,24,Beauty,209.14,2025-12-16 15:49:20.733093,52
169,28,Gaming,458.4,2026-01-20 15:49:20.733754,43
170,29,Sports,135.78,2026-02-15 15:49:20.734339,12
171,10,Home,352.47,2026-01-31 15:49:20.734846,32
172,22,Gaming,39.88,2025-12-19 15:49:20.735230,23
173,23,Gaming,476.02,2025-12-08 15:49:20.735651,24
174,5,Technology,292.21,2026-01-08 15:49:20.736115,49
175,5,Technology,448.08,2025-12-15 15:49:20.736493,20
176,18,Beauty,79.39,2026-02-13 15:49:20.736957,25
177,29,Sports,345.11,2026-01-05 15:49:20.737567,32
178,29,Sports,29.85,2026-01-13 15:49:20.738008,27
179,18,Beauty,231.73,2025-12-06 15:49:20.738538,30
180,28,Gaming,491.36,2025-12-17 15:49:20.739546,33
181,11,Gaming,34.48,2025-12-08 15:49:20.740159,51
182,25,Fitness,228.02,2026-02-09 15:49:20.740702,50
183,23,Gaming,33.04,2026-02-15 15:49:20.741284,16
184,22,Gaming,356.57,2026-02-02 15:49:20.741817,51
185,21,Home,299.24,2025-12-05 15:49:20.742416,10
186,6,Fashion,109.0,2026-02-15 15:49:20.743041,55
187,13,Sports,299.09,2025-12-02 15:49:20.743548,50
188,11,Gaming,231.94,2026-01-10 15:49:20.744074,54
189,10,Home,468.0,2026-02-14 15:49:20.744545,14
190,1,Technology,65.89,2026-01-16 15:49:20.745038,55
191,4,Sports,131.82,2026-01-28 15:49:20.745543,36
192,18,Beauty,495.6,2026-01-10 15:49:20.746017,59
193,30,Fitness,360.28,2026-02-23 15:49:20.746543,40
194,11,Gaming,371.3,2026-02-14 15:49:20.747076,30
195,3,Fitness,173.48,2026-02-13 15:49:20.747546,22
196,19,Beauty,24.87,2025-12-20 15:49:20.748023,30
197,10,Home,144.02,2026-01-15 15:49:20.748571,14
198,25,Fitness,486.92,2026-01-22 15:49:20.749093,52
199,19,Beauty,248.65,2025-12-26 15:49:20.749620,54
200,7,Sports,49.22,2025-12-26 15:49:20.750177,48
201,25,Fitness,425.19,2025-12-12 15:49:20.750706,24
202,27,Fitness,274.5,2026-02-08 15:49:20.751247,47
203,6,Fashion,64.03,2026-02-15 15:49:20.751817,27
204,8,Beauty,369.38,2026-02-06 15:49:20.752365,25
205,16,Fashion,392.64,2026-02-15 15:49:20.752937,53
206,27,Fitness,176.37,2026-01-03 15:49:20.753520,47
207,3,Fitness,90.25,2026-01-03 15:49:20.754069,51
208,20,Sports,107.61,2025-12-11 15:49:20.754585,10
209,15,Technology,408.61,2025-12-11 15:49:20.755633,42
210,20,Sports,362.46,2026-02-15 15:49:20.756389,52
211,2,Gaming,465.54,2026-01-15 15:49:20.757046,60
212,17,Fitness,325.6,2026-01-26 15:49:20.757746,52
213,28,Gaming,119.14,2026-02-25 15:49:20.758357,42
214,1,Technology,265.16,2026-01-01 15:49:20.759049,48
215,15,Technology,203.13,2025-12-30 15:49:20.759834,28
216,12,Fitness,201.97,2025-12-18 15:49:20.760662,50
217,17,Fitness,322.92,2026-01-09 15:49:20.761316,34
218,21,Home,172.94,2026-02-19 15:49:20.761998,49
219,2,Gaming,348.62,2025-12-30 15:49:20.762675,59
220,27,Fitness,217.7,2025-12-03 15:49:20.763326,43
221,18,Beauty,340.56,2026-02-02 15:49:20.764037,34
222,4,Sports,19.97,2026-01-26 15:49:20.764589,26
223,23,Gaming,447.19,2026-02-20 15:49:20.765207,23
224,14,Beauty,432.2,2025-12-03 15:49:20.765958,18
225,27,Fitness,59.53,2026-01-16 15:49:20.766591,19
226,27,Fitness,110.81,2026-01-29 15:49:20.767070,27
227,16,Fashion,352.67,2026-01-10 15:49:20.767759,42
228,10,Home,312.8,2026-01-31 15:49:20.768458,43
229,4,Sports,458.76,2026-02-24 15:49:20.769308,49
230,5,Technology,459.62,2026-01-08 15:49:20.769899,19
231,11,Gaming,164.15,2026-01-31 15:49:20.770390,30
232,4,Sports,294.85,2026-01-02 15:49:20.770884,25
233,4,Sports,65.68,2026-01-26 15:49:20.771350,18
234,15,Technology,160.27,2025-12-23 15:49:20.772224,22
235,27,Fitness,243.75,2025-12-13 15:49:20.772758,22
236,18,Beauty,494.97,2026-02-15 15:49:20.773337,29
237,1,Technology,496.77,2025-12-14 15:49:20.773916,37
238,18,Beauty,120.87,2026-01-30 15:49:20.774487,45
239,30,Fitness,123.64,2026-01-19 15:49:20.775054,23
240,24,Beauty,300.04,2025-12-21 15:49:20.775570,41
241,26,Home,212.26,2026-01-19 15:49:20.776114,27
242,4,Sports,301.39,2026-01-02 15:49:20.776612,43
243,26,Home,423.15,2025-12-04 15:49:20.777161,30
244,14,Beauty,413.78,2026-02-10 15:49:20.777659,49
245,12,Fitness,150.39,2026-01-17 15:49:20.778850,41
246,14,Beauty,208.69,2026-02-02 15:49:20.779830,39
247,23,Gaming,325.7,2026-01-08 15:49:20.780658,56
248,16,Fashion,55.07,2026-02-05 15:49:20.781618,26
249,2,Gaming,199.38,2026-01-01 15:49:20.782729,13
250,23,Gaming,245.81,2026-02-05 15:49:20.783640,48
251,28,Gaming,259.41,2025-12-29 15:49:20.784934,25
252,30,Fitness,179.42,2026-02-28 15:49:20.785515,53
253,27,Fitness,203.05,2026-01-19 15:49:20.786072,51
254,1,Technology,68.88,2026-02-03 15:49:20.786621,23
255,14,Beauty,339.44,2026-02-18 15:49:20.787099,57
256,22,Gaming,54.69,2026-01-30 15:49:20.787623,17
257,10,Home,338.41,2026-01-19 15:49:20.788084,56
258,8,Beauty,405.06,2026-02-12 15:49:20.788979,34
259,3,Fitness,171.17,2026-01-08 15:49:20.789624,51
260,23,Gaming,343.85,2026-02-12 15:49:20.790283,20
261,28,Gaming,344.72,2025-12-28 15:49:20.790765,13
262,1,Technology,458.67,2026-02-14 15:49:20.791395,60
263,13,Sports,75.71,2026-01-06 15:49:20.792789,47
264,19,Beauty,455.35,2025-12-04 15:49:20.793377,37
265,29,Sports,11.52,2026-02-01 15:49:20.793923,54
266,25,Fitness,286.2,2026-02-13 15:49:20.794428,23
267,17,Fitness,317.72,2026-02-03 15:49:20.794956,59
268,6,Fashion,78.82,2026-02-25 15:49:20.795488,47
269,22,Gaming,138.0,2026-01-13 15:49:20.795994,52
270,9,Gaming,383.99,2025-12-08 15:49:20.796494,42
271,21,Home,163.9,2026-02-03 15:49:20.796993,42
272,1,Technology,164.73,2026-01-27 15:49:20.797512,25
273,3,Fitness,431.09,2026-01-18 15:49:20.798021,57
274,30,Fitness,60.56,2025-12-09 15:49:20.798511,38
275,27,Fitness,145.72,2025-12-23 15:49:20.799022,39
276,1,Technology,317.01,2026-02-13 15:49:20.799535,24
277,9,Gaming,456.04,2026-01-02 15:49:20.800126,58
278,24,Beauty,43.95,2025-12-24 15:49:20.800756,21
279,16,Fashion,158.85,2026-01-15 15:49:20.801255,30
280,12,Fitness,273.77,2026-02-23 15:49:20.801830,15
281,2,Gaming,367.42,2026-01-25 15:49:20.802343,56
282,13,Sports,269.04,2026-02-13 15:49:20.802825,26
283,19,Beauty,499.2,2025-12-28 15:49:20.803329,26
284,4,Sports,160.78,2026-01-13 15:49:20.803834,24
285,12,Fitness,264.63,2026-01-25 15:49:20.804332,55
286,20,Sports,152.43,2026-01-11 15:49:20.804868,35
287,27,Fitness,206.25,2026-02-18 15:49:20.805653,42
288,23,Gaming,379.63,2025-12-02 15:49:20.806229,27
289,14,Beauty,338.0,2025-12-24 15:49:20.806741,30
290,17,Fitness,49.67,2026-02-05 15:49:20.807257,45
291,22,Gaming,55.77,2026-01-27 15:49:20.807811,48
292,24,Beauty,188.34,2025-12-10 15:49:20.808329,33
293,17,Fitness,354.93,2026-02-20 15:49:20.808913,36
294,9,Gaming,46.16,2025-12-20 15:49:20.809438,21
295,24,Beauty,188.88,2025-12-14 15:49:20.810009,36
296,3,Fitness,410.93,2026-02-09 15:49:20.810557,33
297,5,Technology,70.87,2025-12-23 15:49:20.811054,11
298,29,Sports,496.09,2026-02-09 15:49:20.811601,22
299,22,Gaming,58.88,2025-12-04 15:49:20.812118,10
300,11,Gaming,424.13,2026-02-09 15:49:20.812611,60
301,20,Sports,457.53,2026-01-09 15:49:20.813104,55
302,25,Fitness,117.58,2026-01-01 15:49:20.813609,60
303,23,Gaming,253.71,2026-02-20 15:49:20.814114,30
304,12,Fitness,81.1,2026-01-10 15:49:20.814654,41
305,28,Gaming,67.92,2026-02-26 15:49:20.815753,39
306,4,Sports,82.68,2025-12-31 15:49:20.816407,28
307,27,Fitness,369.41,2026-02-20 15:49:20.852045,35
308,11,Gaming,43.08,2026-03-01 15:49:20.852795,42
309,13,Sports,10.86,2026-01-01 15:49:20.853294,40
310,18,Beauty,333.01,2026-02-06 15:49:20.853781,57
311,25,Fitness,349.77,2026-01-09 15:49:20.854276,24
312,5,Technology,313.2,2026-02-12 15:49:20.854758,40
313,30,Fitness,298.51,2025-12-16 15:49:20.855565,40
314,24,Beauty,464.15,2026-01-31 15:49:20.856175,32
315,25,Fitness,250.28,2025-12-16 15:49:20.856690,34
316,30,Fitness,226.93,2026-01-31 15:49:20.857208,53
317,2,Gaming,171.27,2026-01-10 15:49:20.857718,15
318,10,Home,178.19,2025-12-08 15:49:20.858284,45
319,15,Technology,58.33,2026-01-31 15:49:20.858838,13
320,17,Fitness,392.57,2026-02-13 15:49:20.859349,10
321,26,Home,337.32,2026-02-10 15:49:20.859871,58
322,19,Beauty,128.99,2026-01-13 15:49:20.860372,43
323,28,Gaming,207.5,2026-02-13 15:49:20.860934,50
324,25,Fitness,38.26,2025-12-18 15:49:20.861546,37
325,2,Gaming,147.75,2026-01-18 15:49:20.862135,45
326,6,Fashion,97.77,2025-12-19 15:49:20.862672,27
327,13,Sports,391.56,2025-12-23 15:49:20.863201,21
328,26,Home,380.85,2025-12-08 15:49:20.863733,56
329,28,Gaming,179.57,2026-02-15 15:49:20.864279,19
330,1,Technology,61.53,2025-12-28 15:49:20.864830,14
331,1,Technology,342.94,2026-02-14 15:49:20.865348,25
332,10,Home,308.13,2026-02-28 15:49:20.865999,59
333,30,Fitness,100.95,2025-12-31 15:49:20.866550,45
334,12,Fitness,100.96,2026-01-24 15:49:20.867067,21
335,13,Sports,71.38,2025-12-13 15:49:20.867605,35
336,15,Technology,426.83,2026-01-20 15:49:20.868453,48
337,30,Fitness,67.2,2025-12-13 15:49:20.869021,19
338,2,Gaming,141.36,2026-01-27 15:49:20.869573,24
339,10,Home,370.3,2026-02-26 15:49:20.870109,47
340,3,Fitness,287.02,2025-12-08 15:49:20.870640,23
341,16,Fashion,201.37,2026-01-02 15:49:20.871185,47
342,24,Beauty,31.91,2026-01-07 15:49:20.885467,28
343,24,Beauty,258.63,2026-02-04 15:49:20.886075,20
344,15,Technology,323.34,2026-02-22 15:49:20.886569,18
345,3,Fitness,442.05,2025-12-15 15:49:20.887071,16
346,1,Technology,441.06,2026-01-22 15:49:20.887533,40
347,25,Fitness,166.32,2026-02-11 15:49:20.887996,23
348,9,Gaming,186.82,2025-12-28 15:49:20.888668,53
349,25,Fitness,149.36,2025-12-19 15:49:20.889257,17
350,10,Home,496.83,2026-02-09 15:49:20.889739,11
351,4,Sports,130.98,2025-12-27 15:49:20.890191,19
352,11,Gaming,59.75,2026-02-15 15:49:20.890662,39
353,27,Fitness,182.53,2026-01-21 15:49:20.891109,54
354,3,Fitness,185.75,2026-02-02 15:49:20.891493,50
355,16,Fashion,91.12,2026-01-02 15:49:20.891808,20
356,28,Gaming,85.7,2026-02-01 15:49:20.892366,53
357,3,Fitness,419.71,2026-02-13 15:49:20.893065,56
358,25,Fitness,492.12,2025-12-26 15:49:20.893532,17
359,14,Beauty,313.77,2026-02-11 15:49:20.893887,35
360,5,Technology,65.61,2025-12-02 15:49:20.894225,56
361,6,Fashion,236.36,2026-01-28 15:49:20.894607,56
362,22,Gaming,333.69,2026-01-10 15:49:20.894941,15
363,25,Fitness,116.32,2026-02-05 15:49:20.895460,32
364,20,Sports,320.77,2026-02-03 15:49:20.896347,37
365,10,Home,367.58,2026-02-14 15:49:20.896856,51
366,27,Fitness,479.59,2025-12-07 15:49:20.897370,26
367,8,Beauty,282.04,2026-02-08 15:49:20.897855,16
368,13,Sports,172.92,2026-01-20 15:49:20.898347,30
369,5,Technology,212.71,2026-01-10 15:49:20.898799,11
370,18,Beauty,323.76,2025-12-20 15:49:20.911718,51
371,4,Sports,281.49,2025-12-28 15:49:20.912635,21
372,26,Home,23.78,2025-12-25 15:49:20.913245,13
373,18,Beauty,54.29,2025-12-21 15:49:20.913725,53
374,1,Technology,72.43,2026-01-06 15:49:20.914294,56
375,9,Gaming,374.9,2026-02-14 15:49:20.914891,35
376,6,Fashion,131.71,2026-01-03 15:49:20.915474,17
377,27,Fitness,460.06,2026-01-15 15:49:20.916029,14
378,23,Gaming,450.86,2026-02-22 15:49:20.916630,28
379,23,Gaming,344.15,2026-01-02 15:49:20.917208,54
380,3,Fitness,220.53,2026-02-01 15:49:20.917770,25
381,12,Fitness,191.55,2025-12-26 15:49:20.918396,25
382,24,Beauty,300.09,2025-12-16 15:49:20.919035,19
383,28,Gaming,487.04,2026-02-20 15:49:20.919678,26
384,27,Fitness,95.82,2025-12-04 15:49:20.920296,54
385,18,Beauty,316.26,2025-12-27 15:49:20.920999,48
386,18,Beauty,219.46,2026-02-02 15:49:20.921488,55
387,18,Beauty,164.36,2026-02-02 15:49:20.922350,43
388,22,Gaming,137.37,2026-01-12 15:49:20.922902,46
389,28,Gaming,135.51,2025-12-26 15:49:20.923264,22
390,10,Home,290.91,2026-01-05 15:49:20.923586,13
391,11,Gaming,370.91,2026-01-09 15:49:20.923911,48
392,8,Beauty,281.79,2026-01-09 15:49:20.924270,58
393,13,Sports,99.55,2026-01-12 15:49:20.924574,49
394,18,Beauty,115.38,2025-12-17 15:49:20.924873,23
395,27,Fitness,34.55,2026-02-16 15:49:20.925203,16
396,30,Fitness,357.39,2025-12-17 15:49:20.925701,56
397,11,Gaming,341.82,2026-02-02 15:49:20.926199,36
398,25,Fitness,82.59,2026-01-30 15:49:20.926532,29
399,11,Gaming,279.61,2025-12-16 15:49:20.926836,37
400,1,Technology,492.75,2025-12-14 15:49:20.927146,13
401,8,Beauty,44.19,2026-02-16 15:49:20.927444,41
402,4,Sports,76.13,2025-12-23 15:49:20.927762,16
403,29,Sports,68.09,2026-01-30 15:49:20.928062,27
404,15,Technology,462.23,2025-12-03 15:49:20.928375,33
405,27,Fitness,305.24,2025-12-02 15:49:20.928673,53
406,10,Home,419.76,2025-12-27 15:49:20.928976,35
407,3,Fitness,462.32,2026-01-14 15:49:20.929297,37
408,4,Sports,476.73,2026-01-29 15:49:20.929655,17
409,1,Technology,322.83,2026-01-12 15:49:20.929949,23
410,16,Fashion,339.89,2026-01-27 15:49:20.930244,36
411,15,Technology,426.92,2026-01-24 15:49:20.930547,60
412,8,Beauty,272.45,2025-12-03 15:49:20.930844,59
413,12,Fitness,357.15,2026-02-18 15:49:20.931137,54
414,14,Beauty,469.11,2026-01-24 15:49:20.931433,60
415,7,Sports,86.82,2026-01-26 15:49:20.931733,33
416,3,Fitness,299.31,2026-01-18 15:49:20.932027,16
417,24,Beauty,124.61,2026-02-23 15:49:20.932323,27
418,16,Fashion,376.5,2025-12-30 15:49:20.932618,47
419,14,Beauty,433.06,2026-01-10 15:49:20.932953,18
420,18,Beauty,233.13,2026-01-27 15:49:20.933268,22
421,6,Fashion,389.02,2025-12-23 15:49:20.933591,37
422,13,Sports,180.53,2026-02-21 15:49:20.933895,51
423,27,Fitness,438.87,2025-12-09 15:49:20.934191,35
424,17,Fitness,475.57,2025-12-18 15:49:20.934495,39
425,6,Fashion,99.1,2026-01-20 15:49:20.934792,19
426,17,Fitness,481.36,2026-01-02 15:49:20.935088,31
427,5,Technology,414.98,2026-01-13 15:49:20.935397,50
428,3,Fitness,39.04,2026-02-05 15:49:20.935767,38
429,5,Technology,56.39,2026-02-26 15:49:20.936125,22
430,21,Home,352.2,2025-12-15 15:49:20.936457,53
431,12,Fitness,134.25,2026-02-05 15:49:20.936765,41
432,11,Gaming,362.53,2026-01-01 15:49:20.937213,26
433,13,Sports,462.21,2026-02-22 15:49:20.937630,10
434,6,Fashion,254.69,2025-12-13 15:49:20.938054,10
435,7,Sports,48.74,2026-01-20 15:49:20.938486,50
436,22,Gaming,284.21,2026-01-28 15:49:20.938909,41
437,16,Fashion,348.11,2026-02-22 15:49:20.939333,14
438,4,Sports,329.79,2026-01-06 15:49:20.939777,11
439,17,Fitness,29.79,2025-12-27 15:49:20.940213,45
440,21,Home,140.52,2025-12-18 15:49:20.940656,56
441,25,Fitness,124.65,2026-02-06 15:49:20.941093,12
442,20,Sports,207.2,2025-12-10 15:49:20.941531,43
443,1,Technology,271.34,2026-02-03 15:49:20.941972,26
444,21,Home,74.74,2026-02-06 15:49:20.942404,55
445,16,Fashion,80.68,2025-12-29 15:49:20.942844,20
446,16,Fashion,173.29,2026-02-09 15:49:20.943290,14
447,9,Gaming,229.17,2025-12-29 15:49:20.943738,38
448,1,Technology,439.76,2026-02-13 15:49:20.944175,16
449,18,Beauty,145.8,2026-02-07 15:49:20.944611,37
450,3,Fitness,242.25,2026-02-07 15:49:20.945045,48
451,25,Fitness,286.61,2026-02-08 15:49:20.945492,13
452,29,Sports,223.79,2025-12-27 15:49:20.945926,40
453,26,Home,431.5,2025-12-22 15:49:20.946364,28
454,9,Gaming,154.7,2025-12-09 15:49:20.946798,36
455,2,Gaming,68.92,2025-12-30 15:49:20.947235,56
456,26,Home,292.52,2026-02-07 15:49:20.947676,25
457,3,Fitness,334.71,2026-01-11 15:49:20.948119,27
458,22,Gaming,165.74,2026-02-02 15:49:20.948560,31
459,18,Beauty,333.81,2026-01-03 15:49:20.949007,49
460,22,Gaming,374.07,2025-12-06 15:49:20.949442,48
461,6,Fashion,434.49,2026-01-26 15:49:20.949881,45
462,7,Sports,88.65,2025-12-19 15:49:20.950315,10
463,10,Home,382.53,2025-12-12 15:49:20.950748,40
464,14,Beauty,464.45,2026-01-17 15:49:20.951177,54
465,20,Sports,375.2,2025-12-26 15:49:20.951610,33
466,28,Gaming,486.2,2026-02-20 15:49:20.952057,23
467,9,Gaming,66.66,2026-01-23 15:49:20.952513,51
468,30,Fitness,55.6,2026-02-10 15:49:20.952946,19
469,25,Fitness,318.61,2025-12-29 15:49:20.953395,30
470,2,Gaming,255.44,2026-02-03 15:49:20.953926,38
471,15,Technology,462.16,2026-01-10 15:49:20.954512,34
472,23,Gaming,22.67,2025-12-01 15:49:20.955040,23
473,16,Fashion,463.14,2026-01-17 15:49:20.955624,24
474,24,Beauty,142.58,2026-01-29 15:49:20.956129,15
475,14,Beauty,431.51,2025-12-08 15:49:20.956685,21
476,29,Sports,458.44,2026-02-27 15:49:20.957207,36
477,8,Beauty,143.9,2026-02-13 15:49:20.957729,35
478,12,Fitness,114.9,2026-02-10 15:49:20.958283,32
479,25,Fitness,230.92,2026-02-03 15:49:20.958791,49
480,14,Beauty,363.17,2025-12-30 15:49:20.959347,58
481,19,Beauty,350.62,2026-02-18 15:49:20.959970,14
482,19,Beauty,11.01,2025-12-05 15:49:20.960475,10
483,14,Beauty,72.49,2025-12-13 15:49:20.961021,15
484,16,Fashion,89.0,2026-01-12 15:49:20.961535,60
485,29,Sports,418.76,2025-12-12 15:49:20.962046,26
486,2,Gaming,448.08,2026-03-01 15:49:20.962573,56
487,4,Sports,440.72,2026-02-22 15:49:20.963124,31
488,9,Gaming,296.54,2026-02-20 15:49:20.963628,25
489,13,Sports,228.47,2025-12-14 15:49:20.964155,46
490,29,Sports,235.17,2025-12-03 15:49:20.964574,49
491,6,Fashion,477.46,2025-12-30 15:49:20.965044,55
492,15,Technology,497.14,2026-01-13 15:49:20.965521,11
493,10,Home,452.23,2025-12-14 15:49:20.966045,39
494,18,Beauty,124.39,2026-01-26 15:49:20.966553,56
495,14,Beauty,216.56,2025-12-22 15:49:20.967043,23
496,4,Sports,128.65,2026-02-07 15:49:20.967538,25
497,9,Gaming,455.21,2026-01-15 15:49:20.968029,17
498,4,Sports,125.72,2026-02-24 15:49:20.968528,34
499,5,Technology,83.17,2026-02-23 15:49:20.969040,54
500,16,Fashion,274.65,2025-12-26 15:49:20.969520,40
501,26,Home,64.77,2025-12-27 15:49:20.969859,37
502,24,Beauty,391.51,2026-01-12 15:49:20.970152,38
503,1,Technology,376.42,2025-12-20 15:49:20.970460,17
504,28,Gaming,49.28,2026-01-31 15:49:20.970755,17
505,19,Beauty,417.51,2025-12-18 15:49:20.971048,52
506,19,Beauty,317.95,2025-12-03 15:49:20.971343,10
507,13,Sports,112.29,2026-01-16 15:49:20.971655,45
508,9,Gaming,270.73,2026-02-07 15:49:20.971960,39
509,7,Sports,77.41,2025-12-05 15:49:20.972249,59
510,11,Gaming,287.96,2026-01-30 15:49:20.972542,14
511,18,Beauty,214.5,2025-12-05 15:49:20.972833,19
512,4,Sports,339.19,2026-01-23 15:49:20.973123,31
513,10,Home,389.75,2026-01-12 15:49:20.973412,32
514,21,Home,366.32,2026-02-17 15:49:20.973699,47
515,24,Beauty,246.5,2025-12-01 15:49:20.974008,26
516,22,Gaming,84.82,2026-01-20 15:49:20.974312,56
517,25,Fitness,93.49,2025-12-06 15:49:20.974600,60
518,2,Gaming,478.9,2025-12-13 15:49:20.974892,41
519,21,Home,240.2,2026-02-16 15:49:20.975182,46
520,12,Fitness,473.08,2026-02-01 15:49:20.975473,35
521,13,Sports,245.19,2026-01-06 15:49:20.975763,10
522,27,Fitness,196.48,2025-12-03 15:49:20.976064,28
523,3,Fitness,89.72,2026-02-27 15:49:20.976356,39
524,16,Fashion,195.94,2026-01-18 15:49:20.976648,24
525,4,Sports,198.14,2025-12-03 15:49:20.976938,12
526,19,Beauty,146.97,2026-01-10 15:49:20.977259,15
527,15,Technology,338.45,2026-01-25 15:49:20.977547,26
528,29,Sports,164.4,2026-01-13 15:49:20.977866,30
529,13,Sports,238.54,2026-01-16 15:49:20.978156,39
530,20,Sports,250.25,2026-02-06 15:49:20.978445,13
531,25,Fitness,171.94,2026-02-10 15:49:20.978735,15
532,19,Beauty,407.55,2026-01-01 15:49:20.979026,58
533,16,Fashion,56.55,2026-01-22 15:49:20.979315,37
534,19,Beauty,344.55,2025-12-17 15:49:20.979602,36
535,3,Fitness,209.59,2025-12-24 15:49:20.979892,48
536,11,Gaming,100.07,2026-01-14 15:49:20.980181,12
537,22,Gaming,490.27,2026-02-11 15:49:20.980470,19
538,23,Gaming,337.73,2025-12-11 15:49:20.980759,42
539,19,Beauty,114.43,2026-01-05 15:49:20.981048,44
540,8,Beauty,209.37,2026-01-05 15:49:20.981358,25
541,20,Sports,184.68,2025-12-16 15:49:20.981661,17
542,5,Technology,106.67,2026-01-01 15:49:20.981952,19
543,11,Gaming,340.82,2026-02-06 15:49:20.982241,56
544,28,Gaming,202.48,2026-01-20 15:49:20.982536,58
545,25,Fitness,457.46,2026-02-19 15:49:20.982826,34
546,27,Fitness,305.26,2026-02-22 15:49:20.983394,48
547,30,Fitness,30.1,2026-01-01 15:49:20.983784,36
548,28,Gaming,343.69,2026-01-09 15:49:20.984131,21
549,27,Fitness,266.0,2025-12-24 15:49:20.984435,21
550,29,Sports,235.04,2026-02-16 15:49:20.984736,55
551,5,Technology,487.29,2026-02-01 15:49:20.985047,30
552,3,Fitness,466.71,2025-12-12 15:49:20.985377,16
553,8,Beauty,222.76,2026-02-14 15:49:20.985673,43
554,21,Home,105.45,2026-01-15 15:49:20.985967,51
555,18,Beauty,180.67,2026-01-11 15:49:20.986277,54
556,16,Fashion,180.38,2026-02-27 15:49:20.986572,56
557,13,Sports,311.97,2026-02-19 15:49:20.986893,16
558,14,Beauty,248.42,2026-02-22 15:49:20.987198,59
559,10,Home,84.9,2025-12-22 15:49:20.987516,18
560,24,Beauty,497.38,2026-01-16 15:49:20.987806,58
561,25,Fitness,354.07,2026-01-20 15:49:20.988112,22
562,3,Fitness,191.71,2026-02-25 15:49:20.988408,43
563,10,Home,23.55,2026-03-01 15:49:20.988698,17
564,14,Beauty,99.09,2026-01-04 15:49:20.989002,14
565,7,Sports,31.94,2025-12-19 15:49:20.989305,42
566,17,Fitness,321.56,2026-02-28 15:49:20.989600,16
567,12,Fitness,404.11,2026-01-27 15:49:20.989891,11
568,9,Gaming,466.93,2026-01-13 15:49:20.990200,30
569,27,Fitness,210.33,2026-01-08 15:49:20.990494,57
570,21,Home,423.16,2025-12-22 15:49:20.990786,42
571,9,Gaming,293.53,2025-12-05 15:49:20.991132,37
572,25,Fitness,253.38,2026-01-17 15:49:20.991426,20
573,25,Fitness,483.08,2025-12-26 15:49:20.991719,28
574,25,Fitness,433.07,2026-02-14 15:49:20.992024,49
575,19,Beauty,414.9,2025-12-19 15:49:20.992321,35
576,26,Home,128.61,2026-01-13 15:49:20.992615,52
577,20,Sports,235.9,2026-01-19 15:49:20.992908,40
578,18,Beauty,322.61,2026-01-07 15:49:20.993261,54
579,14,Beauty,76.38,2026-02-22 15:49:20.993568,44
580,25,Fitness,230.24,2026-03-01 15:49:20.993858,26
581,26,Home,202.9,2026-01-19 15:49:20.994164,55
582,5,Technology,205.46,2026-01-26 15:49:20.994456,53
583,16,Fashion,492.35,2026-01-22 15:49:20.994747,50
584,24,Beauty,26.95,2026-02-10 15:49:20.995089,21
585,16,Fashion,68.16,2026-01-09 15:49:20.995381,10
586,21,Home,398.23,2026-02-15 15:49:20.995671,47
587,3,Fitness,492.24,2026-01-25 15:49:20.995962,47
588,16,Fashion,339.01,2025-12-05 15:49:20.996269,15
589,2,Gaming,168.08,2026-01-18 15:49:20.996588,59
590,24,Beauty,121.32,2026-01-28 15:49:20.996877,55
591,28,Gaming,37.17,2025-12-26 15:49:20.997213,16
592,25,Fitness,322.43,2025-12-25 15:49:20.997508,19
593,1,Technology,79.65,2026-02-26 15:49:20.997802,30
594,1,Technology,16.53,2026-02-25 15:49:20.998285,18
595,15,Technology,389.32,2026-01-02 15:49:20.998600,16
596,20,Sports,285.4,2026-02-16 15:49:20.998890,41
597,28,Gaming,454.29,2026-01-16 15:49:20.999196,32
598,13,Sports,394.5,2025-12-07 15:49:20.999487,16
599,3,Fitness,433.34,2025-12-17 15:49:20.999776,13
600,3,Fitness,63.12,2026-02-05 15:49:21.000082,36
601,26,Home,322.12,2026-02-18 15:49:21.000373,44
602,16,Fashion,159.44,2025-12-05 15:49:21.000682,30
603,12,Fitness,20.98,2026-01-11 15:49:21.001000,10
604,14,Beauty,122.81,2026-01-25 15:49:21.001298,42
605,4,Sports,134.81,2026-01-28 15:49:21.001591,59
606,14,Beauty,154.41,2025-12-01 15:49:21.001881,20
607,3,Fitness,374.58,2026-02-22 15:49:21.002189,26
608,15,Technology,144.15,2026-02-23 15:49:21.002483,57
609,24,Beauty,233.14,2025-12-15 15:49:21.002786,26
610,14,Beauty,18.84,2026-02-19 15:49:21.003109,49
611,17,Fitness,264.52,2026-02-20 15:49:21.003415,36
612,12,Fitness,152.21,2026-02-16 15:49:21.003697,12
613,15,Technology,253.31,2025-12-24 15:49:21.003980,42
614,25,Fitness,498.85,2026-01-21 15:49:21.004313,29
615,19,Beauty,312.64,2025-12-21 15:49:21.004597,46
616,22,Gaming,417.9,2026-02-07 15:49:21.004879,50
617,6,Fashion,195.98,2025-12-04 15:49:21.005181,47
618,19,Beauty,163.62,2026-01-01 15:49:21.005463,14
619,8,Beauty,279.28,2025-12-03 15:49:21.005746,33
620,4,Sports,293.07,2025-12-26 15:49:21.006054,49
621,29,Sports,446.75,2026-02-21 15:49:21.006351,29
622,26,Home,275.9,2025-12-08 15:49:21.006639,57
623,1,Technology,360.04,2025-12-14 15:49:21.006954,44
624,6,Fashion,118.42,2025-12-27 15:49:21.007254,28
625,28,Gaming,44.67,2026-02-25 15:49:21.007537,14
626,24,Beauty,53.15,2025-12-30 15:49:21.007822,52
627,18,Beauty,59.96,2026-01-29 15:49:21.008120,52
628,7,Sports,145.84,2025-12-17 15:49:21.008408,50
629,6,Fashion,368.82,2026-02-12 15:49:21.008693,58
630,26,Home,248.62,2026-01-05 15:49:21.008976,25
631,11,Gaming,260.76,2026-01-12 15:49:21.009278,28
632,15,Technology,29.19,2025-12-17 15:49:21.009563,39
633,19,Beauty,87.61,2026-02-14 15:49:21.009844,10
634,19,Beauty,102.66,2026-01-13 15:49:21.010157,23
635,16,Fashion,453.39,2025-12-06 15:49:21.010455,20
636,20,Sports,76.65,2026-01-07 15:49:21.010739,23
637,3,Fitness,110.12,2026-01-04 15:49:21.011037,10
638,29,Sports,384.41,2025-12-12 15:49:21.011324,58
639,30,Fitness,185.34,2026-02-26 15:49:21.011606,46
640,29,Sports,178.31,2026-01-18 15:49:21.011886,45
641,23,Gaming,393.27,2025-12-09 15:49:21.012186,49
642,20,Sports,182.61,2025-12-08 15:49:21.012539,34
643,2,Gaming,476.47,2026-01-14 15:49:21.012851,17
644,23,Gaming,419.7,2025-12-30 15:49:21.013147,39
645,21,Home,266.18,2026-01-05 15:49:21.013428,30
646,3,Fitness,276.19,2025-12-21 15:49:21.013708,55
647,16,Fashion,66.34,2025-12-28 15:49:21.013989,30
648,5,Technology,64.35,2026-01-17 15:49:21.014395,19
649,25,Fitness,417.47,2026-02-22 15:49:21.014678,29
650,20,Sports,298.79,2026-02-11 15:49:21.014965,24
651,10,Home,194.14,2025-12-05 15:49:21.015376,25
652,8,Beauty,140.42,2025-12-01 15:49:21.015664,42
653,10,Home,474.12,2026-01-17 15:49:21.015977,15
654,19,Beauty,233.22,2026-02-17 15:49:21.016261,43
655,7,Sports,197.35,2026-02-07 15:49:21.016573,56
656,6,Fashion,362.0,2025-12-15 15:49:21.016854,35
657,30,Fitness,274.35,2026-02-01 15:49:21.017138,51
658,30,Fitness,93.38,2026-01-03 15:49:21.017420,50
659,16,Fashion,272.25,2026-02-27 15:49:21.017700,20
660,16,Fashion,219.17,2026-02-13 15:49:21.017982,37
661,4,Sports,449.8,2026-02-25 15:49:21.018265,54
662,17,Fitness,184.55,2026-01-05 15:49:21.018563,45
663,18,Beauty,53.42,2026-02-25 15:49:21.018845,44
664,1,Technology,13.15,2026-02-15 15:49:21.019128,23
665,11,Gaming,308.06,2025-12-04 15:49:21.019410,28
666,17,Fitness,235.35,2026-01-23 15:49:21.019697,58
667,19,Beauty,486.08,2025-12-22 15:49:21.019995,44
668,15,Technology,256.85,2025-12-23 15:49:21.020294,50
669,19,Beauty,335.61,2026-01-15 15:49:21.020577,23
670,15,Technology,128.48,2026-03-01 15:49:21.020859,59
671,4,Sports,387.44,2025-12-03 15:49:21.021140,44
672,25,Fitness,400.93,2026-02-20 15:49:21.021425,19
673,23,Gaming,203.73,2025-12-14 15:49:21.021708,28
674,20,Sports,241.15,2026-01-17 15:49:21.021992,35
675,1,Technology,229.98,2026-02-11 15:49:21.022285,27
676,6,Fashion,212.22,2025-12-08 15:49:21.022617,23
677,3,Fitness,151.15,2025-12-08 15:49:21.022897,45
678,6,Fashion,131.36,2026-02-26 15:49:21.023178,28
679,7,Sports,419.59,2026-02-23 15:49:21.023461,49
680,10,Home,249.6,2025-12-12 15:49:21.023747,15
681,27,Fitness,11.85,2026-01-22 15:49:21.024035,40
682,26,Home,246.44,2025-12-20 15:49:21.024317,59
683,12,Fitness,498.6,2025-12-26 15:49:21.024597,58
684,14,Beauty,84.49,2026-02-21 15:49:21.024878,13
685,4,Sports,181.31,2026-01-23 15:49:21.025158,55
686,25,Fitness,222.91,2026-01-16 15:49:21.025471,46
687,14,Beauty,187.5,2025-12-25 15:49:21.025752,26
688,11,Gaming,210.43,2026-01-08 15:49:21.026064,53
689,9,Gaming,191.17,2025-12-10 15:49:21.026345,17
690,13,Sports,91.79,2025-12-23 15:49:21.026630,13
691,16,Fashion,45.19,2025-12-09 15:49:21.026915,55
692,17,Fitness,109.99,2025-12-11 15:49:21.027198,46
693,11,Gaming,395.24,2026-02-20 15:49:21.027478,54
694,15,Technology,145.33,2026-02-09 15:49:21.027762,40
695,14,Beauty,18.67,2026-01-08 15:49:21.028043,59
696,4,Sports,366.65,2025-12-21 15:49:21.028324,31
697,16,Fashion,32.32,2026-01-03 15:49:21.028605,46
698,17,Fitness,464.76,2025-12-20 15:49:21.028885,20
699,13,Sports,221.25,2026-02-08 15:49:21.029167,14
700,8,Beauty,121.78,2025-12-31 15:49:21.029467,27
701,17,Fitness,230.36,2026-01-12 15:49:21.029770,49
702,5,Technology,33.74,2026-01-18 15:49:21.030051,51
703,6,Fashion,447.09,2026-03-01 15:49:21.030331,26
704,27,Fitness,304.88,2026-02-11 15:49:21.030612,60
705,24,Beauty,121.41,2025-12-02 15:49:21.031119,58
706,29,Sports,434.05,2025-12-28 15:49:21.031432,37
707,11,Gaming,72.78,2026-02-01 15:49:21.031758,11
708,26,Home,42.63,2025-12-01 15:49:21.032148,41
709,28,Gaming,287.68,2026-01-16 15:49:21.032462,58
710,12,Fitness,225.81,2025-12-22 15:49:21.032747,43
711,2,Gaming,270.31,2026-02-19 15:49:21.033028,13
712,15,Technology,265.92,2025-12-23 15:49:21.033309,51
713,20,Sports,360.31,2026-01-25 15:49:21.033591,19
714,16,Fashion,403.96,2026-01-16 15:49:21.033879,25
715,25,Fitness,275.0,2025-12-08 15:49:21.034162,37
716,18,Beauty,385.78,2026-02-13 15:49:21.034441,46
717,13,Sports,267.86,2025-12-15 15:49:21.034726,18
718,29,Sports,136.83,2025-12-12 15:49:21.035023,24
719,22,Gaming,175.27,2026-02-25 15:49:21.035328,36
720,20,Sports,115.51,2026-02-21 15:49:21.035645,22
721,19,Beauty,200.3,2026-01-16 15:49:21.035950,22
722,4,Sports,324.97,2026-01-23 15:49:21.036223,30
723,3,Fitness,454.91,2026-01-16 15:49:21.036497,37
724,13,Sports,304.36,2025-12-16 15:49:21.036771,25
725,29,Sports,412.59,2026-01-12 15:49:21.037044,31
726,5,Technology,140.74,2026-01-06 15:49:21.037354,24
727,16,Fashion,153.55,2025-12-24 15:49:21.037629,60
728,2,Gaming,179.35,2025-12-26 15:49:21.037901,40
729,30,Fitness,222.43,2026-02-28 15:49:21.038177,41
730,25,Fitness,266.11,2026-02-15 15:49:21.038453,33
731,23,Gaming,188.06,2026-01-12 15:49:21.038730,58
732,17,Fitness,199.46,2026-01-25 15:49:21.039008,30
733,24,Beauty,343.38,2025-12-08 15:49:21.039322,57
734,16,Fashion,275.48,2026-01-03 15:49:21.039627,30
735,12,Fitness,194.3,2026-01-13 15:49:21.039902,37
736,23,Gaming,400.94,2026-01-08 15:49:21.040177,31
737,12,Fitness,57.9,2026-02-01 15:49:21.040451,10
738,16,Fashion,242.9,2026-02-19 15:49:21.040726,36
739,25,Fitness,16.85,2026-01-05 15:49:21.041000,19
740,22,Gaming,437.48,2026-01-27 15:49:21.041280,19
741,19,Beauty,386.56,2026-01-20 15:49:21.041636,27
742,30,Fitness,213.38,2025-12-25 15:49:21.041951,40
743,2,Gaming,442.75,2026-01-01 15:49:21.042229,60
744,18,Beauty,268.46,2025-12-01 15:49:21.042505,18
745,18,Beauty,294.86,2026-02-09 15:49:21.042781,36
746,21,Home,188.12,2026-02-23 15:49:21.043056,35
747,2,Gaming,343.13,2025-12-01 15:49:21.043331,32
748,22,Gaming,226.51,2026-02-15 15:49:21.043608,57
749,13,Sports,331.34,2026-01-10 15:49:21.043883,32
750,12,Fitness,412.06,2025-12-17 15:49:21.044158,29
751,18,Beauty,125.82,2026-02-02 15:49:21.044433,13
752,9,Gaming,80.5,2026-01-27 15:49:21.044775,55
753,9,Gaming,64.18,2026-01-17 15:49:21.045051,28
754,20,Sports,266.65,2026-03-01 15:49:21.045362,49
755,9,Gaming,89.12,2025-12-11 15:49:21.045668,27
756,17,Fitness,236.69,2026-01-29 15:49:21.045943,11
757,3,Fitness,180.09,2025-12-22 15:49:21.046219,28
758,10,Home,46.31,2026-02-23 15:49:21.046859,52
759,19,Beauty,293.16,2026-02-19 15:49:21.047166,54
760,5,Technology,465.06,2025-12-17 15:49:21.047441,53
761,11,Gaming,476.95,2026-01-13 15:49:21.047716,17
762,24,Beauty,454.37,2026-02-10 15:49:21.047998,33
763,28,Gaming,482.66,2026-01-06 15:49:21.048271,43
764,27,Fitness,431.79,2025-12-31 15:49:21.048545,55
765,9,Gaming,429.71,2026-01-12 15:49:21.048841,43
766,26,Home,253.79,2026-01-07 15:49:21.049168,35
767,20,Sports,334.5,2026-01-19 15:49:21.049442,35
768,27,Fitness,154.32,2025-12-06 15:49:21.049728,11
769,9,Gaming,489.38,2026-01-02 15:49:21.050004,53
770,14,Beauty,141.3,2025-12-05 15:49:21.050285,45
771,7,Sports,490.9,2026-02-17 15:49:21.050562,34
772,5,Technology,323.87,2026-01-31 15:49:21.050836,35
773,24,Beauty,470.66,2026-01-16 15:49:21.051154,28
774,19,Beauty,221.58,2026-01-11 15:49:21.051516,53
775,26,Home,300.73,2026-01-06 15:49:21.051792,15
776,4,Sports,391.19,2026-01-03 15:49:21.052069,24
777,12,Fitness,59.12,2026-02-11 15:49:21.052344,59
778,11,Gaming,244.05,2026-02-21 15:49:21.052619,38
779,3,Fitness,449.51,2026-02-07 15:49:21.052898,48
780,28,Gaming,224.49,2026-01-12 15:49:21.053173,51
781,1,Technology,199.97,2025-12-19 15:49:21.053482,45
782,22,Gaming,465.29,2026-02-08 15:49:21.053757,31
783,4,Sports,116.27,2026-01-15 15:49:21.054031,51
784,20,Sports,280.28,2026-02-22 15:49:21.054340,40
785,29,Sports,21.46,2026-02-05 15:49:21.054645,49
786,4,Sports,105.68,2025-12-03 15:49:21.054939,27
787,27,Fitness,245.11,2025-12-06 15:49:21.055260,20
788,24,Beauty,263.07,2026-01-31 15:49:21.055535,18
789,21,Home,54.42,2025-12-27 15:49:21.055811,36
790,22,Gaming,109.79,2025-12-26 15:49:21.056086,24
791,29,Sports,284.96,2025-12-22 15:49:21.056360,30
792,11,Gaming,423.71,2026-02-06 15:49:21.056635,29
793,10,Home,165.8,2026-02-19 15:49:21.056914,34
794,20,Sports,392.32,2026-01-01 15:49:21.057198,13
795,13,Sports,144.87,2026-01-26 15:49:21.057472,24
796,1,Technology,11.34,2026-01-01 15:49:21.057746,26
797,11,Gaming,189.26,2025-12-15 15:49:21.058021,28
798,19,Beauty,335.69,2025-12-05 15:49:21.058302,48
799,7,Sports,152.24,2026-01-07 15:49:21.058616,57
800,8,Beauty,494.3,2026-02-02 15:49:21.058926,12
801,7,Sports,408.74,2025-12-27 15:49:21.059207,59
802,11,Gaming,215.31,2026-01-26 15:49:21.059486,39
803,12,Fitness,426.46,2025-12-17 15:49:21.059763,15
804,6,Fashion,84.06,2026-01-18 15:49:21.060039,28
805,8,Beauty,192.78,2026-02-24 15:49:21.060314,60
806,25,Fitness,185.58,2025-12-15 15:49:21.060589,11
807,30,Fitness,89.22,2025-12-09 15:49:21.060902,13
808,1,Technology,382.24,2026-02-07 15:49:21.061252,34
809,21,Home,202.58,2025-12-04 15:49:21.061530,56
810,2,Gaming,167.36,2026-01-25 15:49:21.061804,11
811,2,Gaming,495.86,2026-01-03 15:49:21.062295,37
812,24,Beauty,192.96,2025-12-19 15:49:21.062601,55
813,12,Fitness,434.5,2026-01-25 15:49:21.062906,25
814,19,Beauty,350.13,2026-02-23 15:49:21.063212,53
815,30,Fitness,163.79,2026-03-01 15:49:21.063518,56
816,6,Fashion,144.94,2026-02-15 15:49:21.063822,24
817,19,Beauty,128.95,2025-12-05 15:49:21.064192,10
818,13,Sports,203.55,2026-02-27 15:49:21.064483,52
819,11,Gaming,193.93,2026-01-21 15:49:21.064828,28
820,17,Fitness,17.21,2026-02-10 15:49:21.065103,18
821,30,Fitness,328.08,2026-01-25 15:49:21.065380,55
822,1,Technology,16.36,2026-01-25 15:49:21.065643,28
823,9,Gaming,435.19,2026-02-16 15:49:21.065903,60
824,17,Fitness,284.92,2026-02-17 15:49:21.066164,42
825,12,Fitness,142.23,2025-12-06 15:49:21.066425,50
826,15,Technology,200.34,2026-01-09 15:49:21.066687,33
827,15,Technology,249.17,2026-01-15 15:49:21.066952,54
828,2,Gaming,462.9,2026-01-10 15:49:21.067236,12
829,24,Beauty,23.56,2026-02-07 15:49:21.067536,26
830,8,Beauty,75.36,2025-12-08 15:49:21.067800,18
831,18,Beauty,493.73,2025-12-12 15:49:21.068062,58
832,6,Fashion,89.84,2026-02-26 15:49:21.068380,58
833,15,Technology,239.84,2025-12-03 15:49:21.068654,41
834,27,Fitness,434.81,2025-12-13 15:49:21.068914,31
835,28,Gaming,37.84,2025-12-04 15:49:21.069174,19
836,17,Fitness,30.74,2025-12-06 15:49:21.069433,30
837,29,Sports,459.36,2026-01-12 15:49:21.069699,22
838,5,Technology,499.31,2025-12-24 15:49:21.069959,22
839,12,Fitness,369.21,2026-01-09 15:49:21.070217,58
840,26,Home,428.64,2026-01-07 15:49:21.070515,60
841,11,Gaming,329.72,2026-02-14 15:49:21.070874,43
842,2,Gaming,243.03,2026-01-08 15:49:21.071133,47
843,1,Technology,448.39,2025-12-16 15:49:21.071393,55
844,28,Gaming,25.29,2025-12-14 15:49:21.071656,35
845,4,Sports,250.39,2025-12-01 15:49:21.071916,15
846,14,Beauty,481.24,2025-12-29 15:49:21.072175,24
847,5,Technology,397.81,2026-01-10 15:49:21.072434,26
848,18,Beauty,315.41,2025-12-23 15:49:21.072693,34
849,3,Fitness,123.71,2026-02-03 15:49:21.072953,53
850,28,Gaming,348.57,2025-12-31 15:49:21.073213,55
851,2,Gaming,263.62,2026-02-10 15:49:21.073473,46
852,13,Sports,175.39,2026-01-29 15:49:21.073791,27
853,24,Beauty,34.73,2026-01-23 15:49:21.074052,22
854,22,Gaming,294.94,2026-01-13 15:49:21.074368,26
855,25,Fitness,46.79,2026-01-15 15:49:21.074632,52
856,20,Sports,198.69,2025-12-14 15:49:21.074893,15
857,9,Gaming,211.64,2026-01-19 15:49:21.075161,35
858,11,Gaming,277.39,2025-12-15 15:49:21.075421,35
859,1,Technology,229.86,2026-02-01 15:49:21.075681,34
860,7,Sports,278.45,2026-01-30 15:49:21.075941,39
861,26,Home,96.79,2025-12-12 15:49:21.076204,20
862,29,Sports,322.45,2025-12-27 15:49:21.076469,43
863,11,Gaming,450.16,2026-01-13 15:49:21.076729,57
864,10,Home,499.27,2026-02-06 15:49:21.076988,50
865,7,Sports,432.25,2026-01-23 15:49:21.077246,33
866,5,Technology,82.27,2026-02-05 15:49:21.077504,46
867,1,Technology,266.74,2026-01-15 15:49:21.077850,26
868,15,Technology,201.61,2026-02-15 15:49:21.078132,44
869,8,Beauty,475.19,2025-12-20 15:49:21.078394,26
870,9,Gaming,479.96,2025-12-07 15:49:21.078657,57
871,19,Beauty,220.35,2026-01-19 15:49:21.078920,59
872,30,Fitness,326.54,2026-01-22 15:49:21.079182,14
873,19,Beauty,479.4,2026-02-25 15:49:21.079442,49
874,23,Gaming,462.76,2026-02-25 15:49:21.079704,14
875,22,Gaming,139.03,2025-12-28 15:49:21.079966,41
876,16,Fashion,327.45,2026-01-30 15:49:21.080351,16
877,25,Fitness,226.13,2026-01-02 15:49:21.080633,38
878,4,Sports,439.78,2026-02-02 15:49:21.080896,28
879,9,Gaming,64.13,2026-02-10 15:49:21.081160,57
880,19,Beauty,122.98,2025-12-12 15:49:21.081421,50
881,28,Gaming,491.1,2026-01-22 15:49:21.081683,11
882,7,Sports,389.86,2025-12-05 15:49:21.081945,36
883,11,Gaming,104.84,2026-01-16 15:49:21.082204,35
884,16,Fashion,169.83,2025-12-22 15:49:21.082470,29
885,26,Home,427.98,2025-12-16 15:49:21.082730,23
886,26,Home,455.78,2026-01-22 15:49:21.082991,28
887,16,Fashion,289.95,2026-01-29 15:49:21.083292,25
888,24,Beauty,26.96,2026-02-26 15:49:21.083566,11
889,21,Home,108.89,2025-12-17 15:49:21.083845,37
890,5,Technology,434.5,2025-12-18 15:49:21.084142,20
891,18,Beauty,328.41,2026-02-08 15:49:21.084405,17
892,17,Fitness,483.5,2026-01-29 15:49:21.084665,13
893,21,Home,317.88,2026-02-10 15:49:21.084925,27
894,13,Sports,228.99,2026-01-03 15:49:21.085222,25
895,18,Beauty,331.37,2026-02-07 15:49:21.085486,16
896,1,Technology,410.78,2025-12-19 15:49:21.085752,51
897,28,Gaming,139.8,2026-02-16 15:49:21.086013,35
898,9,Gaming,294.56,2026-01-26 15:49:21.086273,56
899,17,Fitness,18.81,2026-02-17 15:49:21.086533,35
900,25,Fitness,134.69,2026-01-26 15:49:21.086797,60
901,14,Beauty,53.23,2026-02-23 15:49:21.087057,40
902,28,Gaming,391.38,2026-03-01 15:49:21.087318,47
903,8,Beauty,279.21,2026-02-10 15:49:21.087623,32
904,12,Fitness,41.35,2025-12-27 15:49:21.087915,59
905,8,Beauty,54.67,2026-02-07 15:49:21.088177,21
906,11,Gaming,24.49,2026-02-19 15:49:21.088438,30
907,8,Beauty,61.01,2026-01-15 15:49:21.088699,44
908,21,Home,441.09,2025-12-05 15:49:21.088959,56
909,17,Fitness,78.79,2026-01-16 15:49:21.089220,33
910,6,Fashion,421.66,2026-01-02 15:49:21.089481,50
911,26,Home,421.2,2025-12-19 15:49:21.089780,29
912,25,Fitness,96.45,2025-12-16 15:49:21.090152,44
913,24,Beauty,434.59,2026-01-20 15:49:21.090414,25
914,21,Home,462.55,2026-01-21 15:49:21.090678,12
915,7,Sports,226.59,2026-01-31 15:49:21.090945,16
916,3,Fitness,118.85,2026-02-15 15:49:21.091207,58
917,24,Beauty,245.15,2026-03-01 15:49:21.091468,22
918,20,Sports,129.4,2026-01-24 15:49:21.091729,34
919,26,Home,32.08,2026-02-04 15:49:21.091993,37
920,14,Beauty,454.9,2026-02-02 15:49:21.092256,33
921,10,Home,173.05,2025-12-10 15:49:21.092529,48
922,2,Gaming,68.1,2026-02-03 15:49:21.092791,45
923,28,Gaming,197.79,2026-01-22 15:49:21.093112,40
924,30,Fitness,46.05,2026-01-09 15:49:21.093516,25
925,23,Gaming,300.69,2026-02-10 15:49:21.093811,11
926,16,Fashion,261.81,2026-02-01 15:49:21.094073,53
927,16,Fashion,173.59,2026-01-31 15:49:21.094375,55
928,18,Beauty,135.5,2026-02-22 15:49:21.094638,38
929,10,Home,176.53,2026-02-01 15:49:21.094898,23
930,26,Home,147.38,2026-02-12 15:49:21.095158,47
931,8,Beauty,357.84,2026-01-08 15:49:21.095459,13
932,29,Sports,274.16,2026-01-03 15:49:21.095720,60
933,28,Gaming,48.37,2026-03-01 15:49:21.095980,44
934,3,Fitness,372.4,2026-02-16 15:49:21.096239,18
935,12,Fitness,426.05,2026-02-12 15:49:21.096557,33
936,9,Gaming,104.37,2025-12-19 15:49:21.096817,35
937,2,Gaming,291.22,2025-12-19 15:49:21.097115,45
938,28,Gaming,197.77,2025-12-13 15:49:21.097441,35
939,28,Gaming,358.19,2026-02-21 15:49:21.097701,38
940,1,Technology,13.07,2026-02-18 15:49:21.097966,51
941,13,Sports,274.63,2026-02-10 15:49:21.098227,17
942,21,Home,25.08,2026-01-25 15:49:21.098527,33
943,2,Gaming,372.33,2026-02-25 15:49:21.098787,22
944,24,Beauty,483.31,2026-02-18 15:49:21.099049,28
945,7,Sports,499.17,2025-12-11 15:49:21.099310,16
946,24,Beauty,251.44,2026-01-14 15:49:21.099731,50
947,22,Gaming,375.76,2026-02-28 15:49:21.100011,28
948,9,Gaming,355.17,2026-01-20 15:49:21.100271,54
949,19,Beauty,330.36,2025-12-09 15:49:21.100572,36
950,22,Gaming,400.68,2026-02-21 15:49:21.100833,58
951,26,Home,233.59,2025-12-26 15:49:21.101093,49
952,22,Gaming,484.57,2026-02-10 15:49:21.101392,10
953,29,Sports,139.09,2026-02-12 15:49:21.101667,33
954,13,Sports,205.51,2026-02-20 15:49:21.101934,12
955,17,Fitness,268.47,2025-12-29 15:49:21.102194,50
956,4,Sports,94.36,2026-02-05 15:49:21.102546,59
957,13,Sports,184.86,2025-12-10 15:49:21.102823,19
958,12,Fitness,79.06,2025-12-10 15:49:21.103082,42
959,5,Technology,357.65,2025-12-15 15:49:21.103456,30
960,20,Sports,54.22,2026-01-15 15:49:21.103714,57
961,15,Technology,196.71,2026-02-19 15:49:21.103974,46
962,6,Fashion,226.52,2025-12-29 15:49:21.104232,23
963,25,Fitness,21.91,2025-12-28 15:49:21.104546,45
964,21,Home,494.81,2026-01-31 15:49:21.104807,31
965,27,Fitness,190.55,2025-12-09 15:49:21.105066,12
966,2,Gaming,465.68,2026-02-10 15:49:21.105345,57
967,14,Beauty,119.68,2026-01-31 15:49:21.105638,28
968,24,Beauty,181.22,2026-01-07 15:49:21.105899,60
969,4,Sports,79.21,2026-02-12 15:49:21.106164,48
970,21,Home,157.59,2026-01-21 15:49:21.106466,30
971,25,Fitness,306.0,2025-12-26 15:49:21.106773,51
972,12,Fitness,192.38,2025-12-17 15:49:21.107062,47
973,1,Technology,286.37,2026-01-17 15:49:21.107342,59
974,10,Home,385.27,2026-02-12 15:49:21.107652,14
975,7,Sports,319.5,2026-01-05 15:49:21.107914,10
976,10,Home,281.6,2025-12-03 15:49:21.108174,42
977,13,Sports,448.02,2026-02-04 15:49:21.108489,36
978,22,Gaming,44.55,2026-01-22 15:49:21.108749,48
979,5,Technology,285.03,2025-12-22 15:49:21.109028,28
980,5,Technology,325.52,2025-12-05 15:49:21.109431,15
981,3,Fitness,407.69,2025-12-11 15:49:21.109708,12
982,23,Gaming,95.41,2026-02-04 15:49:21.109968,50
983,22,Gaming,387.16,2026-02-03 15:49:21.110227,12
984,13,Sports,427.63,2025-12-15 15:49:21.110541,11
985,4,Sports,178.68,2025-12-06 15:49:21.110809,16
986,26,Home,161.44,2026-02-13 15:49:21.111071,48
987,19,Beauty,186.91,2026-01-16 15:49:21.111382,29
988,24,Beauty,113.53,2026-02-27 15:49:21.111647,45
989,3,Fitness,437.03,2026-01-11 15:49:21.111909,16
990,20,Sports,207.51,2026-02-26 15:49:21.112218,40
991,23,Gaming,229.74,2026-02-14 15:49:21.112535,33
992,24,Beauty,97.64,2026-01-23 15:49:21.112815,55
993,16,Fashion,157.4,2026-02-07 15:49:21.113116,31
994,19,Beauty,156.89,2026-02-25 15:49:21.113418,59
995,2,Gaming,165.02,2025-12-08 15:49:21.113682,32
996,2,Gaming,491.18,2026-02-16 15:49:21.113943,50
997,24,Beauty,248.98,2026-01-23 15:49:21.114207,31
998,24,Beauty,20.0,2025-12-13 15:49:21.114510,17
999,19,Beauty,293.39,2026-01-20 15:49:21.114772,41
1000,30,Fitness,498.73,2026-02-24 15:49:21.115033,14
1001,11,Gaming,437.56,2026-01-01 15:49:21.115369,35
1002,16,Fashion,124.09,2026-01-21 15:49:21.115646,26
1003,16,Fashion,176.28,2026-02-17 15:49:21.115908,50
1004,17,Fitness,25.68,2026-01-09 15:49:21.116171,13
1005,28,Gaming,465.66,2026-02-07 15:49:21.116521,39
1006,22,Gaming,345.88,2026-02-26 15:49:21.116806,40
1007,14,Beauty,418.82,2026-01-29 15:49:21.117068,38
1008,12,Fitness,177.47,2026-01-25 15:49:21.117371,31
1009,28,Gaming,168.37,2026-01-24 15:49:21.117667,55
1010,19,Beauty,123.78,2025-12-03 15:49:21.117930,16
1011,20,Sports,343.29,2026-02-28 15:49:21.118192,47
1012,20,Sports,118.96,2026-01-01 15:49:21.118495,38
1013,4,Sports,246.63,2025-12-21 15:49:21.118802,46
1014,11,Gaming,324.52,2025-12-15 15:49:21.119182,19
1015,26,Home,338.08,2026-01-03 15:49:21.119490,18
1016,21,Home,452.96,2026-01-10 15:49:21.119753,34
1017,14,Beauty,429.27,2026-02-05 15:49:21.120014,51
1018,3,Fitness,77.82,2026-02-06 15:49:21.120276,14
1019,28,Gaming,96.13,2025-12-19 15:49:21.120586,12
1020,4,Sports,210.67,2025-12-30 15:49:21.120849,27
1021,6,Fashion,353.69,2025-12-06 15:49:21.121112,60
1022,2,Gaming,292.84,2025-12-16 15:49:21.121416,19
1023,11,Gaming,392.79,2025-12-03 15:49:21.121678,60
1024,1,Technology,313.88,2026-01-31 15:49:21.122000,56
1025,28,Gaming,194.67,2026-02-23 15:49:21.122261,18
1026,10,Home,191.2,2026-01-21 15:49:21.122639,35
1027,25,Fitness,220.48,2025-12-14 15:49:21.122900,41
1028,17,Fitness,115.22,2026-01-31 15:49:21.123161,11
1029,6,Fashion,408.79,2025-12-02 15:49:21.123497,60
1030,25,Fitness,268.09,2026-02-20 15:49:21.123758,60
1031,26,Home,229.81,2025-12-22 15:49:21.124018,54
1032,3,Fitness,26.22,2026-02-09 15:49:21.124285,37
1033,3,Fitness,439.23,2026-01-28 15:49:21.124546,32
1034,5,Technology,431.59,2025-12-10 15:49:21.124806,18
1035,10,Home,491.34,2025-12-21 15:49:21.125068,41
1036,11,Gaming,436.65,2026-02-11 15:49:21.125329,41
1037,3,Fitness,404.07,2025-12-26 15:49:21.125590,27
1038,25,Fitness,145.54,2026-02-11 15:49:21.125852,24
1039,6,Fashion,383.65,2026-01-23 15:49:21.126154,13
1040,13,Sports,359.93,2026-02-04 15:49:21.126436,49
1041,9,Gaming,131.17,2026-01-28 15:49:21.126699,41
1042,4,Sports,201.31,2026-02-01 15:49:21.126960,51
1043,12,Fitness,375.38,2026-01-03 15:49:21.127222,10
1044,27,Fitness,199.67,2026-02-13 15:49:21.127481,43
1045,13,Sports,85.43,2026-01-04 15:49:21.127743,45
1046,2,Gaming,301.97,2026-01-20 15:49:21.128005,34
1047,6,Fashion,67.56,2025-12-04 15:49:21.128291,16
1048,3,Fitness,427.67,2026-02-22 15:49:21.128665,35
1049,30,Fitness,43.22,2026-02-05 15:49:21.128946,47
1050,30,Fitness,361.01,2025-12-16 15:49:21.129210,22
1051,8,Beauty,72.04,2026-01-03 15:49:21.129472,15
1052,7,Sports,89.93,2026-01-09 15:49:21.129738,36
1053,12,Fitness,288.77,2025-12-13 15:49:21.129999,35
1054,24,Beauty,65.34,2025-12-28 15:49:21.130261,58
1055,29,Sports,370.97,2026-01-15 15:49:21.130521,48
1056,9,Gaming,15.51,2026-02-13 15:49:21.130781,59
1057,4,Sports,187.33,2025-12-30 15:49:21.131041,12
1058,25,Fitness,467.54,2025-12-25 15:49:21.131301,48
1059,2,Gaming,436.68,2026-01-26 15:49:21.131614,10
1060,19,Beauty,244.9,2026-02-05 15:49:21.131874,46
1061,23,Gaming,323.85,2026-01-01 15:49:21.132176,37
1062,6,Fashion,388.91,2025-12-16 15:49:21.132455,53
1063,17,Fitness,336.35,2025-12-21 15:49:21.132717,14
1064,24,Beauty,447.52,2026-02-15 15:49:21.132980,26
1065,15,Technology,136.05,2026-02-02 15:49:21.133243,37
1066,28,Gaming,327.77,2025-12-17 15:49:21.133505,38
1067,7,Sports,20.37,2025-12-10 15:49:21.133766,12
1068,4,Sports,413.14,2026-01-29 15:49:21.134027,52
1069,24,Beauty,385.2,2025-12-02 15:49:21.134288,38
1070,4,Sports,216.12,2026-01-30 15:49:21.134548,46
1071,8,Beauty,25.36,2026-01-06 15:49:21.134807,11
1072,25,Fitness,345.39,2025-12-31 15:49:21.135069,56
1073,7,Sports,77.64,2026-01-03 15:49:21.135330,40
1074,21,Home,410.17,2026-02-07 15:49:21.135591,10
1075,4,Sports,376.66,2026-01-09 15:49:21.135914,22
1076,18,Beauty,34.96,2026-02-12 15:49:21.136178,59
1077,25,Fitness,117.35,2026-02-02 15:49:21.136442,57
1078,6,Fashion,434.08,2026-01-28 15:49:21.136705,12
1079,23,Gaming,244.74,2025-12-14 15:49:21.136970,11
1080,23,Gaming,159.76,2026-01-03 15:49:21.137232,54
1081,17,Fitness,425.32,2026-01-05 15:49:21.137494,53
1082,11,Gaming,90.84,2026-01-23 15:49:21.137755,32
1083,28,Gaming,260.92,2025-12-25 15:49:21.138057,13
1084,9,Gaming,42.63,2025-12-02 15:49:21.138419,53
1085,5,Technology,451.55,2026-02-05 15:49:21.138679,35
1086,18,Beauty,204.78,2026-02-04 15:49:21.138940,60
1087,9,Gaming,78.01,2026-01-30 15:49:21.139455,40
1088,21,Home,385.35,2026-01-21 15:49:21.139989,35
1089,26,Home,196.25,2025-12-18 15:49:21.140305,58
1090,13,Sports,236.32,2025-12-01 15:49:21.140583,40
1091,28,Gaming,104.15,2026-02-20 15:49:21.140870,51
1092,5,Technology,310.54,2025-12-02 15:49:21.141296,32
1093,23,Gaming,61.89,2026-02-14 15:49:21.141642,39
1094,27,Fitness,124.09,2025-12-02 15:49:21.141985,25
1095,26,Home,450.47,2025-12-25 15:49:21.142423,12
1096,29,Sports,119.46,2026-01-25 15:49:21.142830,34
1097,6,Fashion,222.33,2026-02-19 15:49:21.143191,19
1098,23,Gaming,284.9,2026-02-01 15:49:21.143489,52
1099,24,Beauty,143.5,2025-12-09 15:49:21.143928,11
1100,11,Gaming,300.62,2025-12-25 15:49:21.144279,59
1101,11,Gaming,10.1,2026-02-18 15:49:21.144555,57
1102,30,Fitness,146.66,2026-01-04 15:49:21.144916,27
1103,5,Technology,158.54,2026-01-20 15:49:21.145410,60
1104,24,Beauty,72.17,2026-02-13 15:49:21.145755,33
1105,15,Technology,38.36,2026-02-23 15:49:21.146200,41
1106,22,Gaming,410.51,2026-02-22 15:49:21.146714,22
1107,21,Home,132.82,2026-02-11 15:49:21.147009,46
1108,12,Fitness,244.51,2026-01-02 15:49:21.147290,52
1109,29,Sports,81.78,2025-12-01 15:49:21.147572,58
1110,19,Beauty,53.05,2026-02-27 15:49:21.147935,12
1111,21,Home,253.06,2025-12-04 15:49:21.148249,11
1112,8,Beauty,261.33,2025-12-30 15:49:21.148510,59
1113,8,Beauty,379.53,2026-02-19 15:49:21.148771,29
1114,14,Beauty,226.45,2026-01-12 15:49:21.149032,25
1115,9,Gaming,456.51,2026-02-27 15:49:21.149294,45
1116,1,Technology,95.86,2025-12-25 15:49:21.149557,60
1117,6,Fashion,155.94,2026-02-16 15:49:21.149818,32
1118,8,Beauty,134.76,2026-01-05 15:49:21.150079,42
1119,24,Beauty,397.11,2026-02-01 15:49:21.150339,21
1120,8,Beauty,80.65,2025-12-12 15:49:21.150598,13
1121,17,Fitness,278.65,2026-01-04 15:49:21.150914,11
1122,10,Home,497.0,2025-12-05 15:49:21.151176,50
1123,19,Beauty,171.09,2025-12-05 15:49:21.151477,10
1124,24,Beauty,371.22,2026-01-14 15:49:21.151755,27
1125,29,Sports,34.09,2026-01-31 15:49:21.152017,31
1126,16,Fashion,165.05,2026-03-01 15:49:21.152277,48
1127,22,Gaming,253.32,2026-02-13 15:49:21.152538,51
1128,13,Sports,408.14,2026-02-06 15:49:21.152803,19
1129,9,Gaming,375.67,2025-12-24 15:49:21.153064,44
1130,25,Fitness,59.04,2025-12-25 15:49:21.153336,36
1131,19,Beauty,364.54,2026-02-14 15:49:21.153595,33
1132,16,Fashion,176.79,2026-02-02 15:49:21.153857,33
1133,7,Sports,260.94,2025-12-26 15:49:21.154135,30
1134,30,Fitness,22.55,2025-12-23 15:49:21.154410,50
1135,14,Beauty,82.95,2025-12-29 15:49:21.154685,54
1136,29,Sports,119.33,2026-01-17 15:49:21.154961,17
1137,10,Home,491.96,2025-12-28 15:49:21.155487,32
1138,5,Technology,160.34,2026-01-21 15:49:21.155915,58
1139,7,Sports,470.27,2025-12-24 15:49:21.156192,30
1140,17,Fitness,203.88,2026-01-12 15:49:21.156566,13
1141,9,Gaming,383.73,2026-02-09 15:49:21.156841,59
1142,25,Fitness,223.6,2026-01-22 15:49:21.157116,55
1143,3,Fitness,65.04,2026-01-09 15:49:21.157448,29
1144,18,Beauty,167.06,2026-01-21 15:49:21.157799,42
1145,7,Sports,166.05,2025-12-02 15:49:21.158075,55
1146,15,Technology,465.35,2025-12-24 15:49:21.158355,50
1147,11,Gaming,431.24,2025-12-12 15:49:21.158631,23
1148,22,Gaming,58.32,2026-01-14 15:49:21.158910,33
1149,16,Fashion,57.82,2026-02-18 15:49:21.159186,49
1150,26,Home,154.6,2025-12-10 15:49:21.159466,22
1151,24,Beauty,395.07,2026-01-26 15:49:21.159742,57
1152,3,Fitness,492.29,2025-12-02 15:49:21.160017,31
1153,12,Fitness,378.03,2025-12-02 15:49:21.160293,20
1154,26,Home,104.02,2025-12-26 15:49:21.160641,48
1155,21,Home,134.4,2025-12-20 15:49:21.160915,46
1156,29,Sports,204.3,2026-01-27 15:49:21.161192,31
1157,5,Technology,324.55,2025-12-27 15:49:21.161474,21
1158,5,Technology,391.79,2025-12-30 15:49:21.161749,34
1159,3,Fitness,191.36,2026-01-05 15:49:21.162024,27
1160,19,Beauty,263.47,2026-01-29 15:49:21.162300,40
1161,16,Fashion,311.11,2026-02-22 15:49:21.162581,53
1162,10,Home,206.8,2026-02-12 15:49:21.162857,31
1163,20,Sports,454.03,2025-12-15 15:49:21.163130,45
1164,5,Technology,295.01,2026-02-19 15:49:21.163409,48
1165,15,Technology,300.72,2026-01-07 15:49:21.163685,53
1166,29,Sports,189.06,2025-12-25 15:49:21.163960,22
1167,11,Gaming,369.7,2026-01-16 15:49:21.164236,13
1168,19,Beauty,495.43,2026-01-23 15:49:21.164519,36
1169,13,Sports,304.45,2025-12-29 15:49:21.164796,33
1170,12,Fitness,411.07,2026-02-04 15:49:21.165073,48
1171,18,Beauty,331.71,2026-01-15 15:49:21.165352,60
1172,12,Fitness,387.56,2025-12-23 15:49:21.165634,13
1173,27,Fitness,168.46,2025-12-27 15:49:21.165909,18
1174,7,Sports,116.24,2025-12-21 15:49:21.166186,21
1175,30,Fitness,446.82,2026-01-26 15:49:21.166467,43
1176,4,Sports,80.86,2026-01-26 15:49:21.166742,22
1177,26,Home,201.81,2025-12-19 15:49:21.167088,58
1178,8,Beauty,498.47,2026-02-08 15:49:21.167368,40
1179,18,Beauty,141.11,2025-12-13 15:49:21.167644,54
1180,4,Sports,461.7,2026-02-11 15:49:21.167919,14
1181,19,Beauty,219.96,2026-02-10 15:49:21.168192,22
1182,13,Sports,140.61,2025-12-26 15:49:21.168472,32
1183,27,Fitness,194.27,2026-02-25 15:49:21.168747,59
1184,13,Sports,296.98,2026-02-24 15:49:21.169022,32
1185,23,Gaming,279.22,2026-02-19 15:49:21.169296,57
1186,21,Home,397.69,2026-02-18 15:49:21.169576,35
1187,20,Sports,156.71,2025-12-08 15:49:21.169850,55
1188,12,Fitness,285.65,2025-12-11 15:49:21.170125,52
1189,7,Sports,159.9,2025-12-26 15:49:21.170403,22
1190,5,Technology,281.65,2026-01-24 15:49:21.170679,25
1191,28,Gaming,35.95,2025-12-04 15:49:21.170953,44
1192,4,Sports,173.18,2026-02-19 15:49:21.171227,31
1193,14,Beauty,437.41,2025-12-24 15:49:21.171526,42
1194,23,Gaming,398.59,2026-02-11 15:49:21.172003,45
1195,14,Beauty,471.37,2026-01-30 15:49:21.172549,17
1196,12,Fitness,463.12,2025-12-24 15:49:21.172866,15
1197,7,Sports,363.43,2026-01-26 15:49:21.173156,36
1198,14,Beauty,384.0,2026-01-18 15:49:21.173455,46
1199,4,Sports,434.6,2026-02-20 15:49:21.173738,53
1200,4,Sports,337.69,2026-02-01 15:49:21.174038,35
1201,29,Sports,100.56,2026-02-08 15:49:21.174366,59
1202,30,Fitness,438.35,2025-12-13 15:49:21.174678,43
1203,4,Sports,367.95,2026-01-16 15:49:21.174958,53
1204,20,Sports,471.73,2026-01-24 15:49:21.175237,18
1205,5,Technology,262.98,2026-02-02 15:49:21.175528,22
1206,19,Beauty,86.08,2026-02-23 15:49:21.175806,56
1207,24,Beauty,289.36,2026-01-01 15:49:21.176084,57
1208,5,Technology,325.12,2026-02-08 15:49:21.176374,16
1209,15,Technology,152.72,2026-01-20 15:49:21.176754,41
1210,22,Gaming,336.16,2026-02-17 15:49:21.177047,36
1211,14,Beauty,253.8,2025-12-28 15:49:21.177333,48
1212,27,Fitness,480.92,2025-12-03 15:49:21.177612,58
1213,17,Fitness,460.21,2026-01-13 15:49:21.177888,35
1214,25,Fitness,142.2,2026-01-10 15:49:21.178164,38
1215,7,Sports,405.78,2026-02-19 15:49:21.178450,43
1216,25,Fitness,352.21,2025-12-05 15:49:21.178727,54
1217,25,Fitness,337.69,2026-01-03 15:49:21.179006,33
1218,9,Gaming,405.99,2026-02-04 15:49:21.179281,42
1219,27,Fitness,117.22,2026-01-08 15:49:21.179568,32
1220,21,Home,417.09,2026-01-29 15:49:21.179921,21
1221,12,Fitness,301.44,2025-12-30 15:49:21.180197,42
1222,12,Fitness,335.6,2026-01-29 15:49:21.180552,21
1223,1,Technology,434.55,2025-12-26 15:49:21.180827,16
1224,1,Technology,187.61,2026-01-03 15:49:21.181102,60
1225,5,Technology,141.12,2026-01-20 15:49:21.181387,41
1226,26,Home,133.47,2026-01-10 15:49:21.181663,58
1227,13,Sports,85.7,2026-01-11 15:49:21.181936,20
1228,16,Fashion,131.7,2026-02-02 15:49:21.182212,49
1229,11,Gaming,421.22,2026-01-05 15:49:21.182499,51
1230,21,Home,487.56,2026-02-05 15:49:21.182774,56
1231,20,Sports,397.24,2026-02-04 15:49:21.183049,42
1232,20,Sports,31.52,2026-02-04 15:49:21.183338,47
1233,6,Fashion,417.54,2026-01-21 15:49:21.183615,58
1234,9,Gaming,50.75,2025-12-21 15:49:21.183911,52
1235,23,Gaming,30.92,2026-02-17 15:49:21.184238,33
1236,1,Technology,377.29,2026-01-22 15:49:21.184524,41
1237,11,Gaming,109.82,2025-12-01 15:49:21.184799,25
1238,29,Sports,289.41,2026-02-04 15:49:21.185075,23
1239,1,Technology,121.55,2026-02-22 15:49:21.185360,38
1240,20,Sports,118.49,2025-12-06 15:49:21.185636,43
1241,4,Sports,306.32,2025-12-29 15:49:21.185913,27
1242,17,Fitness,18.14,2026-02-03 15:49:21.186223,33
1243,12,Fitness,283.2,2025-12-21 15:49:21.186591,22
1244,2,Gaming,106.89,2026-02-14 15:49:21.186866,11
1245,18,Beauty,277.57,2026-02-11 15:49:21.187142,29
1246,7,Sports,97.58,2026-02-01 15:49:21.187547,60
1247,18,Beauty,128.13,2025-12-13 15:49:21.187824,50
1248,21,Home,383.54,2026-01-23 15:49:21.188101,27
1249,29,Sports,40.54,2026-02-21 15:49:21.188452,44
1250,22,Gaming,32.15,2026-01-30 15:49:21.188727,24
1251,25,Fitness,39.43,2026-02-23 15:49:21.189003,35
1252,19,Beauty,151.99,2026-02-12 15:49:21.189331,21
1253,18,Beauty,209.83,2026-01-16 15:49:21.189721,17
1254,19,Beauty,291.36,2025-12-28 15:49:21.189991,26
1255,24,Beauty,346.24,2026-02-06 15:49:21.190313,39
1256,13,Sports,190.68,2026-02-05 15:49:21.190576,53
1257,6,Fashion,155.14,2026-01-19 15:49:21.190839,15
1258,2,Gaming,32.77,2025-12-25 15:49:21.191102,52
1259,28,Gaming,266.04,2026-01-13 15:49:21.191366,53
1260,9,Gaming,494.89,2026-02-27 15:49:21.191628,47
1261,26,Home,200.48,2026-01-04 15:49:21.191891,15
1262,6,Fashion,88.46,2025-12-20 15:49:21.192153,29
1263,14,Beauty,152.47,2026-02-21 15:49:21.192415,40
1264,10,Home,33.22,2026-02-05 15:49:21.192677,39
1265,6,Fashion,187.07,2026-02-10 15:49:21.192940,22
1266,7,Sports,60.45,2026-01-21 15:49:21.193202,12
1267,1,Technology,82.72,2026-02-26 15:49:21.193465,43
1268,17,Fitness,207.32,2025-12-07 15:49:21.193781,43
1269,4,Sports,39.72,2025-12-08 15:49:21.194063,40
1270,22,Gaming,200.51,2025-12-25 15:49:21.194325,31
1271,20,Sports,401.2,2026-01-27 15:49:21.194589,27
1272,22,Gaming,44.76,2025-12-28 15:49:21.194850,27
1273,29,Sports,289.34,2026-02-16 15:49:21.195113,36
1274,10,Home,176.42,2026-01-12 15:49:21.195375,12
1275,23,Gaming,343.5,2026-01-16 15:49:21.195635,10
1276,24,Beauty,394.62,2025-12-05 15:49:21.195937,16
1277,28,Gaming,406.48,2026-01-02 15:49:21.196286,55
1278,2,Gaming,121.73,2025-12-27 15:49:21.196561,50
1279,8,Beauty,199.0,2026-01-14 15:49:21.196822,17
1280,19,Beauty,372.82,2025-12-26 15:49:21.197082,54
1281,6,Fashion,497.36,2026-02-28 15:49:21.197343,44
1282,13,Sports,375.41,2025-12-08 15:49:21.197605,31
1283,19,Beauty,192.6,2025-12-21 15:49:21.197867,50
1284,11,Gaming,291.62,2026-01-11 15:49:21.198127,58
1285,21,Home,198.36,2025-12-16 15:49:21.198388,50
1286,15,Technology,23.46,2026-02-01 15:49:21.198655,60
1287,6,Fashion,115.88,2026-01-08 15:49:21.198937,27
1288,21,Home,277.06,2025-12-07 15:49:21.199232,47
1289,15,Technology,120.32,2026-02-07 15:49:21.199493,20
1290,6,Fashion,144.15,2025-12-10 15:49:21.199810,29
1291,22,Gaming,305.27,2025-12-25 15:49:21.200069,33
1292,29,Sports,401.28,2026-02-25 15:49:21.200330,41
1293,19,Beauty,339.12,2026-03-01 15:49:21.200594,34
1294,13,Sports,473.3,2025-12-15 15:49:21.200856,35
1295,9,Gaming,263.29,2026-02-01 15:49:21.201118,43
1296,13,Sports,45.0,2026-01-23 15:49:21.201379,15
1297,14,Beauty,481.48,2026-02-14 15:49:21.201638,19
1298,13,Sports,375.32,2026-02-13 15:49:21.201898,38
1299,17,Fitness,430.27,2025-12-11 15:49:21.202159,52
1300,16,Fashion,245.17,2026-01-05 15:49:21.202421,27
1301,26,Home,499.35,2025-12-26 15:49:21.202684,60
1302,13,Sports,431.86,2026-02-14 15:49:21.202946,42
1303,30,Fitness,262.74,2026-02-13 15:49:21.203253,17
1304,4,Sports,251.08,2026-01-19 15:49:21.203543,57
1305,28,Gaming,48.61,2025-12-15 15:49:21.203811,15
1306,18,Beauty,171.64,2026-02-12 15:49:21.204074,15
1307,17,Fitness,105.71,2026-01-21 15:49:21.204335,49
1308,1,Technology,186.71,2026-02-09 15:49:21.204600,33
1309,30,Fitness,228.5,2025-12-07 15:49:21.204861,42
1310,15,Technology,203.57,2026-02-06 15:49:21.205340,55
1311,18,Beauty,433.03,2025-12-06 15:49:21.205871,19
1312,14,Beauty,110.42,2026-02-01 15:49:21.206300,10
1313,6,Fashion,149.22,2026-01-10 15:49:21.206590,27
1314,24,Beauty,202.44,2025-12-17 15:49:21.206879,37
1315,29,Sports,348.0,2026-01-25 15:49:21.207168,54
1316,1,Technology,195.6,2026-01-03 15:49:21.207455,10
1317,2,Gaming,89.47,2026-02-17 15:49:21.207744,23
1318,29,Sports,383.67,2026-02-25 15:49:21.208033,53
1319,25,Fitness,153.99,2026-02-08 15:49:21.208323,54
1320,28,Gaming,217.63,2026-02-24 15:49:21.208630,12
1321,4,Sports,368.2,2025-12-02 15:49:21.208910,13
1322,4,Sports,343.8,2026-01-05 15:49:21.209172,16
1323,28,Gaming,46.67,2026-02-16 15:49:21.209490,58
1324,19,Beauty,258.91,2026-02-17 15:49:21.209752,59
1325,30,Fitness,341.42,2026-01-03 15:49:21.210018,45
1326,14,Beauty,469.65,2026-02-27 15:49:21.210279,35
1327,28,Gaming,384.35,2025-12-04 15:49:21.210540,43
1328,24,Beauty,12.37,2025-12-29 15:49:21.210800,46
1329,26,Home,154.65,2025-12-05 15:49:21.211061,46
1330,11,Gaming,129.69,2026-02-09 15:49:21.211323,21
1331,12,Fitness,113.77,2026-01-20 15:49:21.211583,31
1332,11,Gaming,159.92,2026-01-15 15:49:21.211842,42
1333,26,Home,78.01,2026-01-13 15:49:21.212103,17
1334,8,Beauty,292.76,2026-02-09 15:49:21.212364,26
1335,18,Beauty,277.05,2026-01-16 15:49:21.212622,29
1336,22,Gaming,42.54,2026-01-10 15:49:21.212921,12
1337,7,Sports,80.54,2026-02-20 15:49:21.213204,22
1338,14,Beauty,51.85,2026-03-01 15:49:21.213464,58
1339,25,Fitness,496.37,2026-02-11 15:49:21.213727,60
1340,1,Technology,106.02,2026-01-13 15:49:21.213989,46
1341,18,Beauty,324.96,2026-02-28 15:49:21.214249,51
1342,27,Fitness,218.25,2026-01-07 15:49:21.214509,44
1343,19,Beauty,245.06,2026-01-11 15:49:21.214771,17
1344,20,Sports,90.38,2026-02-11 15:49:21.215038,53
1345,4,Sports,102.92,2025-12-14 15:49:21.215420,13
1346,28,Gaming,207.82,2025-12-01 15:49:21.215702,13
1347,12,Fitness,188.46,2026-01-04 15:49:21.215964,40
1348,11,Gaming,461.8,2026-02-22 15:49:21.216225,10
1349,28,Gaming,156.18,2026-02-23 15:49:21.216486,50
1350,25,Fitness,131.82,2026-02-18 15:49:21.216747,35
1351,14,Beauty,308.03,2026-01-27 15:49:21.217008,22
1352,12,Fitness,388.92,2026-01-17 15:49:21.217280,57
1353,11,Gaming,337.53,2026-02-06 15:49:21.217542,40
1354,19,Beauty,78.1,2026-02-03 15:49:21.217804,52
1355,11,Gaming,149.51,2025-12-12 15:49:21.218065,47
1356,16,Fashion,459.25,2026-02-07 15:49:21.218368,39
1357,13,Sports,397.99,2026-02-05 15:49:21.218642,46
1358,12,Fitness,414.74,2026-02-05 15:49:21.218923,46
1359,25,Fitness,107.92,2025-12-19 15:49:21.219204,11
1360,3,Fitness,484.03,2025-12-05 15:49:21.219464,23
1361,10,Home,214.44,2025-12-01 15:49:21.219726,45
1362,3,Fitness,381.76,2025-12-20 15:49:21.219987,22
1363,28,Gaming,306.49,2026-02-27 15:49:21.220248,59
1364,25,Fitness,494.27,2025-12-21 15:49:21.220515,17
1365,16,Fashion,436.94,2026-01-30 15:49:21.220905,42
1366,9,Gaming,172.27,2026-01-05 15:49:21.221168,14
1367,10,Home,466.94,2026-01-19 15:49:21.221435,45
1368,23,Gaming,172.96,2026-02-03 15:49:21.221698,43
1369,20,Sports,73.95,2025-12-05 15:49:21.222014,51
1370,18,Beauty,329.72,2026-02-25 15:49:21.222278,27
1371,12,Fitness,267.54,2025-12-03 15:49:21.222584,42
1372,28,Gaming,379.25,2026-01-23 15:49:21.222908,34
1373,12,Fitness,11.89,2026-01-17 15:49:21.223171,55
1374,4,Sports,378.47,2025-12-23 15:49:21.223432,54
1375,30,Fitness,50.97,2026-01-25 15:49:21.223694,23
1376,30,Fitness,147.53,2026-01-18 15:49:21.224012,12
1377,14,Beauty,463.94,2026-01-11 15:49:21.224275,57
1378,23,Gaming,230.1,2025-12-30 15:49:21.224538,41
1379,21,Home,494.15,2026-02-14 15:49:21.224885,13
1380,23,Gaming,337.25,2025-12-21 15:49:21.225235,10
1381,20,Sports,112.89,2026-02-01 15:49:21.225510,57
1382,24,Beauty,248.47,2025-12-23 15:49:21.225773,60
1383,2,Gaming,137.46,2026-01-13 15:49:21.226094,20
1384,24,Beauty,210.72,2026-01-22 15:49:21.226356,42
1385,20,Sports,299.63,2025-12-20 15:49:21.226620,28
1386,21,Home,81.52,2025-12-11 15:49:21.226940,42
1387,14,Beauty,414.82,2025-12-22 15:49:21.227204,30
1388,2,Gaming,330.31,2025-12-16 15:49:21.227464,50
1389,30,Fitness,322.07,2026-01-28 15:49:21.227727,46
1390,13,Sports,498.79,2025-12-29 15:49:21.228088,19
1391,22,Gaming,393.37,2026-02-08 15:49:21.228352,47
1392,21,Home,222.01,2025-12-30 15:49:21.228654,38
1393,25,Fitness,167.12,2025-12-11 15:49:21.228988,56
1394,2,Gaming,229.53,2026-01-08 15:49:21.229251,36
1395,10,Home,334.29,2026-02-26 15:49:21.229521,58
1396,23,Gaming,44.52,2026-01-31 15:49:21.229784,14
1397,19,Beauty,489.04,2026-01-04 15:49:21.230088,15
1398,9,Gaming,66.47,2025-12-23 15:49:21.230351,26
1399,1,Technology,120.8,2026-02-01 15:49:21.230615,11
1400,21,Home,338.86,2026-01-23 15:49:21.230924,50
1401,16,Fashion,371.99,2025-12-11 15:49:21.231187,30
1402,14,Beauty,222.09,2025-12-09 15:49:21.231451,20
1403,30,Fitness,374.96,2026-01-25 15:49:21.231719,44
1404,20,Sports,140.85,2025-12-02 15:49:21.232041,40
1405,23,Gaming,437.28,2026-01-02 15:49:21.232352,10
1406,18,Beauty,83.19,2025-12-08 15:49:21.232645,10
1407,5,Technology,45.38,2025-12-18 15:49:21.232955,59
1408,28,Gaming,449.09,2026-01-04 15:49:21.233234,25
1409,15,Technology,344.85,2026-02-14 15:49:21.233495,46
1410,10,Home,389.27,2026-02-09 15:49:21.233757,39
1411,6,Fashion,325.77,2025-12-18 15:49:21.234021,42
1412,10,Home,32.66,2025-12-01 15:49:21.234283,22
1413,5,Technology,231.07,2026-02-14 15:49:21.234656,19
1414,30,Fitness,41.18,2025-12-09 15:49:21.234968,39
1415,4,Sports,136.12,2026-01-07 15:49:21.235229,34
1416,4,Sports,29.05,2026-01-07 15:49:21.235493,31
1417,21,Home,156.93,2025-12-13 15:49:21.235756,39
1418,20,Sports,287.58,2025-12-19 15:49:21.236020,26
1419,8,Beauty,226.14,2026-02-05 15:49:21.236283,54
1420,5,Technology,197.56,2026-02-21 15:49:21.236545,44
1421,25,Fitness,391.76,2026-01-27 15:49:21.236811,34
1422,27,Fitness,77.64,2026-02-26 15:49:21.237079,49
1423,12,Fitness,164.96,2025-12-21 15:49:21.237344,37
1424,21,Home,308.12,2026-01-04 15:49:21.237653,59
1425,8,Beauty,406.83,2026-01-05 15:49:21.237928,10
1426,7,Sports,302.51,2026-03-01 15:49:21.238211,56
1427,21,Home,380.22,2026-01-29 15:49:21.238513,23
1428,30,Fitness,26.84,2025-12-08 15:49:21.238778,31
1429,9,Gaming,65.96,2025-12-16 15:49:21.239041,59
1430,27,Fitness,151.2,2026-01-14 15:49:21.239302,36
1431,18,Beauty,313.67,2025-12-09 15:49:21.239567,26
1432,18,Beauty,287.48,2026-01-01 15:49:21.239829,49
1433,24,Beauty,158.41,2025-12-24 15:49:21.240091,47
1434,3,Fitness,152.18,2026-01-27 15:49:21.240353,52
1435,6,Fashion,43.28,2026-01-16 15:49:21.240616,39
1436,28,Gaming,107.93,2026-02-23 15:49:21.240878,22
1437,25,Fitness,425.77,2025-12-15 15:49:21.241140,33
1438,7,Sports,137.63,2026-01-03 15:49:21.241404,46
1439,8,Beauty,31.3,2025-12-24 15:49:21.241666,53
1440,29,Sports,454.35,2026-02-23 15:49:21.241971,28
1441,28,Gaming,468.16,2026-02-17 15:49:21.242263,21
1442,20,Sports,345.11,2025-12-19 15:49:21.242529,54
1443,29,Sports,371.02,2026-02-15 15:49:21.242790,55
1444,24,Beauty,31.49,2025-12-09 15:49:21.243051,53
1445,18,Beauty,331.49,2025-12-07 15:49:21.243314,33
1446,3,Fitness,362.37,2025-12-21 15:49:21.243578,11
1447,22,Gaming,55.78,2026-01-06 15:49:21.243840,59
1448,30,Fitness,145.61,2026-01-23 15:49:21.244148,22
1449,1,Technology,353.65,2026-02-24 15:49:21.244527,51
1450,24,Beauty,485.02,2025-12-26 15:49:21.244946,36
1451,25,Fitness,195.51,2026-01-25 15:49:21.245226,40
1452,27,Fitness,161.63,2026-02-27 15:49:21.245490,35
1453,22,Gaming,155.5,2026-01-18 15:49:21.245756,42
1454,1,Technology,464.76,2026-01-30 15:49:21.246020,42
1455,9,Gaming,267.05,2025-12-06 15:49:21.246284,18
1456,21,Home,426.52,2026-02-07 15:49:21.246552,11
1457,19,Beauty,358.36,2025-12-31 15:49:21.246814,15
1458,24,Beauty,261.87,2026-02-03 15:49:21.247077,55
1459,15,Technology,314.84,2026-01-18 15:49:21.247397,19
1460,29,Sports,185.02,2026-02-04 15:49:21.247660,57
1461,22,Gaming,239.26,2026-02-08 15:49:21.247966,13
1462,13,Sports,166.39,2026-02-21 15:49:21.248242,59
1463,25,Fitness,411.4,2026-02-09 15:49:21.248540,49
1464,13,Sports,486.26,2026-01-11 15:49:21.249000,42
1465,12,Fitness,40.37,2026-02-26 15:49:21.249291,23
1466,16,Fashion,115.52,2025-12-20 15:49:21.249670,13
1467,6,Fashion,459.25,2025-12-18 15:49:21.249969,18
1468,15,Technology,79.63,2025-12-29 15:49:21.250367,13
1469,20,Sports,186.22,2025-12-18 15:49:21.250649,32
1470,15,Technology,270.36,2026-01-24 15:49:21.250933,16
1471,12,Fitness,362.48,2026-02-12 15:49:21.251300,51
1472,11,Gaming,232.46,2025-12-16 15:49:21.251655,56
1473,21,Home,408.54,2025-12-07 15:49:21.252017,45
1474,6,Fashion,79.38,2026-01-31 15:49:21.252305,56
1475,16,Fashion,356.65,2025-12-29 15:49:21.252588,41
1476,7,Sports,280.63,2026-02-10 15:49:21.252941,36
1477,29,Sports,454.11,2026-01-02 15:49:21.253248,22
1478,17,Fitness,169.64,2025-12-03 15:49:21.253608,15
1479,19,Beauty,246.56,2026-01-23 15:49:21.254015,26
1480,25,Fitness,34.86,2025-12-10 15:49:21.254315,22
1481,16,Fashion,232.3,2025-12-18 15:49:21.254669,15
1482,30,Fitness,47.35,2026-01-02 15:49:21.254952,58
1483,26,Home,463.94,2026-01-03 15:49:21.255232,39
1484,16,Fashion,288.81,2026-01-15 15:49:21.255586,35
1485,23,Gaming,284.78,2026-01-11 15:49:21.255895,28
1486,26,Home,274.4,2025-12-23 15:49:21.256265,16
1487,3,Fitness,41.35,2025-12-05 15:49:21.256575,44
1488,23,Gaming,346.12,2026-01-01 15:49:21.256923,51
1489,14,Beauty,34.27,2026-01-23 15:49:21.257294,22
1490,8,Beauty,40.58,2026-01-13 15:49:21.257671,42
1491,17,Fitness,73.41,2026-02-27 15:49:21.258026,10
1492,8,Beauty,131.92,2025-12-13 15:49:21.258311,18
1493,22,Gaming,185.25,2026-01-31 15:49:21.258684,33
1494,7,Sports,174.66,2025-12-20 15:49:21.258993,17
1495,4,Sports,111.84,2025-12-14 15:49:21.259305,10
1496,18,Beauty,429.46,2026-01-04 15:49:21.259658,34
1497,14,Beauty,156.45,2025-12-28 15:49:21.259945,48
1498,29,Sports,405.81,2026-01-16 15:49:21.260227,17
1499,21,Home,390.3,2026-01-30 15:49:21.260506,48
1500,3,Fitness,481.23,2026-01-06 15:49:21.260844,22
1501,15,Technology,398.65,2026-01-29 15:49:21.261243,56
1502,2,Gaming,429.91,2026-01-03 15:49:21.261573,10
1503,23,Gaming,395.92,2026-03-01 15:49:21.261881,40
1504,30,Fitness,316.03,2026-01-27 15:49:21.262191,50
1505,27,Fitness,226.23,2026-01-25 15:49:21.262500,45
1506,18,Beauty,422.55,2025-12-01 15:49:21.262808,43
1507,21,Home,221.91,2025-12-08 15:49:21.263149,34
1508,9,Gaming,54.45,2026-02-17 15:49:21.263454,49
1509,6,Fashion,148.26,2026-01-05 15:49:21.263874,51
1510,1,Technology,217.32,2025-12-17 15:49:21.264346,23
1511,28,Gaming,226.66,2026-01-03 15:49:21.264834,46
1512,24,Beauty,390.58,2025-12-04 15:49:21.265311,34
1513,28,Gaming,202.58,2026-01-05 15:49:21.265748,31
1514,24,Beauty,382.99,2026-01-31 15:49:21.266201,42
1515,3,Fitness,463.02,2026-02-22 15:49:21.266676,34
1516,6,Fashion,471.86,2026-01-24 15:49:21.267105,18
1517,19,Beauty,346.31,2025-12-19 15:49:21.267564,41
1518,26,Home,299.84,2026-01-11 15:49:21.268083,59
1519,5,Technology,469.05,2026-02-16 15:49:21.268662,31
1520,13,Sports,344.61,2026-01-25 15:49:21.269570,43
1521,26,Home,399.3,2025-12-06 15:49:21.269934,18
1522,12,Fitness,154.29,2025-12-03 15:49:21.270275,51
1523,24,Beauty,31.76,2026-02-21 15:49:21.270767,51
1524,25,Fitness,254.53,2026-01-20 15:49:21.271104,59
1525,1,Technology,131.87,2025-12-30 15:49:21.271406,40
1526,29,Sports,186.29,2026-02-23 15:49:21.271812,23
1527,5,Technology,20.76,2026-02-24 15:49:21.272562,10
1528,9,Gaming,84.15,2026-01-13 15:49:21.273041,57
1529,14,Beauty,278.89,2026-02-13 15:49:21.273663,49
1530,24,Beauty,92.56,2026-01-22 15:49:21.274095,10
1531,28,Gaming,316.36,2026-01-26 15:49:21.274557,60
1532,20,Sports,184.76,2026-01-05 15:49:21.274935,31
1533,24,Beauty,59.9,2025-12-23 15:49:21.275243,20
1534,4,Sports,246.71,2026-01-01 15:49:21.275636,37
1535,13,Sports,489.01,2025-12-23 15:49:21.275955,46
1536,20,Sports,364.23,2026-02-07 15:49:21.276245,53
1537,17,Fitness,112.56,2026-01-19 15:49:21.276542,49
1538,18,Beauty,351.54,2026-02-18 15:49:21.276876,47
1539,23,Gaming,256.24,2026-01-14 15:49:21.277185,38
1540,26,Home,53.68,2025-12-31 15:49:21.277481,10
1541,16,Fashion,370.82,2026-02-14 15:49:21.277774,49
1542,20,Sports,130.85,2026-01-06 15:49:21.278067,49
1543,22,Gaming,109.87,2026-02-28 15:49:21.278362,53
1544,29,Sports,394.22,2026-03-01 15:49:21.278655,51
1545,6,Fashion,339.27,2026-01-14 15:49:21.278945,25
1546,17,Fitness,49.93,2026-01-17 15:49:21.279342,59
1547,19,Beauty,188.57,2026-01-20 15:49:21.279703,40
1548,15,Technology,281.06,2025-12-27 15:49:21.280353,40
1549,21,Home,88.99,2026-02-25 15:49:21.280762,27
1550,10,Home,51.58,2025-12-18 15:49:21.281113,39
1551,11,Gaming,135.05,2026-01-30 15:49:21.281457,43
1552,28,Gaming,496.73,2026-02-18 15:49:21.281817,11
1553,23,Gaming,160.95,2026-01-14 15:49:21.282106,57
1554,7,Sports,395.38,2025-12-09 15:49:21.282431,47
1555,3,Fitness,302.9,2026-02-18 15:49:21.282897,14
1556,12,Fitness,495.23,2025-12-21 15:49:21.283292,22
1557,11,Gaming,84.97,2026-02-07 15:49:21.283735,47
1558,27,Fitness,154.35,2026-02-18 15:49:21.284301,35
1559,22,Gaming,379.16,2026-01-24 15:49:21.284726,51
1560,24,Beauty,63.28,2025-12-19 15:49:21.285015,53
1561,25,Fitness,189.68,2026-01-03 15:49:21.285302,22
1562,13,Sports,406.49,2026-02-05 15:49:21.285588,20
1563,5,Technology,154.24,2026-02-18 15:49:21.285881,24
1564,1,Technology,101.19,2026-01-31 15:49:21.286170,58
1565,2,Gaming,49.53,2026-02-23 15:49:21.286454,30
1566,27,Fitness,120.87,2026-02-27 15:49:21.286745,15
1567,5,Technology,302.45,2025-12-17 15:49:21.287030,57
1568,29,Sports,200.65,2026-02-08 15:49:21.287314,13
1569,12,Fitness,163.91,2026-01-10 15:49:21.287600,34
1570,19,Beauty,127.74,2026-02-23 15:49:21.287889,11
1571,9,Gaming,415.77,2025-12-31 15:49:21.288172,25
1572,13,Sports,431.18,2025-12-13 15:49:21.288493,50
1573,20,Sports,108.3,2026-02-11 15:49:21.288818,41
1574,16,Fashion,432.07,2026-02-10 15:49:21.289100,10
1575,11,Gaming,46.62,2026-01-31 15:49:21.289381,35
1576,26,Home,341.32,2026-02-05 15:49:21.289669,46
1577,15,Technology,298.19,2026-02-15 15:49:21.289952,10
1578,16,Fashion,469.96,2026-01-08 15:49:21.290238,22
1579,28,Gaming,261.4,2026-02-03 15:49:21.290520,51
1580,15,Technology,82.57,2025-12-14 15:49:21.290802,51
1581,10,Home,413.82,2026-01-18 15:49:21.291086,57
1582,10,Home,151.35,2025-12-27 15:49:21.291367,31
1583,2,Gaming,193.44,2025-12-11 15:49:21.291648,40
1584,13,Sports,67.12,2025-12-21 15:49:21.291932,60
1585,27,Fitness,154.03,2025-12-12 15:49:21.292214,19
1586,30,Fitness,201.75,2026-02-13 15:49:21.292506,48
1587,29,Sports,110.56,2025-12-23 15:49:21.292790,49
1588,8,Beauty,491.29,2026-02-20 15:49:21.293071,37
1589,17,Fitness,372.09,2025-12-30 15:49:21.293352,48
1590,23,Gaming,87.91,2026-02-19 15:49:21.293632,40
1591,24,Beauty,29.4,2025-12-26 15:49:21.293913,24
1592,1,Technology,474.79,2026-02-28 15:49:21.294203,38
1593,4,Sports,393.41,2025-12-25 15:49:21.294476,17
1594,25,Fitness,400.39,2025-12-30 15:49:21.294749,21
1595,7,Sports,305.55,2025-12-28 15:49:21.295021,22
1596,16,Fashion,268.43,2026-02-20 15:49:21.295294,15
1597,14,Beauty,10.32,2025-12-11 15:49:21.295570,38
1598,19,Beauty,322.95,2026-02-14 15:49:21.295846,35
1599,3,Fitness,418.28,2026-02-28 15:49:21.296121,17
1600,29,Sports,306.99,2026-01-25 15:49:21.296396,58
1601,1,Technology,42.85,2026-02-21 15:49:21.296671,44
1602,19,Beauty,477.35,2026-02-12 15:49:21.296946,45
1603,4,Sports,363.51,2026-02-22 15:49:21.297222,44
1604,2,Gaming,102.24,2026-02-02 15:49:21.297496,60
1605,28,Gaming,220.16,2026-01-14 15:49:21.297770,17
1606,7,Sports,473.02,2025-12-04 15:49:21.298045,26
1607,21,Home,473.15,2026-02-21 15:49:21.298321,14
1608,12,Fitness,409.21,2026-02-24 15:49:21.298599,31
1609,21,Home,29.07,2026-02-10 15:49:21.298875,37
1610,11,Gaming,68.42,2026-01-28 15:49:21.299150,14
1611,3,Fitness,471.61,2026-01-14 15:49:21.299425,12
1612,21,Home,478.2,2026-01-16 15:49:21.299700,10
1613,6,Fashion,17.98,2025-12-19 15:49:21.299975,29
1614,26,Home,109.44,2026-01-04 15:49:21.300251,15
1615,25,Fitness,157.33,2026-01-09 15:49:21.300526,33
1616,21,Home,141.08,2026-02-16 15:49:21.300800,14
1617,23,Gaming,468.49,2025-12-01 15:49:21.301075,14
1618,3,Fitness,295.73,2026-01-13 15:49:21.301351,12
1619,20,Sports,365.85,2026-02-15 15:49:21.301626,10
1620,9,Gaming,50.99,2025-12-27 15:49:21.301901,18
1621,29,Sports,124.19,2025-12-19 15:49:21.302177,56
1622,25,Fitness,125.09,2026-01-22 15:49:21.302456,16
1623,17,Fitness,47.93,2026-02-28 15:49:21.302731,27
1624,18,Beauty,159.96,2025-12-23 15:49:21.303004,16
1625,23,Gaming,380.26,2026-02-11 15:49:21.303279,51
1626,1,Technology,257.12,2026-01-22 15:49:21.303554,56
1627,13,Sports,73.45,2026-01-20 15:49:21.303834,54
1628,18,Beauty,333.29,2026-01-28 15:49:21.304120,32
1629,9,Gaming,138.43,2026-02-04 15:49:21.304545,37
1630,12,Fitness,17.92,2026-02-11 15:49:21.304807,13
1631,9,Gaming,303.03,2026-01-24 15:49:21.305371,60
1632,6,Fashion,259.07,2025-12-11 15:49:21.305682,30
1633,23,Gaming,94.01,2026-01-15 15:49:21.305944,33
1634,3,Fitness,365.04,2025-12-17 15:49:21.306205,42
1635,16,Fashion,371.46,2026-01-18 15:49:21.306467,20
1636,22,Gaming,56.29,2026-01-30 15:49:21.306728,11
1637,25,Fitness,452.39,2025-12-27 15:49:21.306991,34
1638,2,Gaming,391.72,2026-02-12 15:49:21.307251,20
1639,9,Gaming,427.72,2025-12-08 15:49:21.307514,47
1640,28,Gaming,249.83,2025-12-24 15:49:21.307776,57
1641,15,Technology,167.34,2026-01-20 15:49:21.308037,28
1642,23,Gaming,409.01,2026-01-12 15:49:21.308297,42
1643,2,Gaming,211.8,2025-12-29 15:49:21.308558,50
1644,23,Gaming,486.18,2026-01-01 15:49:21.308819,32
1645,30,Fitness,192.27,2026-01-18 15:49:21.309078,23
1646,20,Sports,167.56,2026-01-25 15:49:21.309341,47
1647,2,Gaming,380.85,2026-02-11 15:49:21.309600,55
1648,29,Sports,205.04,2026-02-08 15:49:21.309864,52
1649,28,Gaming,47.89,2026-01-07 15:49:21.310124,43
1650,23,Gaming,192.66,2026-01-30 15:49:21.310385,31
1651,20,Sports,76.52,2025-12-11 15:49:21.310646,38
1652,22,Gaming,322.73,2026-01-12 15:49:21.310907,50
1653,4,Sports,240.42,2025-12-22 15:49:21.311167,48
1654,13,Sports,423.13,2026-02-26 15:49:21.311426,24
1655,21,Home,405.5,2026-02-25 15:49:21.311688,17
1656,14,Beauty,422.6,2026-01-18 15:49:21.311949,60
1657,28,Gaming,420.73,2025-12-10 15:49:21.312209,20
1658,30,Fitness,407.28,2025-12-20 15:49:21.312469,31
1659,21,Home,247.87,2025-12-02 15:49:21.312730,22
1660,8,Beauty,396.52,2025-12-29 15:49:21.312991,35
1661,8,Beauty,98.2,2026-02-05 15:49:21.313251,37
1662,5,Technology,466.69,2025-12-05 15:49:21.313512,37
1663,27,Fitness,199.43,2026-02-12 15:49:21.313772,50
1664,5,Technology,66.17,2026-02-28 15:49:21.314033,28
1665,16,Fashion,366.54,2026-01-29 15:49:21.314294,55
1666,24,Beauty,326.34,2026-01-18 15:49:21.314558,50
1667,10,Home,134.52,2026-01-05 15:49:21.314821,15
1668,3,Fitness,148.73,2026-02-24 15:49:21.315083,59
1669,4,Sports,436.1,2025-12-10 15:49:21.315344,34
1670,24,Beauty,17.71,2026-01-04 15:49:21.315606,42
1671,1,Technology,182.22,2026-01-02 15:49:21.315867,25
1672,19,Beauty,386.45,2026-02-18 15:49:21.316132,54
1673,18,Beauty,182.32,2026-01-04 15:49:21.316392,50
1674,28,Gaming,59.57,2026-01-31 15:49:21.316652,59
1675,15,Technology,165.48,2025-12-11 15:49:21.316914,59
1676,21,Home,291.67,2026-01-18 15:49:21.317179,20
1677,23,Gaming,253.73,2025-12-23 15:49:21.317438,25
1678,23,Gaming,431.28,2026-02-13 15:49:21.317700,27
1679,27,Fitness,275.77,2025-12-19 15:49:21.317962,18
1680,5,Technology,437.51,2026-02-12 15:49:21.318222,56
1681,24,Beauty,162.67,2026-01-10 15:49:21.318486,35
1682,21,Home,484.16,2025-12-22 15:49:21.318748,15
1683,30,Fitness,368.86,2026-02-16 15:49:21.319008,32
1684,11,Gaming,94.49,2026-01-29 15:49:21.319269,50
1685,13,Sports,383.21,2026-02-13 15:49:21.319530,23
1686,1,Technology,304.69,2026-01-30 15:49:21.319790,45
1687,15,Technology,446.45,2025-12-29 15:49:21.320052,28
1688,27,Fitness,359.55,2025-12-23 15:49:21.320313,13
1689,6,Fashion,107.03,2026-01-20 15:49:21.320572,26
1690,9,Gaming,465.63,2026-02-01 15:49:21.320831,31
1691,13,Sports,175.35,2026-01-05 15:49:21.321377,54
1692,18,Beauty,483.19,2026-02-13 15:49:21.321726,38
1693,10,Home,174.88,2026-01-22 15:49:21.321986,37
1694,13,Sports,252.95,2026-01-14 15:49:21.322248,29
1695,14,Beauty,367.55,2026-01-29 15:49:21.322513,57
1696,10,Home,336.05,2026-01-14 15:49:21.322772,14
1697,24,Beauty,352.0,2026-02-24 15:49:21.323033,17
1698,30,Fitness,299.29,2026-01-18 15:49:21.323294,46
1699,30,Fitness,109.61,2025-12-09 15:49:21.323554,54
1700,14,Beauty,286.19,2026-01-29 15:49:21.323821,29
1701,7,Sports,345.01,2025-12-01 15:49:21.324081,20
1702,19,Beauty,45.17,2026-01-11 15:49:21.324343,14
1703,1,Technology,423.96,2025-12-14 15:49:21.324605,24
1704,29,Sports,436.14,2025-12-03 15:49:21.324866,38
1705,17,Fitness,445.86,2026-02-02 15:49:21.325128,28
1706,25,Fitness,20.5,2026-02-17 15:49:21.325389,57
1707,2,Gaming,18.79,2026-01-30 15:49:21.325655,29
1708,2,Gaming,215.44,2026-02-07 15:49:21.325918,34
1709,26,Home,245.19,2026-01-30 15:49:21.326179,55
1710,7,Sports,437.33,2025-12-12 15:49:21.326439,23
1711,15,Technology,84.13,2026-02-12 15:49:21.326699,52
1712,26,Home,455.5,2026-02-12 15:49:21.326959,41
1713,24,Beauty,369.03,2025-12-09 15:49:21.327220,47
1714,15,Technology,287.9,2026-02-21 15:49:21.327479,23
1715,19,Beauty,458.65,2026-01-14 15:49:21.327743,55
1716,21,Home,22.95,2026-02-28 15:49:21.328004,33
1717,24,Beauty,301.26,2026-02-09 15:49:21.328269,38
1718,26,Home,302.23,2026-01-05 15:49:21.328530,18
1719,14,Beauty,247.92,2026-02-23 15:49:21.328790,45
1720,30,Fitness,141.94,2026-02-14 15:49:21.329049,45
1721,7,Sports,65.77,2026-01-24 15:49:21.329308,16
1722,22,Gaming,141.77,2025-12-25 15:49:21.329568,17
1723,28,Gaming,306.21,2026-02-03 15:49:21.329830,58
1724,12,Fitness,459.99,2025-12-16 15:49:21.330091,14
1725,18,Beauty,336.57,2025-12-11 15:49:21.330349,32
1726,7,Sports,357.83,2025-12-06 15:49:21.330609,41
1727,24,Beauty,218.35,2026-02-04 15:49:21.330868,34
1728,16,Fashion,457.8,2026-02-19 15:49:21.331127,53
1729,30,Fitness,260.01,2025-12-17 15:49:21.331388,15
1730,5,Technology,224.39,2026-01-25 15:49:21.331649,44
1731,19,Beauty,398.47,2026-01-29 15:49:21.331908,48
1732,22,Gaming,331.84,2026-03-01 15:49:21.332172,10
1733,15,Technology,325.16,2026-01-17 15:49:21.332431,50
1734,28,Gaming,452.78,2026-02-12 15:49:21.332696,13
1735,26,Home,495.32,2026-01-11 15:49:21.332957,22
1736,14,Beauty,396.73,2026-01-26 15:49:21.333217,56
1737,22,Gaming,109.75,2025-12-19 15:49:21.333477,57
1738,21,Home,183.9,2025-12-06 15:49:21.333737,50
1739,26,Home,30.92,2025-12-30 15:49:21.333996,43
1740,27,Fitness,34.4,2025-12-24 15:49:21.334255,23
1741,9,Gaming,355.56,2025-12-08 15:49:21.334513,47
1742,21,Home,477.87,2025-12-06 15:49:21.334777,35
1743,29,Sports,18.63,2026-01-29 15:49:21.335036,42
1744,23,Gaming,449.75,2025-12-09 15:49:21.335303,10
1745,10,Home,465.28,2026-01-21 15:49:21.335563,26
1746,16,Fashion,489.57,2026-02-05 15:49:21.335824,29
1747,15,Technology,352.69,2025-12-17 15:49:21.336085,24
1748,2,Gaming,58.05,2026-02-27 15:49:21.336345,47
1749,27,Fitness,235.57,2026-01-07 15:49:21.336741,37
1750,9,Gaming,397.86,2025-12-29 15:49:21.337004,57
1751,12,Fitness,396.79,2026-01-20 15:49:21.337265,49
1752,28,Gaming,334.66,2025-12-16 15:49:21.337526,42
1753,18,Beauty,374.42,2025-12-08 15:49:21.337787,14
1754,13,Sports,51.6,2026-01-25 15:49:21.338048,20
1755,18,Beauty,10.54,2025-12-28 15:49:21.338347,48
1756,29,Sports,229.48,2026-01-17 15:49:21.338609,47
1757,11,Gaming,171.66,2025-12-30 15:49:21.338870,11
1758,30,Fitness,231.08,2025-12-26 15:49:21.339131,34
1759,30,Fitness,35.1,2025-12-24 15:49:21.339392,32
1760,9,Gaming,263.58,2026-02-19 15:49:21.339652,31
1761,23,Gaming,440.06,2026-02-01 15:49:21.339911,60
1762,3,Fitness,249.01,2026-02-02 15:49:21.340173,59
1763,6,Fashion,212.73,2025-12-11 15:49:21.340434,40
1764,11,Gaming,17.27,2026-02-16 15:49:21.340695,56
1765,23,Gaming,482.61,2025-12-12 15:49:21.340957,18
1766,11,Gaming,195.09,2026-02-21 15:49:21.341219,17
1767,6,Fashion,23.2,2025-12-05 15:49:21.341479,18
1768,9,Gaming,23.16,2025-12-30 15:49:21.341743,35
1769,12,Fitness,220.43,2025-12-30 15:49:21.342005,54
1770,30,Fitness,431.94,2025-12-09 15:49:21.342268,38
1771,9,Gaming,46.7,2025-12-02 15:49:21.342530,19
1772,24,Beauty,52.18,2025-12-17 15:49:21.342791,51
1773,23,Gaming,342.09,2025-12-05 15:49:21.343051,18
1774,1,Technology,372.8,2026-01-15 15:49:21.343311,18
1775,3,Fitness,83.92,2025-12-29 15:49:21.343575,41
1776,23,Gaming,362.58,2026-02-09 15:49:21.343835,42
1777,13,Sports,411.95,2025-12-09 15:49:21.344097,55
1778,3,Fitness,167.38,2026-02-07 15:49:21.344357,59
1779,8,Beauty,294.72,2025-12-13 15:49:21.344616,47
1780,13,Sports,222.15,2026-01-05 15:49:21.344877,23
1781,15,Technology,463.64,2025-12-28 15:49:21.345135,48
1782,30,Fitness,237.63,2026-01-21 15:49:21.345394,44
1783,26,Home,346.38,2026-01-18 15:49:21.345652,59
1784,1,Technology,438.46,2025-12-20 15:49:21.345912,53
1785,20,Sports,330.45,2026-01-23 15:49:21.346172,18
1786,27,Fitness,443.55,2026-01-14 15:49:21.346431,26
1787,18,Beauty,427.47,2026-02-05 15:49:21.346690,58
1788,15,Technology,141.39,2025-12-05 15:49:21.346949,22
1789,22,Gaming,423.17,2025-12-20 15:49:21.347207,42
1790,15,Technology,468.78,2025-12-28 15:49:21.347469,51
1791,15,Technology,434.02,2026-01-01 15:49:21.347729,57
1792,4,Sports,190.28,2025-12-18 15:49:21.347988,41
1793,28,Gaming,274.33,2025-12-21 15:49:21.348250,12
1794,21,Home,75.68,2026-02-16 15:49:21.348509,22
1795,11,Gaming,156.02,2026-02-23 15:49:21.348767,54
1796,30,Fitness,485.18,2026-03-01 15:49:21.349028,15
1797,12,Fitness,289.37,2026-01-05 15:49:21.349288,41
1798,22,Gaming,143.62,2026-02-20 15:49:21.349549,27
1799,23,Gaming,278.77,2026-01-03 15:49:21.349810,31
1800,22,Gaming,203.97,2026-01-26 15:49:21.350070,15
1801,11,Gaming,203.8,2025-12-19 15:49:21.350329,52
1802,3,Fitness,473.36,2026-01-26 15:49:21.350590,48
1803,14,Beauty,372.41,2026-02-28 15:49:21.350850,50
1804,3,Fitness,328.57,2026-01-30 15:49:21.351110,11
1805,24,Beauty,424.19,2025-12-28 15:49:21.351371,47
1806,23,Gaming,373.22,2025-12-20 15:49:21.351632,34
1807,30,Fitness,200.38,2026-02-28 15:49:21.351891,24
1808,18,Beauty,306.66,2026-01-13 15:49:21.352319,14
1809,12,Fitness,106.44,2026-01-09 15:49:21.352851,28
1810,16,Fashion,186.27,2026-01-17 15:49:21.353349,35
1811,3,Fitness,144.32,2026-01-23 15:49:21.353766,36
1812,24,Beauty,155.88,2026-01-28 15:49:21.354164,48
1813,5,Technology,282.31,2026-01-06 15:49:21.354531,22
1814,15,Technology,320.24,2026-01-06 15:49:21.354817,35
1815,7,Sports,432.16,2025-12-26 15:49:21.355361,23
1816,27,Fitness,58.72,2026-02-01 15:49:21.355656,16
1817,15,Technology,351.36,2026-01-07 15:49:21.355918,53
1818,7,Sports,31.3,2026-02-23 15:49:21.356220,47
1819,16,Fashion,325.43,2025-12-20 15:49:21.356481,31
1820,16,Fashion,476.25,2025-12-03 15:49:21.356742,29
1821,6,Fashion,311.47,2026-01-26 15:49:21.357003,34
1822,11,Gaming,286.91,2025-12-08 15:49:21.357315,30
1823,10,Home,146.77,2026-01-20 15:49:21.357576,23
1824,16,Fashion,487.25,2026-01-29 15:49:21.357836,17
1825,12,Fitness,426.44,2025-12-18 15:49:21.358116,49
1826,13,Sports,349.03,2026-02-24 15:49:21.358398,27
1827,20,Sports,169.23,2026-02-18 15:49:21.358658,34
1828,4,Sports,251.15,2026-02-02 15:49:21.358921,12
1829,7,Sports,101.88,2026-02-08 15:49:21.359222,54
1830,5,Technology,397.46,2026-03-01 15:49:21.359482,16
1831,16,Fashion,112.13,2026-02-17 15:49:21.359743,59
1832,29,Sports,18.58,2026-01-13 15:49:21.360008,25
1833,1,Technology,42.16,2025-12-14 15:49:21.360311,20
1834,20,Sports,265.89,2026-01-30 15:49:21.360572,20
1835,11,Gaming,352.94,2026-02-26 15:49:21.360832,39
1836,9,Gaming,494.8,2026-01-31 15:49:21.361111,30
1837,1,Technology,355.17,2026-01-01 15:49:21.361393,36
1838,20,Sports,147.91,2026-02-21 15:49:21.361653,48
1839,21,Home,114.25,2026-01-30 15:49:21.361915,23
1840,26,Home,92.36,2025-12-03 15:49:21.362232,32
1841,27,Fitness,428.54,2026-01-29 15:49:21.362494,33
1842,20,Sports,372.65,2025-12-07 15:49:21.362754,32
1843,1,Technology,354.67,2025-12-28 15:49:21.363014,55
1844,24,Beauty,239.63,2026-02-04 15:49:21.363328,15
1845,27,Fitness,420.29,2026-01-01 15:49:21.363589,35
1846,23,Gaming,314.19,2026-02-12 15:49:21.363847,16
1847,24,Beauty,186.95,2026-02-24 15:49:21.364148,20
1848,17,Fitness,172.52,2026-02-28 15:49:21.364409,25
1849,3,Fitness,163.02,2026-03-01 15:49:21.364669,55
1850,20,Sports,90.76,2025-12-24 15:49:21.364930,34
1851,28,Gaming,421.13,2026-01-22 15:49:21.365236,51
1852,21,Home,199.31,2025-12-04 15:49:21.365502,53
1853,22,Gaming,280.45,2026-01-17 15:49:21.365761,36
1854,17,Fitness,374.72,2025-12-18 15:49:21.366022,23
1855,14,Beauty,18.47,2026-01-08 15:49:21.366322,13
1856,19,Beauty,257.59,2026-02-25 15:49:21.366581,12
1857,22,Gaming,365.19,2025-12-31 15:49:21.366841,23
1858,29,Sports,235.68,2026-02-15 15:49:21.367137,29
1859,23,Gaming,371.4,2026-02-07 15:49:21.367494,50
1860,3,Fitness,325.62,2025-12-23 15:49:21.367753,53
1861,17,Fitness,256.48,2025-12-02 15:49:21.368013,53
1862,16,Fashion,20.09,2026-01-21 15:49:21.368316,16
1863,26,Home,325.84,2025-12-03 15:49:21.368577,10
1864,5,Technology,299.78,2026-02-03 15:49:21.368835,24
1865,9,Gaming,36.94,2025-12-26 15:49:21.369123,24
1866,4,Sports,109.34,2025-12-31 15:49:21.369404,43
1867,28,Gaming,459.72,2026-01-03 15:49:21.369666,55
1868,25,Fitness,411.48,2026-01-22 15:49:21.369928,23
1869,10,Home,126.73,2026-02-03 15:49:21.370230,34
1870,15,Technology,298.82,2025-12-25 15:49:21.370495,31
1871,19,Beauty,26.94,2026-03-01 15:49:21.370760,33
1872,10,Home,460.25,2026-02-20 15:49:21.371019,38
1873,12,Fitness,121.05,2025-12-07 15:49:21.371334,10
1874,30,Fitness,162.07,2025-12-30 15:49:21.371750,16
1875,19,Beauty,93.22,2026-02-17 15:49:21.372243,52
1876,11,Gaming,122.74,2025-12-08 15:49:21.372600,39
1877,7,Sports,272.35,2026-02-02 15:49:21.372996,38
1878,3,Fitness,116.31,2026-03-01 15:49:21.373322,35
1879,17,Fitness,77.45,2025-12-01 15:49:21.373584,29
1880,15,Technology,330.31,2026-02-26 15:49:21.373845,46
1881,16,Fashion,175.6,2025-12-29 15:49:21.374130,26
1882,18,Beauty,403.92,2025-12-25 15:49:21.374404,37
1883,8,Beauty,482.62,2025-12-23 15:49:21.374679,59
1884,1,Technology,377.49,2026-02-02 15:49:21.374955,36
1885,24,Beauty,457.0,2025-12-20 15:49:21.375236,38
1886,9,Gaming,324.05,2026-02-12 15:49:21.375509,44
1887,28,Gaming,231.56,2026-01-16 15:49:21.375784,16
1888,16,Fashion,301.44,2026-01-30 15:49:21.376064,48
1889,8,Beauty,387.16,2025-12-16 15:49:21.376339,44
1890,5,Technology,145.67,2026-01-26 15:49:21.376620,54
1891,5,Technology,248.86,2026-02-28 15:49:21.376894,35
1892,19,Beauty,423.75,2025-12-05 15:49:21.377174,47
1893,9,Gaming,265.95,2025-12-25 15:49:21.377450,27
1894,6,Fashion,286.9,2026-02-19 15:49:21.377727,26
1895,14,Beauty,50.45,2026-01-03 15:49:21.378008,37
1896,10,Home,115.67,2025-12-02 15:49:21.378290,26
1897,18,Beauty,444.24,2026-01-26 15:49:21.378566,16
1898,25,Fitness,499.28,2025-12-31 15:49:21.378840,59
1899,1,Technology,156.98,2025-12-20 15:49:21.379122,42
1900,24,Beauty,204.62,2025-12-17 15:49:21.379401,34
1901,10,Home,279.32,2025-12-11 15:49:21.379675,40
1902,6,Fashion,211.98,2026-01-24 15:49:21.379951,20
1903,27,Fitness,10.91,2026-01-09 15:49:21.380233,47
1904,25,Fitness,38.65,2025-12-23 15:49:21.380508,21
1905,30,Fitness,381.87,2026-01-21 15:49:21.380783,14
1906,14,Beauty,164.63,2026-01-01 15:49:21.381057,58
1907,25,Fitness,318.01,2026-02-21 15:49:21.381355,49
1908,25,Fitness,241.39,2025-12-31 15:49:21.381630,44
1909,27,Fitness,394.47,2026-01-14 15:49:21.381907,58
1910,25,Fitness,187.09,2025-12-28 15:49:21.382195,42
1911,25,Fitness,271.24,2025-12-17 15:49:21.382471,39
1912,10,Home,297.89,2026-01-18 15:49:21.382746,54
1913,5,Technology,73.17,2026-01-31 15:49:21.383020,19
1914,16,Fashion,44.08,2026-01-08 15:49:21.383302,17
1915,2,Gaming,215.37,2025-12-22 15:49:21.383576,27
1916,24,Beauty,113.81,2026-02-13 15:49:21.383849,43
1917,1,Technology,324.1,2025-12-22 15:49:21.384172,48
1918,4,Sports,355.25,2026-01-20 15:49:21.384434,33
1919,29,Sports,167.11,2026-02-11 15:49:21.384694,58
1920,30,Fitness,453.45,2025-12-12 15:49:21.384954,27
1921,28,Gaming,21.76,2025-12-04 15:49:21.385259,24
1922,21,Home,18.56,2026-02-27 15:49:21.385520,24
1923,14,Beauty,352.31,2025-12-16 15:49:21.385786,11
1924,6,Fashion,482.46,2026-02-04 15:49:21.386084,51
1925,25,Fitness,445.98,2026-02-19 15:49:21.386361,42
1926,21,Home,453.26,2026-01-09 15:49:21.386622,28
1927,22,Gaming,183.69,2025-12-29 15:49:21.386883,22
1928,17,Fitness,319.32,2026-02-28 15:49:21.387328,32
1929,7,Sports,99.59,2026-01-02 15:49:21.387602,28
1930,24,Beauty,229.7,2026-01-31 15:49:21.387865,51
1931,30,Fitness,256.19,2025-12-07 15:49:21.388192,43
1932,2,Gaming,342.49,2026-01-27 15:49:21.388539,50
1933,7,Sports,376.02,2026-02-05 15:49:21.388802,31
1934,20,Sports,349.58,2025-12-09 15:49:21.389123,48
1935,22,Gaming,207.52,2025-12-18 15:49:21.389459,36
1936,11,Gaming,173.97,2026-02-01 15:49:21.389720,27
1937,28,Gaming,220.83,2026-01-22 15:49:21.389981,28
1938,29,Sports,76.51,2026-02-06 15:49:21.390241,24
1939,6,Fashion,155.36,2026-02-20 15:49:21.390502,18
1940,17,Fitness,381.79,2025-12-14 15:49:21.390762,54
1941,6,Fashion,404.05,2025-12-28 15:49:21.391026,32
1942,26,Home,494.08,2026-01-03 15:49:21.391287,44
1943,9,Gaming,362.93,2025-12-02 15:49:21.391548,40
1944,20,Sports,370.16,2025-12-07 15:49:21.391808,34
1945,8,Beauty,479.63,2026-02-09 15:49:21.392067,21
1946,4,Sports,76.83,2025-12-24 15:49:21.392331,32
1947,26,Home,434.97,2026-01-07 15:49:21.392592,58
1948,26,Home,43.87,2026-01-28 15:49:21.392853,46
1949,20,Sports,315.38,2026-02-04 15:49:21.393117,58
1950,3,Fitness,102.34,2026-01-10 15:49:21.393375,42
1951,6,Fashion,99.32,2025-12-15 15:49:21.393639,42
1952,12,Fitness,79.12,2026-01-19 15:49:21.393900,18
1953,30,Fitness,154.97,2026-02-27 15:49:21.394160,42
1954,2,Gaming,488.58,2025-12-10 15:49:21.394421,21
1955,21,Home,272.07,2026-02-15 15:49:21.394680,12
1956,21,Home,294.05,2026-01-25 15:49:21.394943,20
1957,22,Gaming,322.84,2025-12-05 15:49:21.395203,17
1958,25,Fitness,472.42,2026-01-15 15:49:21.395462,10
1959,7,Sports,100.66,2026-01-02 15:49:21.395724,16
1960,1,Technology,67.5,2026-01-10 15:49:21.395985,22
1961,7,Sports,63.31,2025-12-18 15:49:21.396247,58
1962,16,Fashion,493.29,2025-12-20 15:49:21.396506,29
1963,21,Home,468.89,2025-12-31 15:49:21.396765,38
1964,22,Gaming,168.29,2025-12-16 15:49:21.397026,53
1965,17,Fitness,202.98,2025-12-14 15:49:21.397284,37
1966,1,Technology,322.34,2026-02-02 15:49:21.397545,24
1967,28,Gaming,448.41,2025-12-17 15:49:21.397802,49
1968,1,Technology,334.01,2025-12-31 15:49:21.398064,23
1969,2,Gaming,350.81,2026-01-07 15:49:21.398322,51
1970,9,Gaming,436.8,2026-01-14 15:49:21.398581,24
1971,14,Beauty,255.84,2025-12-05 15:49:21.398839,33
1972,18,Beauty,410.76,2026-01-24 15:49:21.399103,56
1973,2,Gaming,380.13,2025-12-02 15:49:21.399366,17
1974,16,Fashion,296.9,2025-12-15 15:49:21.399626,38
1975,4,Sports,97.59,2025-12-23 15:49:21.399885,50
1976,14,Beauty,349.44,2025-12-15 15:49:21.400146,42
1977,17,Fitness,247.65,2025-12-09 15:49:21.400409,22
1978,15,Technology,488.8,2025-12-09 15:49:21.400669,10
1979,1,Technology,396.21,2025-12-23 15:49:21.400928,22
1980,17,Fitness,427.13,2025-12-09 15:49:21.401192,45
1981,3,Fitness,332.53,2025-12-21 15:49:21.401453,43
1982,7,Sports,204.52,2026-01-13 15:49:21.401712,49
1983,6,Fashion,56.4,2025-12-10 15:49:21.401972,51
1984,29,Sports,402.36,2026-01-27 15:49:21.402233,45
1985,11,Gaming,436.81,2026-01-23 15:49:21.402494,49
1986,19,Beauty,95.43,2025-12-30 15:49:21.402755,13
1987,23,Gaming,40.12,2026-01-18 15:49:21.403017,26
1988,19,Beauty,145.22,2026-01-24 15:49:21.403284,23
1989,29,Sports,423.74,2026-02-23 15:49:21.403547,59
1990,16,Fashion,211.42,2026-02-12 15:49:21.403810,43
1991,11,Gaming,312.11,2026-01-04 15:49:21.404071,14
1992,27,Fitness,172.48,2026-02-09 15:49:21.404332,59
1993,23,Gaming,381.35,2026-02-17 15:49:21.404594,57
1994,10,Home,128.84,2026-01-06 15:49:21.405025,33
1995,7,Sports,140.55,2025-12-27 15:49:21.405311,44
1996,30,Fitness,199.4,2026-01-03 15:49:21.405576,10
1997,24,Beauty,45.51,2026-01-04 15:49:21.405841,10
1998,26,Home,467.65,2026-02-12 15:49:21.406101,53
1999,13,Sports,493.0,2026-02-07 15:49:21.406362,31
2000,19,Beauty,459.66,2025-12-02 15:49:21.406623,31
2001,20,Sports,496.33,2026-01-15 15:49:21.406909,33
2002,17,Fitness,267.16,2026-02-22 15:49:21.407172,37
2003,15,Technology,173.14,2026-02-08 15:49:21.407435,54
2004,24,Beauty,248.31,2026-01-04 15:49:21.407697,22
2005,14,Beauty,34.34,2026-02-14 15:49:21.407961,13
2006,27,Fitness,122.54,2026-01-07 15:49:21.408224,27
2007,7,Sports,193.25,2026-01-19 15:49:21.408491,40
2008,29,Sports,334.69,2026-01-30 15:49:21.408753,11
2009,10,Home,339.6,2025-12-08 15:49:21.409015,58
2010,28,Gaming,421.42,2026-02-20 15:49:21.409279,32
2011,4,Sports,248.92,2026-01-07 15:49:21.409539,44
2012,21,Home,180.35,2026-01-22 15:49:21.409799,53
2013,19,Beauty,240.93,2025-12-12 15:49:21.410062,13
2014,23,Gaming,81.92,2025-12-31 15:49:21.410322,26
2015,20,Sports,320.62,2026-02-08 15:49:21.410583,26
2016,4,Sports,386.7,2026-01-21 15:49:21.410844,20
2017,21,Home,115.89,2026-01-06 15:49:21.411106,41
2018,8,Beauty,316.69,2026-01-22 15:49:21.411372,51
2019,10,Home,42.15,2025-12-28 15:49:21.411633,29
2020,17,Fitness,378.01,2026-02-03 15:49:21.411898,21
2021,14,Beauty,279.28,2026-02-04 15:49:21.412159,56
2022,18,Beauty,412.42,2026-01-20 15:49:21.412423,32
2023,26,Home,23.81,2026-01-12 15:49:21.412684,29
2024,23,Gaming,186.58,2026-01-02 15:49:21.412945,33
2025,9,Gaming,253.61,2025-12-03 15:49:21.413207,14
2026,18,Beauty,329.48,2026-02-08 15:49:21.413469,44
2027,16,Fashion,15.49,2025-12-11 15:49:21.413735,50
2028,30,Fitness,363.01,2025-12-24 15:49:21.413995,41
2029,27,Fitness,311.33,2026-02-11 15:49:21.414260,34
2030,18,Beauty,113.81,2026-01-29 15:49:21.414523,54
2031,24,Beauty,313.69,2025-12-13 15:49:21.414786,55
2032,12,Fitness,299.49,2026-01-08 15:49:21.415047,56
2033,28,Gaming,156.52,2025-12-21 15:49:21.415309,45
2034,20,Sports,96.37,2025-12-25 15:49:21.415573,48
2035,20,Sports,21.95,2026-02-09 15:49:21.415835,44
2036,3,Fitness,53.43,2026-02-15 15:49:21.416096,48
2037,11,Gaming,206.92,2026-01-27 15:49:21.416369,11
2038,29,Sports,369.24,2025-12-25 15:49:21.416632,24
2039,16,Fashion,265.16,2025-12-19 15:49:21.416898,55
2040,11,Gaming,273.83,2026-01-12 15:49:21.417162,24
2041,9,Gaming,478.39,2026-02-25 15:49:21.417423,40
2042,21,Home,101.63,2026-01-20 15:49:21.417690,31
2043,1,Technology,102.93,2026-02-25 15:49:21.417952,42
2044,4,Sports,100.98,2026-02-19 15:49:21.418213,24
2045,11,Gaming,101.77,2026-02-19 15:49:21.418478,53
2046,5,Technology,315.4,2026-01-28 15:49:21.418744,28
2047,29,Sports,355.1,2026-01-04 15:49:21.419007,15
2048,11,Gaming,494.11,2026-01-08 15:49:21.419270,39
2049,9,Gaming,386.01,2025-12-26 15:49:21.419534,27
2050,19,Beauty,399.18,2025-12-16 15:49:21.419796,25
2051,22,Gaming,459.07,2025-12-27 15:49:21.420059,29
2052,25,Fitness,355.11,2025-12-28 15:49:21.420320,48
2053,15,Technology,173.98,2026-02-28 15:49:21.420711,46
2054,17,Fitness,463.05,2025-12-22 15:49:21.420973,11
2055,9,Gaming,57.12,2026-02-15 15:49:21.421233,12
2056,16,Fashion,192.09,2026-02-20 15:49:21.421515,44
2057,15,Technology,439.28,2026-01-12 15:49:21.421829,28
2058,25,Fitness,37.41,2026-01-24 15:49:21.422089,21
2059,18,Beauty,250.6,2025-12-08 15:49:21.422351,53
2060,3,Fitness,54.19,2026-01-11 15:49:21.422613,58
2061,5,Technology,92.28,2025-12-29 15:49:21.422874,39
2062,2,Gaming,309.04,2026-02-07 15:49:21.423136,11
2063,14,Beauty,187.66,2026-02-16 15:49:21.423399,28
2064,7,Sports,332.13,2025-12-10 15:49:21.423663,42
2065,15,Technology,353.2,2025-12-31 15:49:21.423926,51
2066,9,Gaming,114.41,2026-02-19 15:49:21.424188,11
2067,10,Home,131.78,2026-01-28 15:49:21.424451,15
2068,18,Beauty,217.5,2026-01-07 15:49:21.424714,34
2069,30,Fitness,334.96,2026-01-08 15:49:21.424977,27
2070,2,Gaming,119.14,2026-01-06 15:49:21.425241,14
2071,17,Fitness,445.77,2026-02-02 15:49:21.425503,20
2072,11,Gaming,401.02,2026-01-01 15:49:21.425767,17
2073,28,Gaming,252.81,2026-02-28 15:49:21.426028,58
2074,3,Fitness,181.76,2026-02-04 15:49:21.426289,12
2075,29,Sports,430.27,2025-12-25 15:49:21.426552,54
2076,17,Fitness,71.72,2026-01-20 15:49:21.426818,17
2077,7,Sports,131.97,2026-02-24 15:49:21.427080,60
2078,28,Gaming,194.52,2026-01-20 15:49:21.427342,60
2079,21,Home,162.89,2026-01-02 15:49:21.427603,19
2080,14,Beauty,10.94,2026-02-07 15:49:21.427864,25
2081,27,Fitness,372.88,2026-01-31 15:49:21.428125,12
2082,17,Fitness,422.45,2025-12-02 15:49:21.428387,12
2083,17,Fitness,381.72,2025-12-31 15:49:21.428647,22
2084,8,Beauty,132.78,2026-01-29 15:49:21.428907,24
2085,6,Fashion,379.84,2026-01-01 15:49:21.429170,11
2086,20,Sports,33.47,2025-12-13 15:49:21.429430,58
2087,18,Beauty,27.05,2026-01-12 15:49:21.429691,49
2088,18,Beauty,150.84,2026-02-11 15:49:21.429952,27
2089,10,Home,450.94,2025-12-22 15:49:21.430212,11
2090,27,Fitness,213.67,2025-12-08 15:49:21.430473,11
2091,10,Home,269.62,2026-01-13 15:49:21.430734,25
2092,9,Gaming,229.49,2026-02-09 15:49:21.431002,26
2093,10,Home,277.09,2026-01-04 15:49:21.431264,48
2094,27,Fitness,426.64,2025-12-08 15:49:21.431526,22
2095,30,Fitness,199.26,2026-02-25 15:49:21.431787,55
2096,7,Sports,425.88,2026-01-09 15:49:21.432049,60
2097,22,Gaming,405.2,2026-01-23 15:49:21.432310,46
2098,5,Technology,411.87,2026-01-23 15:49:21.432572,60
2099,29,Sports,25.57,2025-12-24 15:49:21.432835,12
2100,29,Sports,291.16,2026-02-10 15:49:21.433097,23
2101,14,Beauty,89.44,2026-02-08 15:49:21.433360,40
2102,16,Fashion,240.42,2026-02-21 15:49:21.433621,23
2103,30,Fitness,212.56,2026-01-04 15:49:21.433885,10
2104,24,Beauty,367.44,2026-02-20 15:49:21.434149,34
2105,12,Fitness,447.01,2026-01-25 15:49:21.434415,35
2106,29,Sports,201.41,2025-12-07 15:49:21.434677,36
2107,23,Gaming,223.82,2026-01-16 15:49:21.434939,60
2108,11,Gaming,267.57,2026-02-07 15:49:21.435204,53
2109,17,Fitness,179.67,2026-01-01 15:49:21.435465,14
2110,8,Beauty,338.21,2026-02-24 15:49:21.435725,25
2111,27,Fitness,426.3,2026-01-08 15:49:21.435986,30
2112,7,Sports,106.35,2026-01-08 15:49:21.436534,27
2113,19,Beauty,193.81,2026-01-11 15:49:21.437088,21
2114,5,Technology,144.15,2026-01-06 15:49:21.437866,11
2115,13,Sports,177.73,2025-12-14 15:49:21.438227,11
2116,10,Home,486.0,2025-12-02 15:49:21.438535,25
2117,14,Beauty,124.12,2025-12-14 15:49:21.438937,21
2118,25,Fitness,479.98,2025-12-27 15:49:21.439245,50
2119,21,Home,452.7,2026-02-11 15:49:21.439575,56
2120,27,Fitness,420.53,2026-01-25 15:49:21.439891,23
2121,11,Gaming,195.65,2026-02-24 15:49:21.440276,27
2122,14,Beauty,185.48,2026-01-28 15:49:21.440823,58
2123,7,Sports,173.12,2025-12-23 15:49:21.441476,25
2124,2,Gaming,362.49,2025-12-24 15:49:21.441793,51
2125,14,Beauty,445.85,2025-12-20 15:49:21.442103,41
2126,3,Fitness,428.42,2026-02-10 15:49:21.442393,35
2127,24,Beauty,132.32,2026-02-28 15:49:21.442679,13
2128,8,Beauty,196.13,2026-01-11 15:49:21.442965,49
2129,11,Gaming,103.5,2026-02-25 15:49:21.443245,50
2130,9,Gaming,318.91,2026-02-12 15:49:21.443594,42
2131,8,Beauty,210.86,2026-01-16 15:49:21.443856,36
2132,16,Fashion,30.38,2025-12-21 15:49:21.444120,52
2133,15,Technology,115.66,2025-12-02 15:49:21.444442,19
2134,25,Fitness,295.2,2025-12-14 15:49:21.444706,50
2135,8,Beauty,379.14,2026-01-06 15:49:21.444967,49
2136,4,Sports,464.27,2026-02-16 15:49:21.445229,29
2137,12,Fitness,399.0,2025-12-20 15:49:21.445534,43
2138,8,Beauty,490.3,2026-02-18 15:49:21.445796,54
2139,18,Beauty,348.34,2026-02-28 15:49:21.446061,31
2140,13,Sports,66.52,2026-02-15 15:49:21.446347,27
2141,19,Beauty,23.0,2026-02-05 15:49:21.446628,55
2142,19,Beauty,25.42,2025-12-01 15:49:21.446891,60
2143,4,Sports,47.8,2025-12-29 15:49:21.447154,51
2144,27,Fitness,243.49,2025-12-12 15:49:21.447458,24
2145,12,Fitness,240.34,2026-02-01 15:49:21.447722,45
2146,10,Home,350.12,2026-02-04 15:49:21.447986,32
2147,28,Gaming,350.45,2025-12-22 15:49:21.448249,31
2148,27,Fitness,329.6,2025-12-11 15:49:21.448559,13
2149,29,Sports,99.74,2025-12-16 15:49:21.448821,13
2150,23,Gaming,294.62,2025-12-07 15:49:21.449082,22
2151,23,Gaming,18.89,2026-02-24 15:49:21.449386,31
2152,26,Home,157.46,2025-12-23 15:49:21.449648,46
2153,28,Gaming,178.64,2026-01-30 15:49:21.449911,17
2154,8,Beauty,435.41,2026-01-29 15:49:21.450174,33
2155,30,Fitness,139.04,2026-01-22 15:49:21.450478,57
2156,14,Beauty,210.88,2026-01-06 15:49:21.450740,44
2157,23,Gaming,467.58,2026-01-10 15:49:21.451003,43
2158,9,Gaming,452.02,2025-12-10 15:49:21.451265,10
2159,2,Gaming,75.99,2026-01-31 15:49:21.451702,53
2160,27,Fitness,280.05,2026-01-18 15:49:21.451965,52
2161,28,Gaming,251.57,2026-01-28 15:49:21.452228,51
2162,8,Beauty,336.8,2026-01-25 15:49:21.452552,24
2163,30,Fitness,216.66,2025-12-07 15:49:21.452814,37
2164,8,Beauty,23.48,2026-01-28 15:49:21.453076,53
2165,6,Fashion,191.17,2026-02-09 15:49:21.453339,37
2166,19,Beauty,253.72,2026-01-31 15:49:21.453606,46
2167,17,Fitness,202.14,2026-03-01 15:49:21.453875,46
2168,21,Home,101.6,2026-01-20 15:49:21.454138,47
2169,27,Fitness,424.07,2026-01-23 15:49:21.454400,40
2170,25,Fitness,281.97,2025-12-16 15:49:21.454663,44
2171,4,Sports,60.07,2026-02-02 15:49:21.454924,53
2172,5,Technology,173.19,2026-01-10 15:49:21.455190,24
2173,18,Beauty,87.04,2026-02-14 15:49:21.455453,34
2174,28,Gaming,30.52,2026-02-20 15:49:21.455715,60
2175,18,Beauty,391.62,2026-01-07 15:49:21.455977,18
2176,10,Home,481.1,2025-12-10 15:49:21.456240,33
2177,13,Sports,162.55,2026-02-27 15:49:21.456502,54
2178,22,Gaming,279.0,2026-02-20 15:49:21.456765,35
2179,5,Technology,147.88,2026-02-22 15:49:21.457028,34
2180,12,Fitness,176.44,2026-01-28 15:49:21.457289,22
2181,18,Beauty,324.31,2026-01-12 15:49:21.457551,12
2182,28,Gaming,151.11,2025-12-07 15:49:21.457813,11
2183,28,Gaming,85.65,2026-01-12 15:49:21.458075,18
2184,15,Technology,396.82,2026-01-26 15:49:21.458338,27
2185,7,Sports,251.52,2026-02-14 15:49:21.458600,38
2186,14,Beauty,27.6,2025-12-15 15:49:21.458862,25
2187,1,Technology,303.61,2025-12-26 15:49:21.459124,13
2188,26,Home,167.9,2026-02-11 15:49:21.459388,46
2189,4,Sports,392.96,2025-12-01 15:49:21.459649,16
2190,16,Fashion,476.96,2025-12-02 15:49:21.459910,18
2191,23,Gaming,201.78,2026-01-12 15:49:21.460176,39
2192,28,Gaming,115.32,2026-02-11 15:49:21.460439,22
2193,12,Fitness,405.53,2025-12-16 15:49:21.460701,58
2194,28,Gaming,364.92,2025-12-06 15:49:21.460963,50
2195,28,Gaming,469.03,2026-02-15 15:49:21.461225,48
2196,11,Gaming,188.13,2026-01-26 15:49:21.461486,42
2197,21,Home,149.49,2026-01-21 15:49:21.461748,22
2198,22,Gaming,91.02,2026-01-28 15:49:21.462010,54
2199,2,Gaming,15.62,2025-12-05 15:49:21.462271,60
2200,9,Gaming,159.37,2026-02-23 15:49:21.462537,40
2201,16,Fashion,93.71,2026-01-19 15:49:21.462799,40
2202,13,Sports,179.88,2026-02-21 15:49:21.463061,36
2203,26,Home,64.96,2025-12-18 15:49:21.463323,49
2204,14,Beauty,89.93,2026-01-30 15:49:21.463586,14
2205,16,Fashion,490.82,2026-02-04 15:49:21.463846,47
2206,8,Beauty,330.95,2025-12-25 15:49:21.464110,46
2207,12,Fitness,10.49,2026-02-26 15:49:21.464372,44
2208,28,Gaming,119.27,2026-01-12 15:49:21.464634,25
2209,24,Beauty,341.89,2025-12-31 15:49:21.464896,60
2210,16,Fashion,424.56,2025-12-01 15:49:21.465158,32
2211,26,Home,192.76,2025-12-31 15:49:21.465419,11
2212,3,Fitness,417.1,2026-02-21 15:49:21.465680,53
2213,2,Gaming,21.85,2025-12-03 15:49:21.465940,34
2214,7,Sports,80.97,2026-01-08 15:49:21.466200,23
2215,13,Sports,53.8,2025-12-31 15:49:21.466461,58
2216,24,Beauty,416.42,2026-01-05 15:49:21.466720,25
2217,4,Sports,37.65,2026-01-03 15:49:21.466984,25
2218,3,Fitness,82.83,2026-01-01 15:49:21.467245,10
2219,6,Fashion,381.94,2025-12-29 15:49:21.467507,36
2220,10,Home,223.18,2026-02-18 15:49:21.467769,30
2221,5,Technology,411.2,2026-02-28 15:49:21.468163,59
2222,3,Fitness,311.39,2025-12-07 15:49:21.468605,42
2223,14,Beauty,397.85,2025-12-14 15:49:21.468870,53
2224,4,Sports,269.4,2026-01-09 15:49:21.469133,58
2225,11,Gaming,271.53,2025-12-13 15:49:21.469395,60
2226,18,Beauty,290.43,2025-12-28 15:49:21.469657,34
2227,12,Fitness,320.48,2025-12-01 15:49:21.469921,23
2228,4,Sports,67.25,2026-01-12 15:49:21.470185,37
2229,3,Fitness,200.11,2026-02-23 15:49:21.470447,10
2230,24,Beauty,432.63,2026-02-25 15:49:21.470709,43
2231,15,Technology,221.0,2026-02-19 15:49:21.470979,56
2232,1,Technology,25.91,2026-02-18 15:49:21.471250,47
2233,10,Home,469.06,2025-12-31 15:49:21.471513,25
2234,28,Gaming,245.16,2025-12-02 15:49:21.471775,35
2235,14,Beauty,94.56,2025-12-13 15:49:21.472038,59
2236,7,Sports,132.56,2025-12-22 15:49:21.472302,11
2237,8,Beauty,113.0,2025-12-31 15:49:21.472565,58
2238,7,Sports,417.51,2025-12-26 15:49:21.472827,57
2239,18,Beauty,86.52,2025-12-15 15:49:21.473089,45
2240,20,Sports,19.11,2026-02-14 15:49:21.473352,44
2241,30,Fitness,278.67,2026-02-26 15:49:21.473620,27
2242,13,Sports,110.48,2026-02-22 15:49:21.473887,57
2243,25,Fitness,373.19,2026-02-14 15:49:21.474150,32
2244,23,Gaming,207.54,2025-12-10 15:49:21.474413,42
2245,18,Beauty,213.45,2026-02-04 15:49:21.474675,31
2246,26,Home,219.76,2026-02-03 15:49:21.474936,36
2247,4,Sports,192.06,2025-12-30 15:49:21.475199,50
2248,22,Gaming,43.23,2026-01-11 15:49:21.475460,12
2249,1,Technology,479.0,2026-02-24 15:49:21.475722,48
2250,19,Beauty,84.97,2025-12-16 15:49:21.475986,15
2251,20,Sports,288.23,2026-02-04 15:49:21.476247,37
2252,13,Sports,283.34,2026-01-20 15:49:21.476509,28
2253,1,Technology,54.19,2026-01-08 15:49:21.476771,36
2254,13,Sports,420.94,2026-01-21 15:49:21.477033,39
2255,2,Gaming,348.84,2026-02-25 15:49:21.477293,49
2256,21,Home,397.51,2025-12-05 15:49:21.477554,44
2257,28,Gaming,75.39,2026-01-29 15:49:21.477816,12
2258,11,Gaming,199.07,2026-01-12 15:49:21.478078,52
2259,2,Gaming,34.58,2026-01-19 15:49:21.478342,13
2260,18,Beauty,483.67,2026-01-11 15:49:21.478601,35
2261,18,Beauty,197.45,2025-12-25 15:49:21.478868,26
2262,18,Beauty,240.64,2025-12-12 15:49:21.479128,49
2263,14,Beauty,284.22,2026-02-13 15:49:21.479388,14
2264,21,Home,32.71,2026-02-12 15:49:21.479649,18
2265,22,Gaming,107.84,2026-01-26 15:49:21.479910,48
2266,20,Sports,124.22,2026-02-19 15:49:21.480171,16
2267,11,Gaming,436.73,2025-12-06 15:49:21.480432,35
2268,19,Beauty,265.66,2026-02-15 15:49:21.480703,27
2269,11,Gaming,447.9,2026-01-24 15:49:21.480968,30
2270,3,Fitness,436.28,2026-01-04 15:49:21.481231,55
2271,23,Gaming,410.37,2025-12-23 15:49:21.481494,41
2272,20,Sports,36.72,2026-02-25 15:49:21.481757,30
2273,5,Technology,344.74,2026-01-16 15:49:21.482022,53
2274,23,Gaming,38.45,2026-01-17 15:49:21.482288,22
2275,19,Beauty,218.34,2026-01-30 15:49:21.482549,37
2276,1,Technology,396.07,2026-01-13 15:49:21.482810,13
2277,25,Fitness,148.35,2025-12-29 15:49:21.483073,39
2278,5,Technology,362.57,2025-12-29 15:49:21.483334,22
2279,27,Fitness,260.95,2025-12-25 15:49:21.483596,49
2280,11,Gaming,453.23,2026-02-24 15:49:21.484035,53
2281,26,Home,409.38,2026-02-17 15:49:21.484300,21
2282,25,Fitness,486.04,2026-01-24 15:49:21.484564,38
2283,4,Sports,379.98,2025-12-23 15:49:21.484826,50
2284,17,Fitness,155.1,2026-02-23 15:49:21.485086,34
2285,18,Beauty,333.63,2026-01-30 15:49:21.485347,11
2286,18,Beauty,449.33,2026-02-21 15:49:21.485608,29
2287,5,Technology,276.68,2025-12-11 15:49:21.485869,58
2288,7,Sports,304.93,2026-02-28 15:49:21.486130,52
2289,26,Home,371.67,2026-02-17 15:49:21.486393,44
2290,13,Sports,464.48,2026-02-19 15:49:21.486655,27
2291,30,Fitness,203.22,2025-12-18 15:49:21.486916,55
2292,2,Gaming,297.53,2026-02-28 15:49:21.487178,14
2293,25,Fitness,273.99,2026-02-07 15:49:21.487443,49
2294,10,Home,471.88,2026-01-17 15:49:21.487708,39
2295,10,Home,149.35,2026-01-30 15:49:21.487970,30
2296,17,Fitness,380.91,2026-01-31 15:49:21.488233,40
2297,17,Fitness,296.23,2026-02-11 15:49:21.488494,40
2298,27,Fitness,166.21,2026-02-19 15:49:21.488754,10
2299,26,Home,79.41,2026-01-04 15:49:21.489015,36
2300,8,Beauty,497.71,2026-01-03 15:49:21.489282,48
2301,9,Gaming,347.48,2026-02-09 15:49:21.489545,23
2302,30,Fitness,220.88,2026-01-07 15:49:21.489807,49
2303,20,Sports,394.68,2026-01-29 15:49:21.490069,21
2304,29,Sports,493.74,2026-02-25 15:49:21.490333,57
2305,2,Gaming,193.69,2026-01-08 15:49:21.490595,14
2306,9,Gaming,491.55,2025-12-18 15:49:21.490856,45
2307,5,Technology,238.23,2025-12-10 15:49:21.491117,35
2308,7,Sports,312.32,2026-01-17 15:49:21.491383,10
2309,2,Gaming,299.81,2026-02-17 15:49:21.491644,42
2310,16,Fashion,61.91,2025-12-02 15:49:21.491908,48
2311,7,Sports,390.75,2025-12-03 15:49:21.492169,15
2312,14,Beauty,29.17,2025-12-25 15:49:21.492431,35
2313,3,Fitness,28.23,2025-12-04 15:49:21.492693,27
2314,7,Sports,172.64,2025-12-10 15:49:21.492955,54
2315,16,Fashion,287.31,2025-12-24 15:49:21.493219,17
2316,1,Technology,458.38,2026-01-31 15:49:21.493480,20
2317,21,Home,286.59,2025-12-11 15:49:21.493742,59
2318,2,Gaming,427.78,2026-01-04 15:49:21.494004,46
2319,18,Beauty,399.49,2025-12-28 15:49:21.494275,18
2320,10,Home,167.67,2026-02-03 15:49:21.494538,53
2321,17,Fitness,227.01,2026-01-31 15:49:21.494800,12
2322,6,Fashion,55.7,2026-02-27 15:49:21.495063,17
2323,14,Beauty,226.4,2025-12-03 15:49:21.495324,52
2324,27,Fitness,445.07,2026-01-23 15:49:21.495590,35
2325,2,Gaming,400.4,2026-01-03 15:49:21.495852,36
2326,3,Fitness,214.08,2026-02-06 15:49:21.496115,12
2327,28,Gaming,440.44,2025-12-25 15:49:21.496375,18
2328,4,Sports,291.47,2026-02-18 15:49:21.496637,25
2329,29,Sports,245.32,2026-02-13 15:49:21.496899,40
2330,24,Beauty,333.58,2026-01-31 15:49:21.497161,32
2331,16,Fashion,392.76,2026-02-04 15:49:21.497422,25
2332,8,Beauty,280.58,2026-01-13 15:49:21.497683,50
2333,12,Fitness,317.88,2026-02-22 15:49:21.497946,31
2334,18,Beauty,433.01,2026-02-28 15:49:21.498210,28
2335,23,Gaming,372.59,2026-02-06 15:49:21.498472,52
2336,29,Sports,144.42,2026-01-11 15:49:21.498733,22
2337,23,Gaming,301.06,2025-12-21 15:49:21.498996,25
2338,24,Beauty,45.49,2026-01-12 15:49:21.499277,39
2339,28,Gaming,107.43,2026-01-17 15:49:21.499743,27
2340,5,Technology,287.97,2026-02-14 15:49:21.500021,54
2341,29,Sports,226.56,2026-01-18 15:49:21.500298,27
2342,1,Technology,273.99,2026-01-23 15:49:21.500575,37
2343,18,Beauty,31.86,2026-01-19 15:49:21.500850,38
2344,30,Fitness,440.03,2026-02-08 15:49:21.501130,53
2345,20,Sports,402.91,2026-02-06 15:49:21.501406,51
2346,16,Fashion,232.82,2026-02-09 15:49:21.501682,46
2347,1,Technology,486.47,2026-02-18 15:49:21.501958,49
2348,28,Gaming,117.38,2026-01-18 15:49:21.502234,37
2349,16,Fashion,467.69,2026-02-07 15:49:21.502510,46
2350,21,Home,141.77,2025-12-27 15:49:21.502786,54
2351,9,Gaming,54.48,2026-02-14 15:49:21.503064,12
2352,15,Technology,338.86,2026-02-27 15:49:21.503345,10
2353,5,Technology,325.5,2025-12-17 15:49:21.503622,19
2354,15,Technology,102.86,2025-12-15 15:49:21.503899,11
2355,21,Home,269.27,2025-12-01 15:49:21.504174,39
2356,6,Fashion,32.97,2026-01-26 15:49:21.504451,49
2357,23,Gaming,229.76,2026-01-18 15:49:21.504730,45
2358,6,Fashion,40.14,2026-01-25 15:49:21.505021,49
2359,14,Beauty,294.42,2026-02-25 15:49:21.505299,41
2360,21,Home,194.38,2026-02-06 15:49:21.505576,23
2361,20,Sports,32.34,2026-02-27 15:49:21.505854,22
2362,4,Sports,104.22,2025-12-01 15:49:21.506238,35
2363,28,Gaming,217.32,2026-02-17 15:49:21.506555,35
2364,2,Gaming,352.87,2026-02-20 15:49:21.506872,40
2365,6,Fashion,460.21,2026-02-25 15:49:21.507215,40
2366,23,Gaming,51.92,2025-12-24 15:49:21.507546,26
2367,13,Sports,169.19,2026-02-03 15:49:21.507839,42
2368,9,Gaming,118.59,2026-01-05 15:49:21.508102,48
2369,7,Sports,358.94,2026-02-07 15:49:21.508366,10
2370,12,Fitness,477.64,2025-12-26 15:49:21.508636,45
2371,28,Gaming,233.33,2026-02-08 15:49:21.508900,13
2372,12,Fitness,302.73,2026-01-25 15:49:21.509163,28
2373,24,Beauty,90.75,2025-12-14 15:49:21.509426,50
2374,16,Fashion,438.96,2026-02-14 15:49:21.509690,30
2375,22,Gaming,294.67,2025-12-14 15:49:21.509952,38
2376,28,Gaming,342.16,2026-01-10 15:49:21.510214,14
2377,4,Sports,387.81,2026-02-11 15:49:21.510476,30
2378,26,Home,46.36,2026-02-04 15:49:21.510742,11
2379,2,Gaming,201.7,2025-12-07 15:49:21.511004,38
2380,10,Home,417.82,2025-12-21 15:49:21.511266,26
2381,9,Gaming,469.49,2026-01-24 15:49:21.511530,29
2382,3,Fitness,437.39,2026-01-21 15:49:21.511793,57
2383,15,Technology,167.27,2026-02-09 15:49:21.512055,10
2384,19,Beauty,55.2,2025-12-06 15:49:21.512315,44
2385,30,Fitness,103.03,2025-12-25 15:49:21.512576,17
2386,24,Beauty,133.61,2025-12-21 15:49:21.512840,51
2387,4,Sports,45.18,2025-12-29 15:49:21.513106,31
2388,24,Beauty,298.28,2025-12-11 15:49:21.513369,15
2389,26,Home,443.5,2025-12-11 15:49:21.513631,32
2390,22,Gaming,237.27,2026-02-14 15:49:21.513893,31
2391,23,Gaming,476.94,2026-01-24 15:49:21.514154,31
2392,20,Sports,365.52,2025-12-24 15:49:21.514416,50
2393,19,Beauty,465.79,2026-01-17 15:49:21.514679,54
2394,28,Gaming,88.54,2026-02-06 15:49:21.515046,45
2395,1,Technology,496.4,2026-02-24 15:49:21.515330,21
2396,18,Beauty,395.49,2026-02-02 15:49:21.515594,51
2397,24,Beauty,21.45,2026-01-31 15:49:21.515861,34
2398,30,Fitness,126.11,2026-02-13 15:49:21.516124,16
2399,9,Gaming,426.84,2026-02-01 15:49:21.516385,48
2400,18,Beauty,178.74,2026-02-10 15:49:21.516655,54
2401,12,Fitness,74.12,2025-12-22 15:49:21.516918,27
2402,15,Technology,130.46,2026-01-11 15:49:21.517178,58
2403,15,Technology,182.75,2026-01-27 15:49:21.517438,56
2404,6,Fashion,364.93,2025-12-01 15:49:21.517701,38
2405,3,Fitness,368.51,2025-12-25 15:49:21.517961,37
2406,22,Gaming,443.89,2026-02-15 15:49:21.518222,41
2407,13,Sports,361.36,2025-12-11 15:49:21.518485,27
2408,23,Gaming,221.95,2026-01-30 15:49:21.518747,39
2409,22,Gaming,279.08,2025-12-26 15:49:21.519008,54
2410,6,Fashion,193.55,2026-01-01 15:49:21.519267,44
2411,18,Beauty,447.0,2025-12-20 15:49:21.519528,38
2412,12,Fitness,315.62,2026-01-30 15:49:21.519789,36
2413,11,Gaming,121.02,2026-01-28 15:49:21.520051,17
2414,21,Home,182.1,2026-02-21 15:49:21.520311,23
2415,6,Fashion,370.46,2025-12-06 15:49:21.520571,38
2416,30,Fitness,24.67,2025-12-07 15:49:21.520833,59
2417,9,Gaming,158.01,2026-01-19 15:49:21.521101,18
2418,26,Home,445.81,2026-02-25 15:49:21.521363,34
2419,26,Home,483.94,2026-02-12 15:49:21.521625,43
2420,24,Beauty,100.32,2026-02-22 15:49:21.521887,29
2421,22,Gaming,486.01,2025-12-27 15:49:21.522152,11
2422,30,Fitness,377.74,2026-01-25 15:49:21.522418,21
2423,20,Sports,426.2,2026-02-24 15:49:21.522680,55
2424,1,Technology,403.26,2025-12-17 15:49:21.522941,42
2425,4,Sports,395.88,2026-02-25 15:49:21.523203,24
2426,2,Gaming,255.01,2026-01-10 15:49:21.523465,52
2427,15,Technology,103.36,2026-01-18 15:49:21.523726,44
2428,14,Beauty,487.0,2026-01-01 15:49:21.523987,58
2429,27,Fitness,43.37,2026-01-20 15:49:21.524249,44
2430,15,Technology,179.08,2025-12-14 15:49:21.524510,55
2431,22,Gaming,234.14,2026-01-11 15:49:21.524772,57
2432,28,Gaming,416.04,2025-12-30 15:49:21.525032,21
2433,24,Beauty,145.09,2026-02-18 15:49:21.525294,54
2434,29,Sports,385.35,2026-02-08 15:49:21.525554,16
2435,20,Sports,434.41,2025-12-26 15:49:21.525814,50
2436,27,Fitness,279.21,2025-12-28 15:49:21.526079,46
2437,11,Gaming,132.21,2025-12-12 15:49:21.526342,21
2438,6,Fashion,317.55,2025-12-26 15:49:21.526603,31
2439,21,Home,123.05,2025-12-29 15:49:21.526865,34
2440,5,Technology,268.11,2025-12-15 15:49:21.527126,34
2441,5,Technology,243.3,2026-02-02 15:49:21.527388,33
2442,9,Gaming,311.58,2026-02-21 15:49:21.527652,60
2443,14,Beauty,447.56,2025-12-17 15:49:21.527915,23
2444,16,Fashion,274.79,2026-03-01 15:49:21.528177,60
2445,19,Beauty,318.77,2025-12-10 15:49:21.528437,36
2446,8,Beauty,242.26,2026-01-23 15:49:21.528701,15
2447,12,Fitness,365.96,2026-02-27 15:49:21.528964,54
2448,16,Fashion,293.31,2026-01-30 15:49:21.529223,56
2449,17,Fitness,227.36,2025-12-02 15:49:21.529484,20
2450,12,Fitness,194.37,2026-02-24 15:49:21.529746,32
2451,25,Fitness,473.64,2025-12-13 15:49:21.530012,30
2452,13,Sports,106.61,2026-01-22 15:49:21.530273,53
2453,25,Fitness,251.71,2026-02-08 15:49:21.530625,35
2454,18,Beauty,308.5,2026-02-01 15:49:21.531140,16
2455,22,Gaming,389.32,2026-01-24 15:49:21.531431,16
2456,22,Gaming,380.75,2026-02-28 15:49:21.531714,24
2457,15,Technology,477.32,2026-01-22 15:49:21.531978,15
2458,23,Gaming,38.74,2026-02-13 15:49:21.532243,34
2459,1,Technology,223.53,2026-02-07 15:49:21.532505,39
2460,6,Fashion,155.18,2025-12-16 15:49:21.532768,23
2461,3,Fitness,223.82,2026-02-15 15:49:21.533029,50
2462,15,Technology,356.37,2026-01-09 15:49:21.533290,19
2463,11,Gaming,356.51,2025-12-11 15:49:21.533551,27
2464,3,Fitness,395.68,2025-12-31 15:49:21.533813,21
2465,2,Gaming,493.75,2026-02-03 15:49:21.534075,15
2466,6,Fashion,495.9,2026-01-16 15:49:21.534337,38
2467,29,Sports,413.42,2026-01-22 15:49:21.534599,56
2468,3,Fitness,383.18,2026-01-30 15:49:21.534861,23
2469,11,Gaming,175.54,2026-01-13 15:49:21.535123,13
2470,4,Sports,78.89,2025-12-24 15:49:21.535384,49
2471,2,Gaming,220.96,2025-12-23 15:49:21.535645,60
2472,25,Fitness,154.17,2026-01-19 15:49:21.535909,10
2473,12,Fitness,482.18,2026-02-20 15:49:21.536171,54
2474,6,Fashion,323.95,2025-12-11 15:49:21.536432,24
2475,24,Beauty,451.55,2026-02-20 15:49:21.536699,15
2476,23,Gaming,467.7,2026-02-06 15:49:21.536961,18
2477,22,Gaming,40.71,2026-02-06 15:49:21.537226,57
2478,17,Fitness,111.08,2025-12-14 15:49:21.537489,36
2479,17,Fitness,99.6,2026-02-23 15:49:21.537752,34
2480,19,Beauty,214.99,2026-01-31 15:49:21.538015,43
2481,21,Home,391.04,2026-01-31 15:49:21.538277,46
2482,28,Gaming,440.85,2026-01-31 15:49:21.538539,44
2483,15,Technology,437.43,2026-01-20 15:49:21.538800,59
2484,23,Gaming,44.33,2026-02-27 15:49:21.539063,53
2485,1,Technology,413.51,2025-12-27 15:49:21.539327,18
2486,12,Fitness,425.21,2025-12-26 15:49:21.539592,49
2487,23,Gaming,385.29,2026-02-14 15:49:21.539855,20
2488,10,Home,460.11,2025-12-02 15:49:21.540115,38
2489,7,Sports,488.64,2026-01-19 15:49:21.540377,59
2490,18,Beauty,108.31,2026-02-22 15:49:21.540639,33
2491,3,Fitness,190.65,2025-12-16 15:49:21.540902,53
2492,17,Fitness,215.3,2025-12-25 15:49:21.541163,13
2493,14,Beauty,465.1,2026-02-25 15:49:21.541424,17
2494,8,Beauty,90.37,2026-01-06 15:49:21.541688,12
2495,18,Beauty,135.68,2025-12-11 15:49:21.541954,60
2496,1,Technology,356.63,2025-12-20 15:49:21.542216,47
2497,11,Gaming,343.21,2025-12-23 15:49:21.542482,29
2498,27,Fitness,299.66,2025-12-28 15:49:21.542746,34
2499,21,Home,142.34,2026-01-17 15:49:21.543007,20
2500,7,Sports,129.84,2025-12-21 15:49:21.543269,22
2501,5,Technology,84.24,2026-02-09 15:49:21.543557,21
2502,9,Gaming,271.2,2026-02-15 15:49:21.543820,45
2503,26,Home,159.65,2025-12-11 15:49:21.544082,32
2504,5,Technology,287.62,2026-02-28 15:49:21.544344,45
2505,11,Gaming,127.64,2026-02-13 15:49:21.544606,57
2506,2,Gaming,247.94,2025-12-25 15:49:21.544868,49
2507,20,Sports,42.95,2026-02-12 15:49:21.545128,18
2508,9,Gaming,66.53,2025-12-14 15:49:21.545390,45
2509,22,Gaming,492.8,2026-02-15 15:49:21.545651,52
2510,21,Home,54.55,2026-01-23 15:49:21.545913,55
2511,2,Gaming,410.87,2026-02-02 15:49:21.546315,38
2512,25,Fitness,44.72,2025-12-22 15:49:21.546582,59
2513,8,Beauty,457.88,2026-01-13 15:49:21.546844,11
2514,21,Home,408.72,2025-12-07 15:49:21.547111,13
2515,5,Technology,444.7,2026-01-06 15:49:21.547378,24
2516,24,Beauty,376.58,2026-01-30 15:49:21.547643,46
2517,23,Gaming,10.77,2026-02-10 15:49:21.547904,40
2518,8,Beauty,186.38,2025-12-27 15:49:21.548167,60
2519,19,Beauty,250.9,2026-01-17 15:49:21.548430,57
2520,10,Home,428.95,2026-02-01 15:49:21.548693,30
2521,17,Fitness,147.87,2026-02-12 15:49:21.548955,27
2522,13,Sports,394.45,2026-02-17 15:49:21.549218,31
2523,27,Fitness,357.56,2026-01-28 15:49:21.549482,59
2524,20,Sports,418.84,2025-12-10 15:49:21.549746,49
2525,2,Gaming,358.9,2026-01-12 15:49:21.550008,53
2526,3,Fitness,68.24,2025-12-06 15:49:21.550270,38
2527,29,Sports,347.3,2025-12-08 15:49:21.550533,10
2528,11,Gaming,59.49,2026-01-22 15:49:21.550797,15
2529,20,Sports,245.3,2025-12-05 15:49:21.551060,24
2530,2,Gaming,288.24,2026-01-08 15:49:21.551322,25
2531,7,Sports,274.38,2025-12-11 15:49:21.551583,42
2532,19,Beauty,316.24,2025-12-06 15:49:21.551845,47
2533,26,Home,263.43,2026-01-27 15:49:21.552107,47
2534,11,Gaming,91.56,2026-01-05 15:49:21.552370,47
2535,22,Gaming,110.15,2026-01-30 15:49:21.552632,17
2536,19,Beauty,166.05,2025-12-16 15:49:21.552893,18
2537,28,Gaming,440.84,2026-02-24 15:49:21.553155,22
2538,20,Sports,10.46,2025-12-08 15:49:21.553417,32
2539,18,Beauty,321.67,2025-12-12 15:49:21.553679,30
2540,20,Sports,442.85,2026-02-22 15:49:21.553941,40
2541,27,Fitness,30.56,2026-02-19 15:49:21.554202,19
2542,2,Gaming,119.81,2025-12-05 15:49:21.554464,54
2543,14,Beauty,69.24,2026-01-27 15:49:21.554724,40
2544,22,Gaming,46.44,2026-01-03 15:49:21.554985,28
2545,14,Beauty,159.86,2026-02-16 15:49:21.555246,19
2546,18,Beauty,168.53,2026-02-05 15:49:21.555506,59
2547,18,Beauty,243.82,2025-12-26 15:49:21.555769,57
2548,27,Fitness,192.76,2026-02-19 15:49:21.556030,34
2549,1,Technology,113.72,2026-02-26 15:49:21.556295,51
2550,5,Technology,18.1,2026-01-29 15:49:21.556558,52
2551,1,Technology,263.25,2025-12-05 15:49:21.556820,37
2552,7,Sports,199.73,2025-12-24 15:49:21.557082,23
2553,3,Fitness,79.97,2026-01-29 15:49:21.557344,47
2554,8,Beauty,79.28,2025-12-31 15:49:21.557607,58
2555,4,Sports,444.59,2026-02-07 15:49:21.557870,59
2556,29,Sports,320.57,2026-01-13 15:49:21.558132,43
2557,27,Fitness,385.6,2026-01-31 15:49:21.558394,19
2558,29,Sports,340.13,2026-02-22 15:49:21.558656,49
2559,16,Fashion,263.34,2026-02-26 15:49:21.558917,38
2560,11,Gaming,494.8,2026-02-02 15:49:21.559178,25
2561,4,Sports,171.22,2026-02-12 15:49:21.559444,56
2562,11,Gaming,12.74,2026-01-02 15:49:21.559709,50
2563,14,Beauty,53.62,2026-01-14 15:49:21.559969,20
2564,18,Beauty,360.12,2026-01-31 15:49:21.560230,35
2565,7,Sports,53.09,2026-01-13 15:49:21.560492,59
2566,30,Fitness,203.89,2026-01-30 15:49:21.560753,32
2567,18,Beauty,141.79,2026-02-02 15:49:21.561016,44
2568,19,Beauty,361.71,2026-01-18 15:49:21.561277,51
2569,5,Technology,352.01,2026-01-07 15:49:21.561539,21
2570,12,Fitness,77.74,2026-02-05 15:49:21.561916,53
2571,23,Gaming,33.75,2025-12-10 15:49:21.562202,30
2572,6,Fashion,238.82,2026-02-28 15:49:21.562466,26
2573,5,Technology,133.22,2026-02-10 15:49:21.562731,50
2574,25,Fitness,273.14,2025-12-24 15:49:21.563034,48
2575,17,Fitness,267.97,2025-12-10 15:49:21.563297,56
2576,11,Gaming,218.22,2026-01-14 15:49:21.563562,23
2577,1,Technology,300.26,2026-03-01 15:49:21.563825,36
2578,3,Fitness,424.05,2025-12-13 15:49:21.564130,52
2579,20,Sports,131.61,2025-12-22 15:49:21.564391,39
2580,1,Technology,49.63,2026-02-13 15:49:21.564654,39
2581,23,Gaming,293.4,2025-12-06 15:49:21.564939,19
2582,4,Sports,462.5,2026-01-16 15:49:21.565218,10
2583,19,Beauty,350.45,2026-01-22 15:49:21.565479,42
2584,20,Sports,200.52,2025-12-22 15:49:21.565740,37
2585,15,Technology,16.23,2026-01-14 15:49:21.566042,38
2586,8,Beauty,101.8,2026-02-15 15:49:21.566304,55
2587,7,Sports,268.28,2025-12-02 15:49:21.566565,42
2588,19,Beauty,498.43,2025-12-25 15:49:21.566825,16
2589,30,Fitness,93.42,2026-02-21 15:49:21.567130,52
2590,3,Fitness,364.27,2026-02-08 15:49:21.567393,59
2591,15,Technology,309.52,2026-02-17 15:49:21.567654,57
2592,10,Home,333.65,2026-01-08 15:49:21.567963,31
2593,30,Fitness,312.48,2026-01-13 15:49:21.568225,58
2594,13,Sports,303.4,2026-01-28 15:49:21.568489,26
2595,10,Home,417.44,2025-12-04 15:49:21.568751,57
2596,23,Gaming,158.26,2026-01-31 15:49:21.569054,53
2597,13,Sports,239.75,2026-02-02 15:49:21.569314,19
2598,19,Beauty,288.5,2025-12-06 15:49:21.569577,30
2599,16,Fashion,165.5,2026-01-10 15:49:21.569839,45
2600,26,Home,304.27,2026-02-17 15:49:21.570144,14
2601,7,Sports,377.65,2026-02-20 15:49:21.570405,33
2602,12,Fitness,41.29,2026-02-02 15:49:21.570665,60
2603,28,Gaming,78.37,2025-12-07 15:49:21.570969,28
2604,18,Beauty,250.65,2026-02-09 15:49:21.571231,47
2605,16,Fashion,222.73,2026-02-17 15:49:21.571493,49
2606,25,Fitness,476.89,2026-01-06 15:49:21.571754,29
2607,28,Gaming,368.04,2026-02-16 15:49:21.572055,43
2608,4,Sports,90.58,2026-01-31 15:49:21.572318,27
2609,20,Sports,330.38,2026-02-16 15:49:21.572578,17
2610,24,Beauty,337.53,2026-02-08 15:49:21.572840,31
2611,28,Gaming,471.44,2025-12-15 15:49:21.573146,59
2612,16,Fashion,327.19,2026-02-06 15:49:21.573413,35
2613,3,Fitness,498.12,2026-01-01 15:49:21.573674,37
2614,25,Fitness,295.66,2025-12-23 15:49:21.573975,31
2615,8,Beauty,88.24,2026-02-09 15:49:21.574239,57
2616,21,Home,233.49,2025-12-27 15:49:21.574500,51
2617,26,Home,130.69,2026-02-21 15:49:21.574761,45
2618,21,Home,320.01,2025-12-13 15:49:21.575064,22
2619,28,Gaming,378.15,2026-02-08 15:49:21.575326,58
2620,3,Fitness,225.43,2026-01-18 15:49:21.575588,50
2621,21,Home,447.1,2026-01-15 15:49:21.575850,36
2622,19,Beauty,352.1,2026-02-02 15:49:21.576152,31
2623,11,Gaming,54.66,2026-01-04 15:49:21.576415,16
2624,6,Fashion,124.52,2025-12-02 15:49:21.576675,51
2625,17,Fitness,111.66,2025-12-18 15:49:21.576978,16
2626,16,Fashion,99.75,2025-12-19 15:49:21.577411,16
2627,30,Fitness,329.58,2026-02-11 15:49:21.577673,37
2628,12,Fitness,282.86,2026-03-01 15:49:21.577980,32
2629,20,Sports,478.86,2025-12-18 15:49:21.578242,28
2630,12,Fitness,234.52,2026-01-22 15:49:21.578503,15
2631,15,Technology,266.34,2026-01-27 15:49:21.578764,12
2632,4,Sports,308.88,2025-12-21 15:49:21.579067,38
2633,5,Technology,488.18,2026-01-07 15:49:21.579330,58
2634,9,Gaming,481.79,2025-12-15 15:49:21.579591,17
2635,27,Fitness,60.85,2025-12-03 15:49:21.579853,51
2636,3,Fitness,18.56,2026-01-29 15:49:21.580156,16
2637,15,Technology,453.85,2026-02-11 15:49:21.580418,53
2638,15,Technology,398.33,2026-02-04 15:49:21.580682,39
2639,30,Fitness,82.51,2026-01-16 15:49:21.580985,29
2640,20,Sports,440.34,2026-01-01 15:49:21.581249,17
2641,1,Technology,143.79,2026-02-26 15:49:21.581511,57
2642,3,Fitness,302.3,2025-12-29 15:49:21.581772,26
2643,9,Gaming,176.92,2026-02-08 15:49:21.582074,19
2644,24,Beauty,471.86,2026-01-21 15:49:21.582334,55
2645,14,Beauty,325.97,2025-12-31 15:49:21.582595,40
2646,26,Home,408.61,2026-01-19 15:49:21.582861,40
2647,12,Fitness,462.18,2026-02-17 15:49:21.583167,28
2648,11,Gaming,295.66,2026-01-12 15:49:21.583433,53
2649,5,Technology,269.07,2025-12-05 15:49:21.583695,37
2650,13,Sports,245.4,2025-12-02 15:49:21.583997,16
2651,25,Fitness,449.36,2025-12-02 15:49:21.584259,49
2652,13,Sports,120.23,2025-12-17 15:49:21.584525,21
2653,15,Technology,271.14,2025-12-26 15:49:21.584791,24
2654,7,Sports,118.29,2026-01-31 15:49:21.585094,58
2655,23,Gaming,255.3,2025-12-24 15:49:21.585357,28
2656,22,Gaming,416.82,2025-12-07 15:49:21.585618,58
2657,29,Sports,384.57,2026-02-12 15:49:21.585880,26
2658,10,Home,123.26,2026-01-23 15:49:21.586182,12
2659,26,Home,478.9,2025-12-31 15:49:21.586446,11
2660,22,Gaming,344.96,2025-12-05 15:49:21.586708,35
2661,22,Gaming,91.58,2026-02-24 15:49:21.587012,37
2662,22,Gaming,492.21,2026-01-13 15:49:21.587275,43
2663,26,Home,193.39,2026-01-11 15:49:21.587537,59
2664,2,Gaming,344.11,2025-12-05 15:49:21.587799,35
2665,17,Fitness,198.31,2025-12-28 15:49:21.588103,46
2666,7,Sports,326.82,2026-02-02 15:49:21.588365,43
2667,20,Sports,328.78,2026-02-19 15:49:21.588629,41
2668,30,Fitness,179.46,2025-12-18 15:49:21.588891,51
2669,9,Gaming,178.35,2025-12-27 15:49:21.589196,52
2670,22,Gaming,53.8,2025-12-31 15:49:21.589458,51
2671,11,Gaming,231.48,2025-12-09 15:49:21.589721,30
2672,30,Fitness,468.04,2025-12-07 15:49:21.590028,48
2673,16,Fashion,483.3,2026-02-22 15:49:21.590290,14
2674,4,Sports,99.29,2026-01-15 15:49:21.590550,20
2675,27,Fitness,146.11,2026-01-04 15:49:21.590810,28
2676,12,Fitness,348.06,2026-02-20 15:49:21.591129,33
2677,10,Home,96.58,2026-02-24 15:49:21.591396,45
2678,9,Gaming,230.3,2026-01-18 15:49:21.591661,55
2679,1,Technology,351.68,2026-01-29 15:49:21.591964,55
2680,24,Beauty,109.36,2026-02-09 15:49:21.592227,17
2681,27,Fitness,129.4,2025-12-07 15:49:21.592488,48
2682,30,Fitness,271.47,2026-02-08 15:49:21.592747,56
2683,14,Beauty,176.16,2026-02-21 15:49:21.593123,34
2684,13,Sports,290.95,2026-01-07 15:49:21.593384,22
2685,26,Home,139.34,2026-01-27 15:49:21.593645,45
2686,20,Sports,33.56,2026-01-04 15:49:21.593905,37
2687,26,Home,324.73,2026-02-05 15:49:21.594222,55
2688,18,Beauty,188.3,2025-12-13 15:49:21.594483,12
2689,19,Beauty,174.84,2026-01-18 15:49:21.594745,57
2690,15,Technology,156.03,2026-02-07 15:49:21.595032,25
2691,2,Gaming,410.77,2026-01-18 15:49:21.595316,38
2692,15,Technology,319.03,2025-12-16 15:49:21.595576,28
2693,14,Beauty,382.8,2026-02-28 15:49:21.595838,11
2694,19,Beauty,170.69,2025-12-20 15:49:21.596141,28
2695,13,Sports,269.82,2025-12-20 15:49:21.596404,59
2696,9,Gaming,200.31,2025-12-18 15:49:21.596666,30
2697,9,Gaming,383.04,2026-01-25 15:49:21.596926,25
2698,3,Fitness,273.15,2026-03-01 15:49:21.597228,46
2699,13,Sports,281.49,2025-12-11 15:49:21.597490,43
2700,4,Sports,331.18,2026-02-03 15:49:21.597754,31
2701,9,Gaming,470.98,2025-12-19 15:49:21.598035,18
2702,18,Beauty,204.48,2025-12-04 15:49:21.598319,38
2703,1,Technology,309.73,2026-01-18 15:49:21.598581,13
2704,26,Home,361.87,2026-01-29 15:49:21.598843,54
2705,3,Fitness,260.61,2025-12-25 15:49:21.599148,15
2706,12,Fitness,132.42,2025-12-08 15:49:21.599410,10
2707,1,Technology,281.13,2025-12-07 15:49:21.599670,27
2708,25,Fitness,144.75,2026-02-07 15:49:21.599931,43
2709,5,Technology,388.94,2025-12-19 15:49:21.600238,17
2710,28,Gaming,460.49,2025-12-07 15:49:21.600500,53
2711,20,Sports,426.84,2026-02-23 15:49:21.600762,43
2712,25,Fitness,27.25,2026-01-12 15:49:21.601049,57
2713,12,Fitness,180.87,2026-01-08 15:49:21.601329,42
2714,21,Home,173.7,2026-02-23 15:49:21.601591,41
2715,6,Fashion,71.13,2026-01-20 15:49:21.601854,59
2716,15,Technology,263.12,2026-02-27 15:49:21.602156,39
2717,30,Fitness,162.26,2026-02-27 15:49:21.602419,25
2718,15,Technology,83.33,2025-12-08 15:49:21.602682,20
2719,4,Sports,79.52,2025-12-20 15:49:21.602942,52
2720,8,Beauty,180.6,2026-01-19 15:49:21.603243,35
2721,11,Gaming,296.91,2025-12-06 15:49:21.603505,60
2722,30,Fitness,327.93,2026-02-20 15:49:21.603765,37
2723,1,Technology,375.43,2026-01-05 15:49:21.604049,29
2724,15,Technology,414.36,2026-02-04 15:49:21.604327,53
2725,9,Gaming,419.71,2025-12-05 15:49:21.604589,50
2726,11,Gaming,297.8,2026-01-16 15:49:21.604852,17
2727,14,Beauty,420.61,2026-01-01 15:49:21.605157,57
2728,1,Technology,90.26,2025-12-27 15:49:21.605418,49
2729,26,Home,40.7,2026-01-17 15:49:21.605686,46
2730,2,Gaming,91.97,2026-01-31 15:49:21.605946,48
2731,19,Beauty,192.94,2026-02-22 15:49:21.606255,49
2732,5,Technology,350.56,2026-02-21 15:49:21.606522,39
2733,5,Technology,412.43,2026-01-16 15:49:21.606788,48
2734,11,Gaming,204.36,2026-01-21 15:49:21.607090,55
2735,2,Gaming,210.08,2025-12-20 15:49:21.607367,57
2736,24,Beauty,456.8,2026-02-23 15:49:21.607629,49
2737,10,Home,91.01,2026-02-06 15:49:21.607891,48
2738,18,Beauty,205.6,2026-01-08 15:49:21.608265,22
2739,10,Home,97.11,2026-01-07 15:49:21.608561,13
2740,15,Technology,499.57,2026-01-09 15:49:21.608836,24
2741,2,Gaming,354.52,2026-02-24 15:49:21.609117,53
2742,4,Sports,114.86,2026-02-03 15:49:21.609449,55
2743,17,Fitness,369.42,2026-01-09 15:49:21.609727,25
2744,10,Home,422.85,2025-12-06 15:49:21.610005,57
2745,21,Home,198.4,2025-12-22 15:49:21.610325,28
2746,7,Sports,400.47,2025-12-07 15:49:21.610602,29
2747,18,Beauty,428.26,2025-12-12 15:49:21.610885,10
2748,27,Fitness,104.83,2025-12-07 15:49:21.611194,39
2749,2,Gaming,439.44,2025-12-20 15:49:21.611455,60
2750,26,Home,369.04,2025-12-13 15:49:21.611715,18
2751,29,Sports,214.37,2026-02-27 15:49:21.611978,40
2752,30,Fitness,380.11,2026-01-24 15:49:21.612460,35
2753,26,Home,377.34,2026-02-05 15:49:21.612722,24
2754,4,Sports,366.03,2026-02-23 15:49:21.612983,60
2755,22,Gaming,356.35,2026-02-27 15:49:21.613285,58
2756,22,Gaming,59.55,2026-02-12 15:49:21.613547,20
2757,26,Home,134.38,2026-02-08 15:49:21.613811,51
2758,1,Technology,405.07,2026-01-10 15:49:21.614073,13
2759,8,Beauty,207.42,2026-01-12 15:49:21.614376,12
2760,27,Fitness,254.97,2026-02-21 15:49:21.614639,28
2761,15,Technology,379.84,2026-02-26 15:49:21.614900,12
2762,12,Fitness,244.54,2025-12-15 15:49:21.615203,31
2763,10,Home,58.8,2026-02-13 15:49:21.615466,57
2764,23,Gaming,65.52,2025-12-06 15:49:21.615729,15
2765,20,Sports,393.14,2026-02-17 15:49:21.615988,43
2766,22,Gaming,332.39,2025-12-08 15:49:21.616288,24
2767,14,Beauty,106.99,2025-12-20 15:49:21.616549,46
2768,29,Sports,273.06,2026-02-28 15:49:21.616821,34
2769,24,Beauty,280.89,2026-01-19 15:49:21.617090,58
2770,16,Fashion,383.87,2026-02-01 15:49:21.617396,53
2771,16,Fashion,387.23,2026-01-02 15:49:21.617659,44
2772,24,Beauty,206.38,2026-02-10 15:49:21.617922,23
2773,10,Home,437.97,2025-12-18 15:49:21.618224,50
2774,22,Gaming,313.67,2026-02-22 15:49:21.618486,18
2775,8,Beauty,362.73,2026-01-14 15:49:21.618746,51
2776,9,Gaming,111.69,2025-12-05 15:49:21.619008,36
2777,16,Fashion,372.03,2026-02-14 15:49:21.619322,19
2778,6,Fashion,97.17,2026-01-16 15:49:21.619583,29
2779,25,Fitness,225.99,2026-01-18 15:49:21.619844,42
2780,11,Gaming,264.51,2025-12-17 15:49:21.620107,24
2781,10,Home,103.17,2026-01-10 15:49:21.620411,25
2782,14,Beauty,124.09,2025-12-16 15:49:21.620671,41
2783,23,Gaming,256.95,2026-01-04 15:49:21.620930,50
2784,16,Fashion,409.18,2026-02-24 15:49:21.621259,40
2785,20,Sports,37.12,2026-02-13 15:49:21.621522,46
2786,9,Gaming,126.66,2026-01-22 15:49:21.621785,38
2787,21,Home,454.66,2026-01-21 15:49:21.622050,19
2788,11,Gaming,326.38,2025-12-03 15:49:21.622353,29
2789,7,Sports,97.59,2026-01-01 15:49:21.622614,31
2790,21,Home,289.33,2026-02-01 15:49:21.622875,40
2791,1,Technology,363.71,2026-01-26 15:49:21.623160,13
2792,30,Fitness,59.81,2025-12-30 15:49:21.623441,30
2793,27,Fitness,281.75,2025-12-19 15:49:21.623707,57
2794,19,Beauty,378.83,2026-03-01 15:49:21.623969,25
2795,17,Fitness,47.88,2026-02-01 15:49:21.624296,51
2796,1,Technology,224.16,2025-12-23 15:49:21.624589,41
2797,18,Beauty,357.5,2026-02-07 15:49:21.624907,51
2798,25,Fitness,45.83,2025-12-19 15:49:21.625211,53
2799,14,Beauty,267.04,2025-12-08 15:49:21.625474,42
2800,10,Home,302.52,2026-02-28 15:49:21.625736,32
2801,8,Beauty,149.91,2025-12-12 15:49:21.625996,34
2802,22,Gaming,42.64,2025-12-19 15:49:21.626300,11
2803,6,Fashion,233.37,2026-01-26 15:49:21.626560,52
2804,15,Technology,164.16,2026-01-13 15:49:21.626826,15
2805,10,Home,117.79,2025-12-16 15:49:21.627091,45
2806,21,Home,321.74,2025-12-11 15:49:21.627395,20
2807,11,Gaming,449.87,2026-01-25 15:49:21.627661,31
2808,5,Technology,403.32,2025-12-07 15:49:21.627928,51
2809,26,Home,207.33,2026-01-27 15:49:21.628232,28
2810,6,Fashion,82.37,2026-02-25 15:49:21.628495,17
2811,19,Beauty,197.07,2026-01-03 15:49:21.628758,60
2812,19,Beauty,146.19,2026-01-11 15:49:21.629019,14
2813,18,Beauty,331.6,2025-12-30 15:49:21.629336,40
2814,11,Gaming,433.53,2026-02-26 15:49:21.629598,19
2815,9,Gaming,201.69,2026-01-08 15:49:21.629860,33
2816,18,Beauty,47.18,2026-02-13 15:49:21.630121,41
2817,13,Sports,272.23,2026-02-20 15:49:21.630442,33
2818,14,Beauty,24.47,2026-03-01 15:49:21.630706,14
2819,8,Beauty,112.49,2026-02-14 15:49:21.630972,43
2820,22,Gaming,474.62,2026-03-01 15:49:21.631277,37
2821,4,Sports,281.36,2025-12-23 15:49:21.631540,17
2822,20,Sports,68.3,2025-12-09 15:49:21.631804,50
2823,25,Fitness,54.3,2026-02-13 15:49:21.632068,39
2824,27,Fitness,378.93,2026-01-31 15:49:21.632371,58
2825,3,Fitness,499.2,2025-12-11 15:49:21.632634,23
2826,26,Home,19.06,2026-01-27 15:49:21.632902,47
2827,28,Gaming,36.61,2026-01-31 15:49:21.633204,36
2828,17,Fitness,113.6,2026-02-10 15:49:21.633468,46
2829,15,Technology,419.74,2025-12-07 15:49:21.633730,25
2830,18,Beauty,402.1,2026-02-03 15:49:21.633992,13
2831,13,Sports,451.33,2026-01-13 15:49:21.634296,35
2832,19,Beauty,193.64,2026-01-12 15:49:21.634558,43
2833,16,Fashion,204.73,2025-12-18 15:49:21.634820,10
2834,17,Fitness,417.37,2026-02-23 15:49:21.635087,35
2835,6,Fashion,373.57,2026-01-11 15:49:21.635394,14
2836,27,Fitness,398.74,2025-12-04 15:49:21.635658,35
2837,13,Sports,194.11,2025-12-09 15:49:21.635918,48
2838,3,Fitness,42.25,2026-02-12 15:49:21.636221,39
2839,27,Fitness,123.93,2026-01-21 15:49:21.636484,30
2840,30,Fitness,156.31,2026-01-23 15:49:21.636745,30
2841,22,Gaming,481.69,2026-02-07 15:49:21.637008,32
2842,9,Gaming,497.0,2025-12-13 15:49:21.637313,36
2843,24,Beauty,438.01,2026-01-25 15:49:21.637576,32
2844,18,Beauty,69.72,2026-01-24 15:49:21.637842,10
2845,25,Fitness,470.29,2026-01-05 15:49:21.638106,46
2846,27,Fitness,454.3,2026-02-19 15:49:21.638428,42
2847,23,Gaming,12.69,2026-02-19 15:49:21.638690,18
2848,24,Beauty,117.79,2026-01-18 15:49:21.638953,32
2849,19,Beauty,275.96,2026-01-10 15:49:21.639281,16
2850,9,Gaming,43.1,2026-02-11 15:49:21.639545,18
2851,2,Gaming,411.95,2026-02-13 15:49:21.639809,53
2852,3,Fitness,305.74,2025-12-21 15:49:21.640075,42
2853,6,Fashion,404.77,2026-03-01 15:49:21.640488,12
2854,10,Home,195.19,2025-12-28 15:49:21.640925,26
2855,11,Gaming,93.43,2026-01-15 15:49:21.641209,15
2856,18,Beauty,251.08,2026-01-28 15:49:21.641740,43
2857,16,Fashion,120.96,2026-01-29 15:49:21.642166,20
2858,18,Beauty,341.78,2025-12-21 15:49:21.642470,11
2859,22,Gaming,399.65,2026-01-09 15:49:21.642734,46
2860,25,Fitness,166.05,2026-02-22 15:49:21.642996,59
2861,4,Sports,32.07,2026-01-07 15:49:21.643296,36
2862,26,Home,32.96,2025-12-31 15:49:21.643560,50
2863,12,Fitness,397.14,2026-02-10 15:49:21.643822,38
2864,27,Fitness,431.16,2026-01-15 15:49:21.644084,12
2865,30,Fitness,402.33,2026-01-11 15:49:21.644404,42
2866,24,Beauty,290.49,2026-01-21 15:49:21.644665,33
2867,7,Sports,232.08,2026-01-06 15:49:21.644927,39
2868,14,Beauty,218.35,2026-02-07 15:49:21.645192,46
2869,24,Beauty,203.12,2026-01-02 15:49:21.645498,35
2870,21,Home,290.6,2025-12-26 15:49:21.645764,39
2871,8,Beauty,207.06,2025-12-11 15:49:21.646027,46
2872,29,Sports,339.68,2025-12-05 15:49:21.646331,35
2873,1,Technology,97.81,2025-12-08 15:49:21.646595,34
2874,17,Fitness,397.79,2026-01-28 15:49:21.646858,58
2875,2,Gaming,283.25,2025-12-02 15:49:21.647120,42
2876,11,Gaming,456.41,2026-02-25 15:49:21.647424,44
2877,13,Sports,370.24,2025-12-06 15:49:21.647685,22
2878,2,Gaming,219.86,2026-02-22 15:49:21.647946,53
2879,16,Fashion,219.62,2026-02-02 15:49:21.648208,39
2880,19,Beauty,362.63,2026-01-24 15:49:21.648513,48
2881,30,Fitness,403.42,2025-12-14 15:49:21.648775,53
2882,20,Sports,140.24,2026-01-18 15:49:21.649034,32
2883,2,Gaming,480.02,2026-01-05 15:49:21.649337,22
2884,24,Beauty,38.33,2026-02-13 15:49:21.649598,18
2885,2,Gaming,298.67,2026-01-10 15:49:21.649865,43
2886,1,Technology,137.76,2025-12-10 15:49:21.650130,27
2887,18,Beauty,322.84,2025-12-04 15:49:21.650432,34
2888,24,Beauty,161.67,2026-01-01 15:49:21.650695,57
2889,28,Gaming,384.59,2026-01-05 15:49:21.650955,37
2890,29,Sports,56.25,2026-02-02 15:49:21.651218,24
2891,1,Technology,164.11,2025-12-15 15:49:21.651552,57
2892,2,Gaming,22.93,2026-02-23 15:49:21.651815,20
2893,14,Beauty,397.3,2026-02-21 15:49:21.652078,15
2894,3,Fitness,353.82,2026-02-18 15:49:21.652393,33
2895,4,Sports,60.75,2026-01-06 15:49:21.652659,19
2896,23,Gaming,145.98,2026-01-13 15:49:21.652922,32
2897,7,Sports,305.26,2026-01-27 15:49:21.653188,24
2898,15,Technology,186.51,2026-02-16 15:49:21.653494,58
2899,14,Beauty,283.84,2026-01-26 15:49:21.653757,55
2900,6,Fashion,338.65,2025-12-23 15:49:21.654024,29
2901,12,Fitness,464.04,2026-02-20 15:49:21.654332,44
2902,30,Fitness,105.97,2026-02-25 15:49:21.654596,10
2903,12,Fitness,447.65,2026-02-16 15:49:21.654859,31
2904,8,Beauty,423.63,2026-01-16 15:49:21.655128,22
2905,13,Sports,478.33,2026-01-11 15:49:21.655432,46
2906,19,Beauty,498.56,2026-01-02 15:49:21.655696,10
2907,22,Gaming,463.57,2026-02-10 15:49:21.655959,19
2908,23,Gaming,363.02,2026-01-30 15:49:21.656220,56
2909,8,Beauty,190.69,2026-02-15 15:49:21.656642,60
2910,25,Fitness,374.16,2026-01-11 15:49:21.656902,40
2911,11,Gaming,257.42,2025-12-14 15:49:21.657165,24
2912,16,Fashion,338.9,2026-01-11 15:49:21.657468,58
2913,30,Fitness,491.05,2026-02-01 15:49:21.657732,18
2914,3,Fitness,358.24,2026-01-11 15:49:21.657992,27
2915,4,Sports,385.15,2026-02-22 15:49:21.658296,57
2916,10,Home,301.01,2026-01-31 15:49:21.658560,13
2917,20,Sports,91.26,2026-02-22 15:49:21.658822,57
2918,6,Fashion,487.8,2026-02-15 15:49:21.659083,25
2919,8,Beauty,346.48,2025-12-19 15:49:21.659387,54
2920,4,Sports,342.05,2025-12-03 15:49:21.659648,38
2921,18,Beauty,163.01,2026-02-14 15:49:21.659913,27
2922,10,Home,313.06,2026-02-05 15:49:21.660175,26
2923,2,Gaming,260.1,2025-12-14 15:49:21.660478,18
2924,10,Home,374.97,2026-02-21 15:49:21.660754,55
2925,20,Sports,188.48,2026-02-04 15:49:21.661015,57
2926,23,Gaming,293.76,2025-12-18 15:49:21.661317,31
2927,29,Sports,115.09,2026-01-01 15:49:21.661579,39
2928,22,Gaming,303.95,2025-12-24 15:49:21.661841,13
2929,25,Fitness,71.77,2025-12-31 15:49:21.662102,47
2930,22,Gaming,356.67,2026-02-07 15:49:21.662407,42
2931,4,Sports,165.98,2025-12-01 15:49:21.662669,25
2932,11,Gaming,46.5,2025-12-14 15:49:21.662934,33
2933,19,Beauty,283.95,2026-01-10 15:49:21.663197,19
2934,24,Beauty,449.08,2025-12-27 15:49:21.663514,25
2935,18,Beauty,161.36,2025-12-10 15:49:21.663776,15
2936,25,Fitness,213.52,2026-02-15 15:49:21.664038,25
2937,14,Beauty,151.17,2025-12-01 15:49:21.664340,40
2938,19,Beauty,178.32,2025-12-13 15:49:21.664602,17
2939,30,Fitness,107.86,2025-12-06 15:49:21.664864,44
2940,9,Gaming,308.37,2026-01-27 15:49:21.665127,22
2941,20,Sports,357.96,2026-02-26 15:49:21.665431,60
2942,6,Fashion,38.68,2026-02-25 15:49:21.665694,34
2943,3,Fitness,442.98,2026-01-29 15:49:21.665961,40
2944,16,Fashion,275.41,2025-12-06 15:49:21.666222,55
2945,20,Sports,357.67,2025-12-26 15:49:21.666524,52
2946,1,Technology,349.29,2026-01-30 15:49:21.666791,31
2947,1,Technology,479.5,2026-02-21 15:49:21.667054,21
2948,9,Gaming,134.99,2026-01-06 15:49:21.667357,23
2949,23,Gaming,444.08,2026-01-09 15:49:21.667619,36
2950,21,Home,128.87,2025-12-21 15:49:21.667883,10
2951,16,Fashion,375.16,2025-12-08 15:49:21.668146,48
2952,15,Technology,164.49,2026-02-01 15:49:21.668449,20
2953,8,Beauty,55.48,2025-12-13 15:49:21.668713,49
2954,8,Beauty,440.62,2026-01-23 15:49:21.668974,43
2955,11,Gaming,415.28,2026-02-17 15:49:21.669260,50
2956,30,Fitness,239.95,2026-01-28 15:49:21.669543,34
2957,8,Beauty,156.86,2025-12-12 15:49:21.669803,15
2958,13,Sports,240.37,2026-01-19 15:49:21.670066,12
2959,29,Sports,272.26,2026-01-25 15:49:21.670375,43
2960,10,Home,306.84,2026-02-22 15:49:21.670652,34
2961,1,Technology,39.51,2026-02-27 15:49:21.670919,45
2962,15,Technology,276.84,2025-12-12 15:49:21.671183,38
2963,25,Fitness,458.53,2025-12-13 15:49:21.671447,10
2964,28,Gaming,96.67,2025-12-21 15:49:21.671709,35
2965,20,Sports,220.57,2026-02-01 15:49:21.671972,41
2966,7,Sports,474.01,2025-12-18 15:49:21.672233,32
2967,4,Sports,69.35,2025-12-13 15:49:21.672496,39
2968,12,Fitness,443.92,2025-12-25 15:49:21.672760,36
2969,3,Fitness,187.48,2026-02-15 15:49:21.673022,40
2970,9,Gaming,498.49,2025-12-25 15:49:21.673282,38
2971,22,Gaming,425.04,2025-12-17 15:49:21.673541,49
2972,18,Beauty,154.83,2026-02-22 15:49:21.673805,21
2973,22,Gaming,415.31,2026-01-08 15:49:21.674068,46
2974,28,Gaming,264.43,2025-12-20 15:49:21.674331,33
2975,27,Fitness,191.18,2026-01-23 15:49:21.674593,60
2976,8,Beauty,122.17,2026-02-13 15:49:21.674855,16
2977,30,Fitness,159.73,2026-01-25 15:49:21.675117,35
2978,15,Technology,339.77,2025-12-23 15:49:21.675378,15
2979,30,Fitness,409.38,2025-12-05 15:49:21.675640,28
2980,20,Sports,397.75,2026-02-21 15:49:21.675902,38
2981,20,Sports,338.29,2025-12-09 15:49:21.676163,51
2982,10,Home,434.95,2026-01-22 15:49:21.676428,45
2983,25,Fitness,253.03,2026-02-26 15:49:21.676689,30
2984,7,Sports,118.89,2026-01-08 15:49:21.676950,57
2985,29,Sports,133.05,2025-12-29 15:49:21.677210,32
2986,24,Beauty,324.05,2025-12-17 15:49:21.677477,15
2987,8,Beauty,473.0,2025-12-26 15:49:21.677769,10
2988,14,Beauty,418.32,2026-02-10 15:49:21.678035,22
2989,5,Technology,11.73,2025-12-04 15:49:21.678297,45
2990,14,Beauty,248.64,2026-02-02 15:49:21.678558,20
2991,11,Gaming,240.7,2026-02-22 15:49:21.678819,32
2992,27,Fitness,30.87,2025-12-28 15:49:21.679082,44
2993,4,Sports,165.49,2026-01-18 15:49:21.679345,42
2994,15,Technology,270.72,2025-12-25 15:49:21.679608,18
2995,9,Gaming,413.88,2025-12-01 15:49:21.679869,18
2996,2,Gaming,86.57,2025-12-07 15:49:21.680136,54
2997,13,Sports,65.87,2026-02-08 15:49:21.680404,43
2998,11,Gaming,72.36,2025-12-02 15:49:21.680669,44
2999,7,Sports,34.12,2026-01-16 15:49:21.680930,35
3000,24,Beauty,233.61,2025-12-20 15:49:21.681192,25
