user_id,age,gender,interests,followed_brands,created_at
1,22,Female,"['Technology', 'Gaming', 'Fashion', 'Home']","[22, 9]",2025-08-03 15:45:20.197817
2,33,Female,"['Sports', 'Beauty']","[22, 28, 24]",2025-05-22 15:45:20.197847
3,42,Female,"['Sports', 'Technology']","[3, 23, 15]",2026-02-10 15:45:20.197862
4,37,Male,"['Beauty', 'Fashion']","[13, 27, 4, 10, 3]",2025-10-30 15:45:20.197875
5,31,Male,"['Home', 'Fitness', 'Sports', 'Fashion']","[14, 1]",2025-08-28 15:45:20.197889
6,38,Female,"['Fashion', 'Home', 'Technology', 'Gaming']","[21, 18]",2025-08-03 15:45:20.197899
7,53,Female,"['Fitness', 'Sports', 'Technology', 'Fashion']","[11, 4, 30, 29]",2025-07-15 15:45:20.197909
8,18,Female,"['Sports', 'Fitness', 'Gaming']","[4, 12]",2026-02-22 15:45:20.197918
9,47,Male,"['Gaming', 'Technology', 'Sports']","[3, 12, 23, 4]",2025-12-15 15:45:20.197928
10,18,Male,"['Technology', 'Gaming', 'Sports']","[13, 11, 27, 8]",2025-10-12 15:45:20.197937
11,24,Female,"['Technology', 'Gaming', 'Fashion', 'Home']",[25],2025-08-02 15:45:20.197946
12,20,Male,"['Fitness', 'Technology', 'Fashion']","[9, 30, 20]",2025-11-26 15:45:20.197955
13,38,Female,"['Gaming', 'Technology', 'Fashion', 'Sports']","[27, 14, 29, 17]",2025-07-11 15:45:20.197965
14,19,Female,"['Technology', 'Beauty']","[16, 2]",2025-09-10 15:45:20.197973
15,21,Male,"['Sports', 'Fashion', 'Beauty']","[19, 16]",2026-02-17 15:45:20.197981
16,39,Male,"['Beauty', 'Gaming', 'Home']","[27, 14]",2026-02-05 15:45:20.197990
17,18,Female,"['Home', 'Fashion']","[4, 20, 7, 28, 27]",2025-06-13 15:45:20.198000
18,36,Female,"['Technology', 'Fitness', 'Sports']",[5],2025-08-16 15:45:20.198011
19,39,Male,"['Beauty', 'Home', 'Fashion']","[27, 16]",2025-10-14 15:45:20.198020
20,38,Female,"['Fitness', 'Gaming']","[24, 7]",2026-02-15 15:45:20.198028
21,40,Female,"['Home', 'Technology', 'Sports']","[18, 12]",2025-07-26 15:45:20.198036
22,30,Male,"['Fashion', 'Home']","[27, 8]",2025-10-28 15:45:20.198044
23,35,Female,"['Fashion', 'Fitness', 'Beauty', 'Home']","[30, 5]",2026-01-24 15:45:20.198053
24,19,Female,"['Technology', 'Gaming']","[4, 19, 5]",2025-06-07 15:45:20.198077
25,18,Female,"['Beauty', 'Technology', 'Gaming']","[2, 24]",2025-03-06 15:45:20.198086
26,25,Female,"['Beauty', 'Sports']","[4, 23, 28]",2025-08-08 15:45:20.198094
27,43,Male,"['Technology', 'Gaming', 'Home', 'Sports']","[26, 12, 29, 9, 19]",2025-10-07 15:45:20.198104
28,31,Male,"['Sports', 'Fitness', 'Home', 'Technology']","[7, 2, 11, 9, 6]",2025-08-28 15:45:20.198114
29,31,Male,"['Fashion', 'Sports', 'Technology', 'Beauty']",[13],2025-10-21 15:45:20.198123
30,18,Female,"['Fitness', 'Sports', 'Fashion', 'Gaming']","[16, 9, 2, 14, 1]",2025-10-04 15:45:20.198132
31,32,Female,"['Beauty', 'Fashion']","[27, 16]",2025-09-14 15:45:20.198140
32,24,Female,"['Fashion', 'Beauty', 'Technology', 'Home']",[5],2025-05-23 15:45:20.198148
33,44,Male,"['Fashion', 'Fitness', 'Sports', 'Home']","[9, 12]",2025-05-24 15:45:20.198157
34,55,Male,"['Beauty', 'Sports', 'Technology', 'Fitness']",[16],2025-05-15 15:45:20.198165
35,32,Male,"['Home', 'Sports', 'Gaming']","[24, 12, 15, 26, 25]",2025-11-11 15:45:20.198175
36,36,Male,"['Home', 'Sports', 'Fitness']",[26],2025-05-29 15:45:20.198184
37,30,Male,"['Fitness', 'Gaming', 'Beauty']","[27, 10, 6, 3, 4]",2025-05-21 15:45:20.198194
38,19,Male,"['Fashion', 'Gaming', 'Sports']",[6],2025-05-27 15:45:20.198201
39,22,Female,"['Sports', 'Beauty', 'Fashion']","[29, 17]",2025-04-05 15:45:20.198209
40,22,Male,"['Technology', 'Home', 'Fashion', 'Beauty']",[12],2025-07-07 15:45:20.198220
41,60,Female,"['Fashion', 'Sports']","[30, 28, 20]",2025-08-30 15:45:20.198228
42,19,Male,"['Home', 'Sports', 'Beauty']","[10, 24, 27]",2025-10-02 15:45:20.198237
43,33,Male,"['Fashion', 'Sports', 'Beauty', 'Technology']","[3, 11, 24, 15, 5]",2026-02-25 15:45:20.198247
44,37,Female,"['Home', 'Beauty', 'Sports']",[3],2025-04-24 15:45:20.198257
45,30,Female,"['Technology', 'Beauty', 'Fitness']","[13, 29, 1, 14]",2025-03-02 15:45:20.198266
46,19,Female,"['Fitness', 'Gaming', 'Beauty', 'Technology']","[24, 25]",2025-06-05 15:45:20.198275
47,20,Female,"['Beauty', 'Gaming', 'Fitness', 'Home']","[25, 23]",2025-05-21 15:45:20.198283
48,33,Female,"['Fitness', 'Beauty', 'Gaming', 'Fashion']",[7],2025-11-13 15:45:20.198295
49,34,Female,"['Fitness', 'Fashion']",[22],2025-12-03 15:45:20.198303
50,37,Male,"['Gaming', 'Technology']","[9, 4, 22]",2025-04-13 15:45:20.198311
51,20,Male,"['Fitness', 'Beauty', 'Technology', 'Home']","[30, 1]",2025-04-18 15:45:20.198320
52,36,Female,"['Technology', 'Home']",[27],2025-04-30 15:45:20.198328
53,30,Male,"['Fitness', 'Beauty', 'Fashion']","[6, 16, 27]",2025-06-21 15:45:20.198336
54,31,Female,"['Gaming', 'Beauty', 'Fitness', 'Home']","[5, 26]",2025-09-23 15:45:20.198344
55,23,Female,"['Beauty', 'Fashion', 'Sports', 'Fitness']","[10, 28, 23]",2026-01-14 15:45:20.198353
56,23,Male,"['Gaming', 'Technology']","[13, 16, 7, 24, 22]",2025-03-23 15:45:20.198362
57,24,Male,"['Beauty', 'Home']","[25, 20]",2025-09-29 15:45:20.198370
58,40,Male,"['Sports', 'Fashion', 'Gaming']","[29, 3, 28, 18]",2025-07-16 15:45:20.198379
59,31,Female,"['Technology', 'Sports', 'Home']","[15, 30, 24]",2025-09-04 15:45:20.198388
60,22,Male,"['Gaming', 'Home', 'Beauty']","[7, 13, 25, 26]",2025-06-22 15:45:20.198396
61,19,Female,"['Home', 'Beauty', 'Technology']","[10, 22, 4]",2025-04-17 15:45:20.198407
62,45,Male,"['Beauty', 'Gaming', 'Home', 'Fitness']","[26, 16]",2025-09-12 15:45:20.198416
63,22,Female,"['Home', 'Beauty']",[20],2025-10-13 15:45:20.198426
64,18,Male,"['Technology', 'Sports', 'Gaming']","[28, 23, 18, 13]",2025-06-02 15:45:20.198435
65,43,Female,"['Sports', 'Fitness', 'Home']","[25, 5, 6, 16]",2025-12-11 15:45:20.198444
66,31,Male,"['Home', 'Fitness']","[3, 16, 23]",2026-01-20 15:45:20.198453
67,28,Male,"['Gaming', 'Fashion', 'Home', 'Technology']","[2, 15, 13]",2025-05-17 15:45:20.198461
68,28,Female,"['Fashion', 'Home', 'Beauty']","[18, 6, 2, 22]",2026-01-05 15:45:20.198472
69,22,Male,"['Fashion', 'Gaming', 'Beauty']","[6, 11, 3, 15, 8]",2026-02-09 15:45:20.198481
70,34,Male,"['Sports', 'Home', 'Beauty', 'Gaming']",[8],2026-02-01 15:45:20.198490
71,22,Male,"['Fitness', 'Fashion', 'Beauty', 'Technology']","[4, 8]",2025-11-16 15:45:20.198499
72,23,Male,"['Fitness', 'Home']","[6, 8]",2025-04-30 15:45:20.198507
73,26,Male,"['Technology', 'Sports', 'Home']","[3, 12, 25]",2025-11-22 15:45:20.198515
74,47,Male,"['Fashion', 'Technology', 'Fitness', 'Gaming']","[9, 2, 14, 1]",2025-03-21 15:45:20.198524
75,27,Female,"['Fashion', 'Beauty', 'Gaming']","[12, 16, 11, 25]",2025-05-19 15:45:20.198533
76,41,Female,"['Home', 'Fitness', 'Beauty']",[25],2025-04-30 15:45:20.198541
77,18,Male,"['Gaming', 'Sports', 'Home']","[22, 17]",2025-04-14 15:45:20.198549
78,32,Female,"['Gaming', 'Beauty']","[6, 19]",2025-10-16 15:45:20.198558
79,29,Male,"['Technology', 'Beauty', 'Sports', 'Gaming']","[23, 20, 4, 14]",2025-11-14 15:45:20.198567
80,25,Male,"['Sports', 'Home']","[20, 6, 16]",2025-05-14 15:45:20.198575
81,28,Male,"['Beauty', 'Fitness', 'Home', 'Gaming']","[18, 2, 22, 5, 28]",2025-04-07 15:45:20.198585
82,20,Female,"['Home', 'Sports', 'Beauty', 'Technology']","[14, 9, 13, 15]",2025-04-25 15:45:20.198596
83,31,Male,"['Gaming', 'Technology']","[28, 2, 7]",2025-07-27 15:45:20.198607
84,31,Female,"['Technology', 'Fitness']","[29, 27, 7, 16]",2025-09-28 15:45:20.198615
85,21,Female,"['Fitness', 'Fashion']","[7, 25, 9]",2026-02-06 15:45:20.198624
86,18,Female,"['Sports', 'Beauty', 'Fitness', 'Home']","[3, 28, 18]",2025-07-18 15:45:20.198648
87,23,Male,"['Home', 'Technology', 'Beauty']","[20, 7, 29, 19, 1]",2025-09-03 15:45:20.198657
88,27,Male,"['Technology', 'Fashion']","[28, 9, 5, 11, 17]",2025-03-20 15:45:20.198665
89,56,Female,"['Home', 'Fitness']","[29, 17, 30, 24, 14]",2025-04-13 15:45:20.198674
90,31,Male,"['Gaming', 'Beauty', 'Fashion']","[23, 24, 13, 26, 29]",2025-12-06 15:45:20.198683
91,39,Female,"['Technology', 'Beauty']","[14, 25]",2025-12-23 15:45:20.198690
92,31,Female,"['Fitness', 'Fashion', 'Beauty', 'Gaming']","[8, 15]",2025-05-16 15:45:20.198698
93,25,Male,"['Gaming', 'Sports', 'Fashion']",[16],2025-04-25 15:45:20.198706
94,21,Female,"['Home', 'Fashion', 'Gaming', 'Beauty']","[12, 25]",2025-03-14 15:45:20.198714
95,43,Female,"['Technology', 'Sports', 'Gaming', 'Fitness']",[17],2025-04-29 15:45:20.198722
96,22,Female,"['Gaming', 'Home', 'Sports', 'Fitness']","[29, 5, 18, 28]",2025-04-24 15:45:20.198731
97,33,Female,"['Fashion', 'Home']",[30],2026-03-01 15:45:20.198738
98,19,Female,"['Sports', 'Fashion', 'Technology']","[14, 29, 26]",2025-10-27 15:45:20.198746
99,47,Male,"['Sports', 'Fashion']","[21, 2]",2026-01-14 15:45:20.198753
100,22,Female,"['Technology', 'Sports', 'Fashion', 'Gaming']","[17, 10]",2025-12-29 15:45:20.198761
101,23,Female,"['Gaming', 'Sports']","[16, 29, 1, 23]",2025-10-24 15:45:20.198769
102,30,Female,"['Beauty', 'Gaming', 'Home', 'Sports']",[7],2026-02-12 15:45:20.198778
103,22,Male,"['Fashion', 'Sports', 'Home', 'Gaming']","[22, 4, 6, 29, 30]",2026-02-02 15:45:20.198790
104,36,Female,"['Home', 'Beauty', 'Sports']",[12],2025-08-16 15:45:20.198797
105,39,Male,"['Gaming', 'Home', 'Technology', 'Beauty']","[20, 16, 9, 13, 28]",2025-07-17 15:45:20.198806
106,25,Female,"['Fitness', 'Gaming', 'Technology', 'Beauty']","[19, 15, 29, 8]",2025-05-10 15:45:20.198815
107,29,Female,"['Home', 'Fashion', 'Fitness', 'Beauty']","[15, 18, 23, 19, 13]",2025-10-17 15:45:20.198825
108,30,Female,"['Gaming', 'Fitness']",[9],2025-09-16 15:45:20.198831
109,28,Male,"['Gaming', 'Sports']","[22, 2, 25, 28]",2025-07-01 15:45:20.198839
110,40,Male,"['Sports', 'Gaming', 'Fashion', 'Technology']","[19, 23, 17, 3]",2025-07-28 15:45:20.198848
111,31,Female,"['Sports', 'Beauty', 'Home', 'Gaming']","[9, 17, 10, 27, 1]",2025-11-04 15:45:20.198858
112,18,Male,"['Home', 'Fitness']",[16],2025-03-05 15:45:20.198865
113,19,Male,"['Technology', 'Home', 'Fitness', 'Sports']","[12, 23, 16, 29]",2025-12-10 15:45:20.198873
114,27,Female,"['Sports', 'Fashion', 'Home']","[13, 16, 12]",2025-04-12 15:45:20.198881
115,44,Female,"['Beauty', 'Technology', 'Fitness', 'Fashion']",[21],2026-01-26 15:45:20.198889
116,25,Female,"['Home', 'Fashion', 'Fitness']","[2, 29]",2025-06-21 15:45:20.198896
117,36,Male,"['Sports', 'Beauty', 'Fashion', 'Technology']","[30, 2, 22, 29, 17]",2025-05-14 15:45:20.198905
118,23,Male,"['Fitness', 'Home', 'Sports']","[11, 17, 13, 23, 12]",2026-02-27 15:45:20.198914
119,25,Female,"['Sports', 'Gaming']",[14],2025-06-02 15:45:20.198921
120,37,Male,"['Fashion', 'Home', 'Beauty']",[25],2026-01-06 15:45:20.198930
121,26,Female,"['Technology', 'Fitness', 'Home']","[26, 6, 11]",2025-12-01 15:45:20.198938
122,41,Female,"['Fashion', 'Fitness']","[28, 16, 3]",2025-12-07 15:45:20.198948
123,34,Male,"['Sports', 'Fitness', 'Technology']","[30, 20, 29, 10]",2025-09-15 15:45:20.198957
124,39,Male,"['Fitness', 'Technology', 'Gaming', 'Sports']","[17, 6, 10, 23]",2025-07-06 15:45:20.198965
125,45,Female,"['Fashion', 'Gaming', 'Beauty']","[20, 12, 27, 22]",2025-08-22 15:45:20.198976
126,22,Male,"['Gaming', 'Technology', 'Beauty', 'Fitness']","[25, 3]",2025-07-21 15:45:20.198984
127,37,Male,"['Home', 'Technology', 'Sports']","[11, 7, 27, 3, 14]",2025-03-17 15:45:20.198993
128,23,Female,"['Fashion', 'Sports']",[21],2025-09-01 15:45:20.199000
129,32,Female,"['Gaming', 'Sports', 'Fashion']",[27],2025-06-23 15:45:20.199007
130,18,Male,"['Technology', 'Fitness', 'Home', 'Beauty']","[17, 19, 27, 28]",2025-11-01 15:45:20.199030
131,21,Female,"['Beauty', 'Home', 'Fitness']","[3, 5, 24, 22, 18]",2025-11-06 15:45:20.199038
132,19,Male,"['Home', 'Fitness', 'Gaming', 'Fashion']","[16, 6, 28, 1]",2025-06-20 15:45:20.199066
133,21,Female,"['Beauty', 'Fashion', 'Sports', 'Gaming']","[11, 5]",2025-04-02 15:45:20.199091
134,19,Male,"['Beauty', 'Technology']","[24, 2, 6, 21, 15]",2025-05-04 15:45:20.199099
135,41,Female,"['Home', 'Fashion']","[1, 19, 18, 13, 15]",2025-09-25 15:45:20.199108
136,37,Female,"['Fitness', 'Gaming', 'Beauty', 'Home']",[20],2025-12-26 15:45:20.199115
137,32,Male,"['Beauty', 'Gaming']","[26, 7, 1]",2025-11-13 15:45:20.199123
138,31,Female,"['Sports', 'Beauty', 'Technology', 'Gaming']","[23, 16, 13, 24, 15]",2025-08-31 15:45:20.199132
139,19,Female,"['Beauty', 'Sports', 'Gaming', 'Fitness']","[10, 11, 24, 5, 28]",2025-08-04 15:45:20.199141
140,29,Male,"['Technology', 'Beauty', 'Home', 'Sports']","[8, 18]",2025-07-17 15:45:20.199149
141,33,Female,"['Sports', 'Technology', 'Home']",[7],2025-05-23 15:45:20.199158
142,32,Male,"['Sports', 'Fitness', 'Fashion']",[20],2025-09-15 15:45:20.199166
143,21,Female,"['Fashion', 'Fitness']","[15, 28, 6]",2025-12-07 15:45:20.199187
144,18,Male,"['Fashion', 'Beauty', 'Sports', 'Home']","[12, 3, 2, 9]",2025-03-17 15:45:20.199195
145,38,Male,"['Home', 'Gaming', 'Technology']","[16, 13, 21, 15]",2025-11-14 15:45:20.199203
146,27,Female,"['Gaming', 'Home', 'Sports', 'Beauty']","[25, 9, 24, 4]",2025-09-24 15:45:20.199213
147,32,Female,"['Fitness', 'Home', 'Sports', 'Technology']",[2],2025-03-15 15:45:20.199220
148,21,Male,"['Home', 'Technology', 'Beauty', 'Fitness']","[25, 21, 12, 8, 28]",2025-11-05 15:45:20.199229
149,31,Male,"['Sports', 'Beauty', 'Technology', 'Fashion']","[21, 27, 14, 25]",2025-10-25 15:45:20.199237
150,31,Male,"['Home', 'Technology']","[4, 19, 1]",2025-09-09 15:45:20.199245
151,21,Female,"['Home', 'Fashion']","[10, 9, 19, 17, 4]",2025-08-01 15:45:20.199253
152,25,Male,"['Sports', 'Fashion', 'Fitness']","[16, 24, 10, 28, 6]",2025-04-17 15:45:20.199261
153,21,Female,"['Technology', 'Beauty', 'Fitness']","[12, 27]",2025-08-31 15:45:20.199268
154,49,Male,"['Sports', 'Fashion']","[1, 28, 10, 15]",2026-01-04 15:45:20.199276
155,23,Female,"['Fitness', 'Technology', 'Sports', 'Beauty']","[10, 2, 12, 17, 11]",2025-12-08 15:45:20.199284
156,22,Female,"['Beauty', 'Fitness', 'Gaming', 'Sports']","[1, 20, 4, 22, 14]",2025-07-04 15:45:20.199293
157,24,Female,"['Fitness', 'Sports', 'Fashion', 'Home']","[30, 28, 19, 10, 2]",2025-11-15 15:45:20.199301
158,54,Female,"['Home', 'Sports', 'Technology']","[21, 13, 23]",2025-10-24 15:45:20.199309
159,28,Male,"['Gaming', 'Fashion', 'Sports']","[24, 9]",2025-06-05 15:45:20.199316
160,22,Female,"['Sports', 'Fitness', 'Home']",[14],2025-03-30 15:45:20.199323
161,55,Male,"['Home', 'Gaming']","[23, 15, 5, 29]",2025-03-11 15:45:20.199333
162,36,Female,"['Sports', 'Home', 'Fitness', 'Beauty']",[17],2025-09-02 15:45:20.199343
163,41,Female,"['Gaming', 'Fitness', 'Technology']","[1, 16, 30, 4, 23]",2025-05-29 15:45:20.199351
164,35,Male,"['Technology', 'Home', 'Gaming']","[27, 26, 8]",2025-03-14 15:45:20.199359
165,26,Female,"['Fitness', 'Sports', 'Home', 'Gaming']","[19, 28, 4]",2025-11-02 15:45:20.199367
166,29,Male,"['Home', 'Beauty']","[27, 18]",2025-12-28 15:45:20.199374
167,31,Female,"['Fitness', 'Home', 'Gaming']","[21, 2]",2025-05-05 15:45:20.199383
168,18,Female,"['Home', 'Sports', 'Technology']",[4],2025-12-12 15:45:20.199391
169,44,Female,"['Beauty', 'Fitness', 'Technology']","[10, 8, 20, 2]",2025-05-21 15:45:20.199398
170,35,Male,"['Beauty', 'Gaming', 'Fitness']","[10, 20]",2025-09-26 15:45:20.199406
171,39,Male,"['Sports', 'Fitness']","[23, 5]",2026-02-19 15:45:20.199413
172,24,Male,"['Sports', 'Home', 'Beauty']",[3],2025-12-25 15:45:20.199420
173,23,Male,"['Beauty', 'Technology']","[20, 11]",2025-07-02 15:45:20.199426
174,19,Male,"['Fitness', 'Technology', 'Home']","[26, 7]",2025-07-21 15:45:20.199434
175,34,Male,"['Sports', 'Fitness', 'Technology', 'Fashion']",[26],2025-04-18 15:45:20.199441
176,31,Male,"['Technology', 'Gaming', 'Sports']","[25, 12, 2, 28, 1]",2025-08-11 15:45:20.199449
177,29,Female,"['Home', 'Technology']","[18, 15, 14]",2025-11-20 15:45:20.199457
178,20,Female,"['Sports', 'Gaming', 'Home', 'Fashion']","[19, 29, 16, 11]",2025-11-30 15:45:20.199466
179,34,Male,"['Technology', 'Beauty']","[3, 11, 8, 25]",2025-08-18 15:45:20.199473
180,33,Female,"['Technology', 'Fashion', 'Sports']",[29],2025-06-10 15:45:20.199483
181,18,Female,"['Sports', 'Technology']",[8],2025-07-01 15:45:20.199490
182,51,Male,"['Fashion', 'Fitness']","[28, 4, 14]",2026-01-25 15:45:20.199497
183,33,Male,"['Sports', 'Beauty', 'Home']","[28, 15]",2026-02-15 15:45:20.199504
184,18,Male,"['Beauty', 'Gaming', 'Fitness', 'Fashion']","[1, 11, 25, 26, 7]",2025-11-16 15:45:20.199512
185,28,Male,"['Fitness', 'Gaming', 'Sports']",[16],2025-06-01 15:45:20.199519
186,32,Female,"['Sports', 'Beauty', 'Technology']","[27, 23, 10]",2025-11-15 15:45:20.199527
187,19,Female,"['Fashion', 'Fitness']","[16, 19]",2025-04-17 15:45:20.199533
188,18,Female,"['Fashion', 'Fitness', 'Home', 'Technology']","[6, 8, 16]",2025-05-13 15:45:20.199543
189,18,Female,"['Home', 'Sports']",[10],2025-07-09 15:45:20.199550
190,18,Male,"['Fashion', 'Beauty', 'Gaming']",[13],2025-09-19 15:45:20.199558
191,30,Male,"['Beauty', 'Sports']",[23],2026-01-08 15:45:20.199565
192,32,Male,"['Sports', 'Fashion', 'Beauty']","[5, 18, 30, 14]",2025-07-02 15:45:20.199573
193,32,Female,"['Fitness', 'Beauty', 'Gaming']",[2],2025-03-04 15:45:20.199579
194,20,Male,"['Fashion', 'Home', 'Gaming']","[2, 24]",2025-05-29 15:45:20.199587
195,31,Female,"['Home', 'Sports']","[20, 17, 1]",2026-02-18 15:45:20.199594
196,22,Female,"['Sports', 'Fashion', 'Gaming']","[12, 14, 23, 11, 25]",2025-10-16 15:45:20.199602
197,26,Male,"['Sports', 'Technology', 'Fitness']","[25, 10, 13]",2025-09-17 15:45:20.199609
198,58,Male,"['Fitness', 'Gaming', 'Sports', 'Home']","[18, 9, 25, 2]",2025-03-30 15:45:20.199618
199,18,Male,"['Home', 'Beauty', 'Gaming']","[9, 4, 21, 18]",2026-01-14 15:45:20.199625
200,42,Female,"['Gaming', 'Fitness']","[7, 8, 11, 15, 22]",2025-08-15 15:45:20.199635
201,45,Male,"['Gaming', 'Home']","[23, 17]",2025-06-30 15:45:20.199642
202,23,Male,"['Fashion', 'Gaming']",[11],2025-07-08 15:45:20.199649
203,24,Male,"['Sports', 'Technology', 'Fitness', 'Gaming']","[15, 18]",2025-08-19 15:45:20.199656
204,38,Female,"['Home', 'Gaming']","[6, 18, 8, 22]",2025-09-01 15:45:20.199664
205,38,Male,"['Home', 'Fitness', 'Beauty', 'Sports']","[12, 30, 22]",2025-05-04 15:45:20.199672
206,27,Male,"['Home', 'Beauty']","[23, 4]",2026-01-27 15:45:20.199679
207,18,Male,"['Fitness', 'Home', 'Technology', 'Sports']","[25, 5, 24, 14, 9]",2025-10-17 15:45:20.199687
208,31,Female,"['Sports', 'Gaming']",[3],2025-09-04 15:45:20.199694
209,20,Male,"['Technology', 'Fitness', 'Beauty']","[27, 11, 5]",2026-02-05 15:45:20.199701
210,45,Female,"['Technology', 'Fitness', 'Sports']","[17, 6, 13, 27]",2025-10-20 15:45:20.199711
211,37,Female,"['Home', 'Fitness']","[17, 18, 22, 20]",2025-10-17 15:45:20.199719
212,32,Male,"['Fashion', 'Home']",[30],2025-09-20 15:45:20.199727
213,18,Male,"['Sports', 'Beauty', 'Home']","[13, 28, 15, 27]",2025-03-31 15:45:20.199735
214,20,Male,"['Beauty', 'Sports', 'Technology', 'Fashion']","[2, 23]",2025-06-25 15:45:20.199743
215,42,Male,"['Home', 'Sports', 'Fashion', 'Beauty']","[29, 24, 10, 6, 2]",2025-09-09 15:45:20.199753
216,31,Male,"['Fitness', 'Fashion', 'Home']",[15],2025-05-31 15:45:20.199760
217,18,Male,"['Fitness', 'Beauty', 'Home']","[1, 26, 30, 12]",2025-03-12 15:45:20.199768
218,31,Female,"['Sports', 'Gaming']","[2, 13, 20, 10, 19]",2025-12-14 15:45:20.199775
219,43,Female,"['Sports', 'Home', 'Technology', 'Fitness']","[27, 22, 18, 4, 9]",2026-02-18 15:45:20.199785
220,23,Male,"['Fitness', 'Fashion', 'Technology']","[29, 11]",2026-02-05 15:45:20.199793
221,20,Male,"['Gaming', 'Fashion']","[14, 9]",2025-09-23 15:45:20.199800
222,24,Male,"['Sports', 'Fashion', 'Home']","[14, 2, 13, 1]",2025-11-25 15:45:20.199807
223,34,Male,"['Fitness', 'Technology']","[19, 24, 12, 25, 14]",2026-02-27 15:45:20.199815
224,36,Female,"['Home', 'Gaming', 'Fitness']","[1, 16, 10, 13]",2026-01-04 15:45:20.199823
225,31,Female,"['Home', 'Beauty', 'Fashion', 'Gaming']","[15, 9]",2025-12-05 15:45:20.199830
226,19,Female,"['Technology', 'Gaming', 'Beauty']","[21, 24, 25, 16, 26]",2025-10-26 15:45:20.199839
227,26,Male,"['Fitness', 'Beauty', 'Home']",[5],2025-05-27 15:45:20.199845
228,34,Male,"['Home', 'Fashion', 'Sports']","[12, 16, 28, 14, 29]",2025-11-03 15:45:20.199854
229,21,Male,"['Technology', 'Gaming', 'Home', 'Fitness']","[14, 29, 8, 19]",2025-11-05 15:45:20.199862
230,24,Female,"['Home', 'Technology']","[4, 18, 30, 7]",2025-07-15 15:45:20.199870
231,23,Male,"['Home', 'Fashion', 'Fitness']","[30, 3, 22, 29, 17]",2025-07-21 15:45:20.199880
232,18,Male,"['Home', 'Technology', 'Beauty']","[22, 25, 29]",2025-04-27 15:45:20.199888
233,21,Female,"['Technology', 'Fitness']","[7, 26, 27]",2026-02-23 15:45:20.199895
234,20,Male,"['Fitness', 'Gaming', 'Technology', 'Beauty']","[29, 8, 25]",2025-11-05 15:45:20.199904
235,25,Male,"['Sports', 'Technology', 'Home', 'Gaming']","[4, 6, 28, 26]",2025-12-07 15:45:20.199912
236,20,Male,"['Gaming', 'Beauty']","[3, 5, 19, 18, 25]",2025-10-26 15:45:20.199919
237,32,Female,"['Fitness', 'Technology', 'Sports']","[30, 26, 14]",2025-12-13 15:45:20.199927
238,24,Male,"['Home', 'Sports', 'Fashion']","[26, 21, 7, 8]",2026-02-28 15:45:20.199934
239,20,Male,"['Fitness', 'Beauty', 'Fashion', 'Sports']","[23, 25, 10, 16]",2025-10-20 15:45:20.199945
240,28,Female,"['Technology', 'Gaming', 'Home', 'Fashion']","[11, 12, 23, 29, 2]",2025-11-30 15:45:20.199953
241,38,Male,"['Fashion', 'Beauty', 'Fitness', 'Technology']","[12, 25, 16, 9, 8]",2026-02-04 15:45:20.199962
242,55,Male,"['Home', 'Fashion', 'Beauty', 'Sports']","[2, 16, 19]",2025-07-02 15:45:20.199969
243,30,Female,"['Sports', 'Beauty', 'Technology']",[20],2026-02-24 15:45:20.199976
244,27,Female,"['Beauty', 'Fashion', 'Gaming', 'Sports']","[6, 23, 8, 17, 15]",2025-11-01 15:45:20.199985
245,28,Female,"['Gaming', 'Home', 'Sports', 'Technology']","[4, 17, 2]",2026-02-05 15:45:20.199992
246,34,Male,"['Sports', 'Gaming', 'Technology', 'Fashion']","[12, 7, 16]",2025-03-14 15:45:20.200000
247,19,Female,"['Sports', 'Home', 'Technology']","[24, 16]",2025-03-08 15:45:20.200007
248,45,Male,"['Fashion', 'Fitness', 'Gaming']","[14, 19, 12, 20, 11]",2025-05-22 15:45:20.200016
249,40,Female,"['Gaming', 'Fitness', 'Technology', 'Sports']","[15, 21]",2025-11-18 15:45:20.200024
250,33,Male,"['Gaming', 'Fitness', 'Beauty']","[16, 5, 9, 13]",2026-01-13 15:45:20.200032
251,46,Male,"['Home', 'Technology', 'Gaming']","[25, 6, 26, 18]",2025-12-04 15:45:20.200040
252,30,Female,"['Fitness', 'Gaming', 'Technology', 'Beauty']",[25],2025-04-05 15:45:20.200049
253,28,Female,"['Technology', 'Sports']","[5, 14, 3]",2025-09-29 15:45:20.200057
254,33,Male,"['Fashion', 'Technology', 'Sports', 'Home']","[27, 1, 2, 14, 22]",2025-10-04 15:45:20.200066
255,27,Female,"['Fitness', 'Sports', 'Fashion', 'Beauty']","[14, 6, 9, 19]",2025-12-04 15:45:20.200074
256,44,Male,"['Gaming', 'Beauty', 'Sports']",[1],2025-12-09 15:45:20.200081
257,28,Male,"['Fitness', 'Gaming', 'Fashion']","[19, 16, 2, 27, 14]",2025-08-07 15:45:20.200089
258,21,Female,"['Sports', 'Gaming', 'Home', 'Fitness']","[24, 28, 27]",2025-10-23 15:45:20.200099
259,24,Female,"['Technology', 'Gaming']",[10],2025-12-25 15:45:20.200108
260,22,Male,"['Technology', 'Home', 'Fashion']","[10, 9]",2025-12-05 15:45:20.200116
261,21,Male,"['Sports', 'Beauty', 'Technology']","[21, 12, 2, 14, 30]",2025-11-28 15:45:20.200124
262,18,Female,"['Fashion', 'Fitness', 'Sports']","[5, 4, 10, 23]",2025-12-07 15:45:20.200132
263,19,Male,"['Gaming', 'Technology', 'Beauty']","[11, 26, 24, 20]",2026-01-21 15:45:20.200140
264,24,Female,"['Fitness', 'Home', 'Technology']","[6, 28, 18]",2025-09-02 15:45:20.200147
265,29,Male,"['Technology', 'Sports', 'Beauty']","[3, 13, 12]",2025-03-18 15:45:20.200155
266,43,Female,"['Technology', 'Beauty', 'Gaming', 'Home']",[6],2025-09-03 15:45:20.200166
267,24,Female,"['Beauty', 'Technology', 'Gaming']","[28, 17, 13, 11]",2025-04-11 15:45:20.200174
268,31,Female,"['Beauty', 'Gaming']","[21, 8]",2025-09-19 15:45:20.200181
269,26,Male,"['Beauty', 'Fashion', 'Gaming']","[18, 3, 19, 27, 11]",2025-08-22 15:45:20.200189
270,57,Male,"['Sports', 'Fashion']","[28, 12, 9, 27]",2025-05-02 15:45:20.200198
271,24,Male,"['Beauty', 'Fitness']",[21],2025-11-21 15:45:20.200205
272,31,Female,"['Beauty', 'Technology']","[14, 4, 26, 5, 15]",2025-03-22 15:45:20.200213
273,23,Female,"['Fitness', 'Beauty', 'Sports', 'Gaming']","[6, 25, 4]",2025-03-05 15:45:20.200222
274,37,Female,"['Gaming', 'Fashion', 'Sports', 'Home']","[4, 17, 28]",2026-01-16 15:45:20.200230
275,20,Female,"['Home', 'Fashion', 'Fitness']",[10],2025-12-28 15:45:20.200237
276,22,Male,"['Gaming', 'Beauty', 'Fashion']",[7],2025-12-09 15:45:20.200244
277,19,Female,"['Fitness', 'Home']","[5, 22, 27, 2]",2025-07-31 15:45:20.200252
278,25,Female,"['Sports', 'Fashion']",[7],2025-08-10 15:45:20.200260
279,31,Male,"['Fitness', 'Fashion', 'Sports', 'Home']",[17],2025-07-26 15:45:20.200268
280,37,Female,"['Home', 'Beauty', 'Gaming', 'Fitness']","[27, 15]",2025-05-04 15:45:20.200275
281,23,Male,"['Technology', 'Fashion']","[7, 15, 26, 28, 9]",2025-05-17 15:45:20.200283
282,24,Female,"['Gaming', 'Technology', 'Home']","[3, 27]",2025-07-10 15:45:20.200290
283,19,Male,"['Technology', 'Fashion', 'Sports']",[14],2025-03-05 15:45:20.200297
284,19,Female,"['Sports', 'Fitness', 'Fashion', 'Home']","[19, 8, 13]",2025-09-01 15:45:20.200305
285,34,Male,"['Fitness', 'Technology']",[14],2026-02-14 15:45:20.200312
286,46,Female,"['Fitness', 'Technology']",[29],2025-05-19 15:45:20.200319
287,43,Female,"['Beauty', 'Fashion']","[24, 4]",2026-01-28 15:45:20.200326
288,22,Female,"['Home', 'Gaming', 'Fitness', 'Technology']","[24, 10, 22, 21, 20]",2025-10-18 15:45:20.200335
289,23,Female,"['Fitness', 'Technology']","[16, 13, 12]",2025-12-04 15:45:20.200342
290,25,Male,"['Gaming', 'Technology', 'Sports', 'Home']","[12, 4, 5, 14, 9]",2025-06-29 15:45:20.200350
291,60,Male,"['Beauty', 'Home', 'Gaming', 'Fitness']","[22, 9, 25, 19]",2025-03-14 15:45:20.200359
292,39,Male,"['Fitness', 'Sports', 'Fashion', 'Technology']","[5, 19, 28]",2025-11-04 15:45:20.200367
293,42,Male,"['Fitness', 'Gaming', 'Technology']","[26, 21, 20]",2025-07-01 15:45:20.200374
294,19,Female,"['Beauty', 'Fitness', 'Home', 'Sports']","[9, 21]",2025-03-02 15:45:20.200381
295,24,Female,"['Beauty', 'Technology', 'Home']","[11, 22, 24]",2025-03-28 15:45:20.200390
296,34,Male,"['Fitness', 'Gaming', 'Home', 'Sports']",[26],2026-02-12 15:45:20.200398
297,19,Male,"['Gaming', 'Technology', 'Fitness']","[2, 27, 14, 26]",2025-12-03 15:45:20.200408
298,34,Female,"['Sports', 'Beauty']","[14, 2]",2026-01-21 15:45:20.200415
299,43,Male,"['Home', 'Fashion', 'Fitness']","[26, 2]",2025-10-24 15:45:20.200422
300,39,Male,"['Technology', 'Beauty', 'Fashion']","[26, 24, 5, 6, 17]",2025-10-24 15:45:20.200430
301,40,Male,"['Technology', 'Beauty']",[16],2025-04-01 15:45:20.200438
302,28,Female,"['Home', 'Gaming', 'Fitness']","[12, 2, 23]",2026-02-02 15:45:20.200445
303,34,Male,"['Beauty', 'Gaming', 'Sports', 'Home']","[15, 19, 26, 9, 8]",2025-08-22 15:45:20.200454
304,28,Female,"['Sports', 'Fitness', 'Beauty', 'Home']","[14, 17, 4]",2025-03-20 15:45:20.200462
305,18,Male,"['Technology', 'Fitness']","[6, 16, 12, 23]",2026-01-11 15:45:20.200469
306,24,Female,"['Fashion', 'Fitness', 'Home']","[18, 13, 11]",2025-09-04 15:45:20.200476
307,42,Female,"['Beauty', 'Sports', 'Fashion', 'Technology']",[26],2025-07-04 15:45:20.200483
308,22,Female,"['Sports', 'Fitness', 'Gaming']","[28, 20, 6, 25, 15]",2025-08-16 15:45:20.200491
309,42,Female,"['Fashion', 'Beauty', 'Fitness', 'Technology']","[10, 18, 21]",2026-01-25 15:45:20.200499
310,21,Male,"['Home', 'Sports', 'Gaming']","[21, 5, 19]",2026-02-20 15:45:20.200507
311,30,Male,"['Beauty', 'Fashion', 'Home']","[9, 15, 6]",2025-06-26 15:45:20.200515
312,23,Female,"['Technology', 'Sports', 'Home']","[12, 4, 30, 27, 19]",2025-10-04 15:45:20.200523
313,32,Male,"['Technology', 'Home', 'Beauty']","[15, 27]",2025-05-06 15:45:20.200530
314,34,Female,"['Fitness', 'Sports', 'Gaming', 'Fashion']","[13, 29, 5, 2]",2025-10-26 15:45:20.200538
315,19,Male,"['Gaming', 'Sports']","[7, 17, 5]",2025-09-03 15:45:20.200546
316,22,Female,"['Home', 'Fashion', 'Technology', 'Fitness']",[11],2025-08-29 15:45:20.200555
317,33,Female,"['Sports', 'Fashion']","[5, 9, 14, 25, 2]",2026-01-24 15:45:20.200565
318,31,Male,"['Home', 'Gaming']","[4, 10, 22, 23]",2025-03-08 15:45:20.200572
319,33,Female,"['Technology', 'Sports', 'Fitness']","[11, 8, 29, 14]",2025-10-26 15:45:20.200581
320,49,Female,"['Fashion', 'Gaming']","[21, 3, 23]",2025-07-26 15:45:20.200588
321,23,Male,"['Sports', 'Technology']","[15, 11, 18, 21, 3]",2025-04-24 15:45:20.200596
322,33,Male,"['Gaming', 'Fashion']",[2],2025-12-29 15:45:20.200603
323,31,Male,"['Technology', 'Fitness', 'Fashion']",[22],2025-06-24 15:45:20.200610
324,21,Female,"['Technology', 'Sports', 'Fitness']","[13, 27, 11, 19]",2025-11-14 15:45:20.200617
325,45,Female,"['Beauty', 'Sports', 'Gaming']","[27, 17]",2025-09-01 15:45:20.200625
326,20,Male,"['Beauty', 'Fitness']",[27],2025-10-22 15:45:20.200631
327,58,Female,"['Technology', 'Beauty', 'Home', 'Fitness']","[7, 29, 13]",2025-08-28 15:45:20.200641
328,24,Female,"['Sports', 'Fitness', 'Home']","[15, 20]",2025-04-30 15:45:20.200648
329,23,Male,"['Beauty', 'Home']",[28],2025-04-08 15:45:20.200655
330,23,Female,"['Home', 'Beauty', 'Gaming', 'Fitness']","[10, 2, 13]",2025-10-06 15:45:20.200663
331,22,Female,"['Gaming', 'Fashion']","[1, 23]",2025-07-14 15:45:20.200672
332,45,Male,"['Fitness', 'Gaming']","[25, 16]",2025-12-01 15:45:20.200679
333,26,Female,"['Fitness', 'Technology', 'Sports']","[4, 28, 18, 30]",2025-10-22 15:45:20.200687
334,21,Male,"['Gaming', 'Technology', 'Sports']","[23, 5]",2025-08-30 15:45:20.200694
335,23,Male,"['Technology', 'Beauty', 'Home']",[6],2025-11-30 15:45:20.200700
336,19,Female,"['Fashion', 'Beauty']","[26, 3, 29, 10]",2025-03-09 15:45:20.200710
337,33,Female,"['Sports', 'Fashion', 'Gaming']","[12, 9, 1, 20, 11]",2025-10-10 15:45:20.200720
338,24,Female,"['Fashion', 'Sports', 'Technology', 'Fitness']","[6, 9, 17, 19]",2026-01-12 15:45:20.200729
339,25,Female,"['Fashion', 'Gaming', 'Sports']","[3, 21, 23, 16]",2025-09-16 15:45:20.200736
340,20,Male,"['Technology', 'Gaming']","[21, 5, 7, 15]",2025-09-06 15:45:20.200744
341,30,Male,"['Home', 'Fashion', 'Beauty', 'Fitness']","[21, 16, 4, 17, 12]",2025-05-25 15:45:20.200753
342,22,Male,"['Beauty', 'Technology']","[2, 6, 1, 28]",2025-11-26 15:45:20.200760
343,18,Male,"['Beauty', 'Fitness']","[17, 16]",2026-01-31 15:45:20.200767
344,43,Male,"['Fitness', 'Fashion']",[12],2025-11-30 15:45:20.200774
345,24,Female,"['Fitness', 'Gaming', 'Technology', 'Fashion']","[19, 6, 21, 5]",2025-05-15 15:45:20.200783
346,26,Female,"['Fitness', 'Fashion', 'Gaming', 'Beauty']","[20, 22, 18, 16]",2026-01-25 15:45:20.200791
347,18,Male,"['Sports', 'Gaming']","[10, 18, 3, 12]",2025-08-18 15:45:20.200798
348,34,Female,"['Sports', 'Gaming', 'Technology']","[21, 30, 7, 18]",2025-12-23 15:45:20.200806
349,26,Female,"['Beauty', 'Home', 'Gaming', 'Fashion']","[30, 19, 3, 11]",2025-05-24 15:45:20.200814
350,19,Male,"['Fashion', 'Fitness', 'Sports']",[17],2025-05-07 15:45:20.200821
351,25,Male,"['Sports', 'Fashion', 'Gaming', 'Beauty']","[1, 15]",2025-07-05 15:45:20.200828
352,45,Female,"['Fashion', 'Technology']","[1, 28, 19, 9]",2025-06-19 15:45:20.200836
353,19,Female,"['Sports', 'Fitness', 'Technology']",[6],2026-02-09 15:45:20.200843
354,47,Male,"['Beauty', 'Fitness']","[24, 1, 28, 19, 6]",2025-05-28 15:45:20.200852
355,34,Female,"['Home', 'Sports']","[18, 1, 9]",2025-07-23 15:45:20.200859
356,41,Male,"['Fitness', 'Fashion', 'Home']","[20, 17, 19, 14]",2025-11-04 15:45:20.200870
357,18,Female,"['Home', 'Technology', 'Fashion', 'Fitness']","[4, 25, 13, 16, 2]",2025-08-22 15:45:20.200878
358,37,Female,"['Fitness', 'Technology', 'Sports']","[17, 22, 12]",2025-03-16 15:45:20.200888
359,26,Male,"['Gaming', 'Beauty']","[10, 20, 12, 5]",2025-09-23 15:45:20.200895
360,44,Female,"['Technology', 'Sports', 'Fashion']","[29, 22]",2025-07-09 15:45:20.200903
361,20,Male,"['Technology', 'Sports', 'Fashion']",[5],2025-11-16 15:45:20.200910
362,41,Male,"['Fitness', 'Beauty', 'Home', 'Gaming']","[3, 20, 5]",2026-02-15 15:45:20.200917
363,48,Female,"['Gaming', 'Home']","[27, 14, 16, 23, 6]",2025-10-24 15:45:20.200925
364,41,Female,"['Technology', 'Fitness', 'Home']","[12, 4]",2025-05-15 15:45:20.200933
365,26,Female,"['Gaming', 'Beauty', 'Fashion', 'Sports']","[21, 24, 19]",2026-02-16 15:45:20.200941
366,19,Female,"['Fashion', 'Technology']","[21, 29, 8, 14, 23]",2025-09-18 15:45:20.200949
367,40,Female,"['Home', 'Sports', 'Beauty']","[3, 5, 25, 14, 12]",2025-04-20 15:45:20.200957
368,34,Female,"['Beauty', 'Gaming', 'Sports']","[20, 5, 26, 16, 1]",2025-06-29 15:45:20.200965
369,22,Female,"['Sports', 'Beauty']","[22, 13, 30, 5]",2026-01-14 15:45:20.200972
370,18,Female,"['Technology', 'Sports', 'Fashion', 'Fitness']","[4, 19, 26, 29, 15]",2026-01-06 15:45:20.200981
371,34,Female,"['Technology', 'Fitness', 'Sports', 'Home']",[4],2025-07-09 15:45:20.200988
372,25,Male,"['Technology', 'Sports', 'Beauty', 'Fitness']",[26],2025-12-28 15:45:20.200995
373,20,Female,"['Gaming', 'Home']","[24, 10, 5]",2026-02-07 15:45:20.201003
374,47,Female,"['Fitness', 'Beauty', 'Sports', 'Fashion']","[11, 1, 27, 10, 16]",2026-02-07 15:45:20.201011
375,49,Female,"['Gaming', 'Home', 'Technology', 'Beauty']","[20, 26, 28, 29]",2025-05-17 15:45:20.201021
376,20,Male,"['Beauty', 'Sports', 'Gaming']","[25, 9, 17, 20, 29]",2025-07-04 15:45:20.201029
377,21,Female,"['Sports', 'Home']","[14, 20, 7, 29]",2025-06-08 15:45:20.201037
378,36,Male,"['Sports', 'Fitness', 'Technology', 'Gaming']","[17, 27, 3, 29]",2026-03-01 15:45:20.201045
379,23,Female,"['Technology', 'Sports']","[11, 25]",2025-07-29 15:45:20.201052
380,36,Female,"['Fitness', 'Home']","[4, 10, 28, 20, 9]",2025-12-05 15:45:20.201062
381,41,Male,"['Technology', 'Fashion', 'Gaming', 'Fitness']","[12, 15, 16, 19, 8]",2026-01-13 15:45:20.201215
382,30,Female,"['Sports', 'Fashion', 'Home']","[6, 19, 14, 20, 28]",2025-03-12 15:45:20.201226
383,19,Male,"['Beauty', 'Sports', 'Fitness']",[5],2025-05-15 15:45:20.201233
384,21,Male,"['Fitness', 'Gaming', 'Home', 'Technology']",[6],2025-06-19 15:45:20.201241
385,27,Male,"['Home', 'Fitness']","[21, 27, 30]",2026-01-10 15:45:20.201249
386,19,Female,"['Fitness', 'Sports', 'Home']","[7, 19, 14]",2026-01-03 15:45:20.201256
387,34,Male,"['Fitness', 'Gaming']",[26],2025-11-08 15:45:20.201263
388,32,Female,"['Gaming', 'Sports', 'Technology']","[10, 18, 16]",2025-12-06 15:45:20.201273
389,29,Male,"['Gaming', 'Technology', 'Beauty', 'Home']","[16, 8, 22]",2025-10-01 15:45:20.201281
390,22,Male,"['Sports', 'Fashion', 'Beauty', 'Fitness']","[10, 7, 29, 3, 1]",2025-12-02 15:45:20.201290
391,38,Female,"['Beauty', 'Technology', 'Fitness']",[21],2025-09-21 15:45:20.201297
392,41,Female,"['Sports', 'Technology']",[29],2025-07-24 15:45:20.201304
393,41,Female,"['Beauty', 'Fashion', 'Sports']","[3, 24, 17, 6, 11]",2025-09-28 15:45:20.201313
394,33,Male,"['Home', 'Fitness', 'Fashion']","[26, 23, 11, 15]",2025-06-16 15:45:20.201320
395,22,Male,"['Gaming', 'Beauty', 'Fashion', 'Technology']","[25, 28]",2026-01-18 15:45:20.201330
396,25,Female,"['Technology', 'Fitness', 'Gaming', 'Home']","[7, 12, 11, 19]",2025-10-09 15:45:20.201338
397,22,Female,"['Technology', 'Fitness']","[24, 14, 16]",2025-08-14 15:45:20.201346
398,24,Male,"['Fashion', 'Fitness', 'Sports', 'Home']","[2, 12, 20, 30]",2025-07-12 15:45:20.201354
399,24,Male,"['Fashion', 'Sports']","[24, 30]",2025-03-08 15:45:20.201361
400,19,Male,"['Technology', 'Gaming', 'Fashion', 'Beauty']",[23],2025-05-13 15:45:20.201370
401,24,Female,"['Fitness', 'Beauty', 'Technology', 'Home']","[9, 13, 16]",2025-06-19 15:45:20.201381
402,34,Male,"['Gaming', 'Technology']",[8],2026-03-01 15:45:20.201389
403,29,Female,"['Gaming', 'Technology', 'Fitness']","[18, 14]",2025-06-11 15:45:20.201396
404,22,Male,"['Technology', 'Gaming', 'Sports', 'Fitness']","[27, 11, 26, 21, 4]",2025-04-11 15:45:20.201405
405,38,Male,"['Home', 'Technology', 'Fashion', 'Sports']","[29, 9, 24, 26, 8]",2025-06-14 15:45:20.201414
406,34,Female,"['Technology', 'Fashion', 'Gaming', 'Beauty']",[30],2026-02-24 15:45:20.201421
407,27,Female,"['Technology', 'Beauty', 'Home']","[5, 7, 22]",2025-04-22 15:45:20.201429
408,38,Male,"['Home', 'Technology', 'Gaming']","[14, 22]",2025-06-02 15:45:20.201436
409,24,Male,"['Fashion', 'Beauty', 'Technology']","[13, 4, 16]",2026-02-18 15:45:20.201444
410,30,Female,"['Beauty', 'Gaming', 'Home']","[15, 1, 3, 8, 30]",2025-11-27 15:45:20.201453
411,34,Female,"['Home', 'Sports', 'Fitness', 'Gaming']","[8, 13, 17]",2025-08-22 15:45:20.201461
412,31,Female,"['Fitness', 'Gaming', 'Technology', 'Beauty']","[8, 12]",2025-11-07 15:45:20.201468
413,26,Female,"['Beauty', 'Sports', 'Fitness', 'Home']","[16, 23, 14, 7]",2025-05-05 15:45:20.201476
414,21,Male,"['Fitness', 'Sports', 'Home', 'Technology']",[1],2026-01-21 15:45:20.201485
415,33,Male,"['Beauty', 'Gaming', 'Sports', 'Fashion']","[17, 2, 20, 29]",2025-10-20 15:45:20.201493
416,41,Male,"['Fashion', 'Fitness', 'Gaming', 'Beauty']","[26, 24]",2025-05-23 15:45:20.201501
417,25,Female,"['Fitness', 'Beauty']",[18],2025-08-17 15:45:20.201508
418,38,Male,"['Sports', 'Beauty']","[11, 25, 9, 12, 30]",2025-05-16 15:45:20.201516
419,34,Male,"['Fashion', 'Technology']","[4, 5, 28]",2026-01-04 15:45:20.201523
420,18,Female,"['Fitness', 'Beauty']","[30, 11, 19, 17]",2025-06-18 15:45:20.201531
421,38,Female,"['Fitness', 'Gaming', 'Home']","[8, 16, 23, 26, 9]",2025-11-22 15:45:20.201539
422,24,Female,"['Technology', 'Sports', 'Home', 'Fitness']","[12, 6, 4, 19]",2025-09-04 15:45:20.201549
423,27,Male,"['Sports', 'Technology', 'Home']","[14, 11]",2026-02-02 15:45:20.201556
424,20,Male,"['Home', 'Fitness', 'Fashion', 'Gaming']","[7, 4, 8]",2025-06-22 15:45:20.201564
425,20,Male,"['Sports', 'Beauty', 'Technology']","[29, 11, 1, 17, 12]",2025-07-16 15:45:20.201573
426,30,Female,"['Home', 'Gaming']",[29],2026-02-23 15:45:20.201580
427,19,Male,"['Home', 'Gaming', 'Beauty', 'Fashion']","[11, 1]",2025-09-19 15:45:20.201588
428,31,Female,"['Fitness', 'Gaming']","[20, 25, 15, 3]",2025-03-19 15:45:20.201596
429,33,Male,"['Fitness', 'Sports', 'Home']","[7, 8]",2025-04-08 15:45:20.201603
430,25,Female,"['Gaming', 'Home']","[17, 13, 19]",2025-10-23 15:45:20.201611
431,20,Female,"['Beauty', 'Sports']","[6, 5, 21, 18, 8]",2025-03-08 15:45:20.201619
432,18,Male,"['Sports', 'Beauty']","[28, 10, 18]",2025-10-20 15:45:20.201627
433,25,Female,"['Fitness', 'Sports', 'Fashion']","[27, 17, 23]",2025-11-29 15:45:20.201634
434,30,Male,"['Technology', 'Fashion']",[4],2025-06-24 15:45:20.201643
435,21,Male,"['Technology', 'Sports', 'Fashion', 'Beauty']","[30, 8]",2025-08-22 15:45:20.201651
436,41,Male,"['Gaming', 'Fitness', 'Fashion', 'Home']","[12, 2]",2025-03-16 15:45:20.201658
437,33,Male,"['Sports', 'Fitness']",[24],2026-02-22 15:45:20.201665
438,27,Female,"['Home', 'Gaming', 'Beauty']","[7, 18]",2025-12-12 15:45:20.201672
439,30,Male,"['Sports', 'Fashion']",[1],2025-05-18 15:45:20.201679
440,40,Female,"['Gaming', 'Technology', 'Sports']","[2, 4, 30]",2025-04-13 15:45:20.201686
441,42,Female,"['Home', 'Fitness', 'Technology']",[7],2025-07-16 15:45:20.201694
442,31,Female,"['Fitness', 'Beauty', 'Fashion']","[11, 30, 26, 24, 22]",2025-07-04 15:45:20.201702
443,44,Male,"['Sports', 'Technology', 'Home']","[22, 6]",2025-12-19 15:45:20.201711
444,33,Male,"['Fashion', 'Home', 'Gaming']","[16, 2]",2026-01-04 15:45:20.201719
445,24,Female,"['Home', 'Fitness', 'Fashion', 'Beauty']","[4, 24, 19, 28, 23]",2025-10-25 15:45:20.201727
446,25,Female,"['Fitness', 'Fashion', 'Sports', 'Beauty']",[2],2025-03-12 15:45:20.201734
447,30,Male,"['Gaming', 'Technology', 'Beauty', 'Sports']","[4, 17, 22, 19]",2026-01-30 15:45:20.201743
448,49,Female,"['Fitness', 'Home', 'Sports', 'Fashion']","[5, 17, 21, 10, 2]",2025-08-08 15:45:20.201751
449,38,Female,"['Fitness', 'Technology']","[27, 22, 13, 9]",2025-11-13 15:45:20.201761
450,33,Male,"['Home', 'Gaming']",[23],2025-08-09 15:45:20.201768
451,21,Male,"['Beauty', 'Gaming', 'Fashion']",[4],2025-10-10 15:45:20.201775
452,18,Male,"['Gaming', 'Fashion', 'Sports']","[4, 22]",2026-01-30 15:45:20.201782
453,44,Male,"['Technology', 'Home']","[23, 26, 10, 21]",2025-04-17 15:45:20.201792
454,31,Female,"['Home', 'Sports', 'Fashion']",[19],2025-10-08 15:45:20.201799
455,23,Female,"['Fitness', 'Home']","[18, 3, 10]",2026-01-26 15:45:20.201806
456,20,Female,"['Home', 'Technology', 'Beauty', 'Fashion']","[24, 22, 23, 14]",2026-01-12 15:45:20.201814
457,30,Female,"['Fitness', 'Fashion', 'Beauty', 'Technology']","[22, 9, 21, 24]",2025-12-08 15:45:20.201822
458,24,Male,"['Home', 'Gaming', 'Sports', 'Fashion']","[13, 5, 29, 18, 23]",2025-06-06 15:45:20.201831
459,29,Male,"['Technology', 'Home']",[25],2025-05-20 15:45:20.201838
460,30,Female,"['Fashion', 'Technology']","[3, 28, 27]",2025-04-13 15:45:20.201846
461,22,Male,"['Fitness', 'Home', 'Gaming']","[9, 8, 21, 6, 10]",2025-10-24 15:45:20.201854
462,22,Male,"['Gaming', 'Fashion']","[21, 23, 11]",2026-02-02 15:45:20.201861
463,42,Male,"['Fashion', 'Fitness']","[9, 2, 26, 5, 30]",2025-09-11 15:45:20.201870
464,29,Female,"['Gaming', 'Fashion', 'Beauty', 'Technology']","[20, 24, 10, 11, 4]",2026-01-01 15:45:20.201879
465,29,Female,"['Fashion', 'Technology']","[21, 25]",2025-12-15 15:45:20.201888
466,24,Male,"['Beauty', 'Fashion']",[10],2025-05-10 15:45:20.201895
467,21,Female,"['Fashion', 'Sports', 'Home']",[27],2026-02-26 15:45:20.201902
468,23,Female,"['Fitness', 'Gaming', 'Beauty']","[29, 6]",2025-06-12 15:45:20.201909
469,27,Male,"['Beauty', 'Fashion', 'Technology', 'Gaming']",[27],2025-03-18 15:45:20.201916
470,19,Male,"['Fitness', 'Technology']","[28, 9, 25]",2025-04-11 15:45:20.201924
471,21,Male,"['Fitness', 'Gaming', 'Fashion', 'Technology']",[26],2025-10-09 15:45:20.201933
472,22,Female,"['Fashion', 'Home']","[3, 29, 15]",2025-09-11 15:45:20.201940
473,34,Male,"['Fitness', 'Home', 'Beauty', 'Technology']","[21, 30, 23, 18, 5]",2025-12-07 15:45:20.201951
474,24,Male,"['Gaming', 'Beauty']",[28],2025-09-10 15:45:20.201958
475,28,Male,"['Beauty', 'Fashion', 'Technology', 'Gaming']","[7, 5, 11]",2026-01-27 15:45:20.201965
476,22,Female,"['Gaming', 'Fashion', 'Sports']",[18],2025-12-28 15:45:20.201972
477,33,Female,"['Fashion', 'Gaming', 'Home']","[22, 6]",2025-04-27 15:45:20.201980
478,22,Female,"['Fashion', 'Technology', 'Home']","[30, 28, 4, 16]",2025-12-11 15:45:20.201988
479,26,Female,"['Fashion', 'Home']",[9],2025-10-22 15:45:20.201994
480,23,Male,"['Technology', 'Sports', 'Home', 'Fashion']","[4, 25, 3, 1]",2025-07-19 15:45:20.202002
481,20,Female,"['Beauty', 'Home', 'Fitness']","[15, 20, 22, 30, 13]",2025-11-01 15:45:20.202010
482,41,Female,"['Gaming', 'Fashion']","[30, 25, 15, 11]",2025-07-16 15:45:20.202018
483,24,Male,"['Fitness', 'Sports', 'Beauty']","[18, 9, 3]",2026-01-09 15:45:20.202025
484,23,Male,"['Technology', 'Fashion', 'Gaming']",[15],2025-09-01 15:45:20.202032
485,26,Female,"['Home', 'Gaming', 'Technology']",[21],2025-11-03 15:45:20.202039
486,21,Female,"['Sports', 'Beauty', 'Fashion']","[18, 12]",2025-06-02 15:45:20.202049
487,18,Male,"['Gaming', 'Technology']","[8, 16]",2025-08-01 15:45:20.202056
488,30,Female,"['Technology', 'Fitness']","[12, 30, 9, 17, 14]",2025-05-04 15:45:20.202064
489,59,Female,"['Fashion', 'Sports', 'Technology']","[17, 30]",2025-08-28 15:45:20.202071
490,37,Male,"['Sports', 'Technology', 'Home']","[26, 9, 17, 10]",2025-07-31 15:45:20.202079
491,37,Male,"['Home', 'Gaming']","[24, 23]",2026-02-12 15:45:20.202086
492,19,Male,"['Technology', 'Fashion', 'Gaming']","[4, 14]",2025-09-18 15:45:20.202095
493,32,Female,"['Fashion', 'Gaming']",[28],2026-01-11 15:45:20.202101
494,37,Male,"['Sports', 'Technology', 'Fashion']",[12],2025-10-28 15:45:20.202108
495,18,Male,"['Sports', 'Technology', 'Beauty', 'Home']","[10, 25, 18]",2026-02-25 15:45:20.202116
496,39,Male,"['Fashion', 'Home', 'Beauty', 'Sports']","[2, 23, 14, 30]",2025-10-03 15:45:20.202124
497,22,Female,"['Sports', 'Home', 'Fashion']","[4, 29, 16]",2025-04-22 15:45:20.202132
498,21,Male,"['Fitness', 'Fashion', 'Gaming']","[3, 5]",2025-09-06 15:45:20.202139
499,42,Female,"['Gaming', 'Sports']","[20, 30, 2]",2026-01-24 15:45:20.202146
500,30,Female,"['Home', 'Fitness']","[10, 19]",2025-05-30 15:45:20.202153
501,23,Male,"['Gaming', 'Beauty', 'Fitness']","[1, 16, 23, 6]",2026-02-05 15:45:20.202161
502,21,Male,"['Home', 'Beauty']","[22, 18, 15]",2025-11-19 15:45:20.202169
503,28,Male,"['Fashion', 'Sports', 'Beauty', 'Fitness']","[11, 17, 8, 21]",2025-08-04 15:45:20.202177
504,30,Male,"['Sports', 'Fashion']","[11, 19, 25, 2]",2026-02-13 15:45:20.202185
505,29,Female,"['Gaming', 'Fashion', 'Home', 'Beauty']","[11, 10, 14, 13]",2025-08-22 15:45:20.202193
506,23,Male,"['Technology', 'Beauty']",[3],2025-05-17 15:45:20.202200
507,24,Male,"['Fashion', 'Home', 'Fitness']",[16],2025-08-07 15:45:20.202209
508,42,Female,"['Home', 'Sports']","[4, 21, 28]",2025-06-05 15:45:20.202216
509,26,Male,"['Technology', 'Home']","[26, 13, 2, 28]",2025-04-11 15:45:20.202224
510,19,Male,"['Fitness', 'Technology']","[18, 26, 25, 22]",2026-02-21 15:45:20.202232
511,28,Male,"['Fashion', 'Sports']",[23],2025-04-20 15:45:20.202238
512,22,Male,"['Fashion', 'Fitness']","[8, 28, 11]",2025-11-03 15:45:20.202248
513,18,Male,"['Fashion', 'Sports', 'Technology', 'Home']",[4],2025-03-02 15:45:20.202256
514,21,Male,"['Technology', 'Sports', 'Home']",[4],2025-04-05 15:45:20.202268
515,22,Male,"['Technology', 'Beauty', 'Gaming']","[18, 15, 19, 14, 3]",2025-05-02 15:45:20.202276
516,31,Male,"['Home', 'Fashion']","[15, 18, 12, 20]",2025-10-12 15:45:20.202284
517,32,Male,"['Technology', 'Sports', 'Home', 'Gaming']",[19],2025-10-13 15:45:20.202291
518,28,Female,"['Home', 'Beauty', 'Fitness']",[15],2025-05-14 15:45:20.202298
519,24,Female,"['Technology', 'Gaming', 'Fashion']","[27, 13, 3, 19]",2026-01-09 15:45:20.202306
520,22,Female,"['Fitness', 'Beauty', 'Fashion']","[30, 1, 26, 21]",2025-07-17 15:45:20.202314
521,29,Female,"['Fashion', 'Gaming']","[6, 21, 25, 27]",2025-12-04 15:45:20.202321
522,22,Male,"['Gaming', 'Sports', 'Technology', 'Beauty']","[9, 23, 2, 7, 13]",2025-07-06 15:45:20.202336
523,33,Male,"['Home', 'Beauty', 'Fitness']","[8, 5, 4, 15, 9]",2025-11-10 15:45:20.202344
524,34,Female,"['Technology', 'Fashion']","[10, 22, 11, 17]",2025-10-10 15:45:20.202351
525,19,Male,"['Beauty', 'Fitness', 'Gaming']","[9, 2, 22, 3]",2025-07-02 15:45:20.202359
526,43,Male,"['Fashion', 'Technology', 'Sports']","[26, 18]",2025-04-15 15:45:20.202367
527,40,Female,"['Gaming', 'Fitness']","[19, 20]",2025-11-08 15:45:20.202374
528,24,Male,"['Fitness', 'Gaming']","[21, 9, 1, 25, 14]",2025-04-14 15:45:20.202384
529,21,Male,"['Technology', 'Beauty', 'Fitness', 'Fashion']","[28, 24, 11, 7, 6]",2026-01-03 15:45:20.202393
530,30,Male,"['Fashion', 'Sports']","[17, 22, 11, 7, 16]",2025-10-06 15:45:20.202400
531,29,Male,"['Fitness', 'Home']","[12, 21, 30, 11, 28]",2025-10-02 15:45:20.202411
532,31,Male,"['Home', 'Beauty', 'Technology', 'Sports']","[29, 26]",2025-05-14 15:45:20.202419
533,44,Female,"['Beauty', 'Fitness', 'Fashion', 'Technology']","[1, 24, 21, 25, 12]",2025-09-24 15:45:20.202428
534,18,Female,"['Gaming', 'Beauty', 'Sports', 'Technology']",[9],2026-02-09 15:45:20.202435
535,30,Female,"['Beauty', 'Fashion', 'Technology']","[28, 10, 24, 4, 8]",2026-02-14 15:45:20.202443
536,35,Female,"['Technology', 'Fitness']","[19, 25]",2025-05-30 15:45:20.202450
537,21,Female,"['Fitness', 'Home', 'Technology', 'Gaming']","[19, 27, 14, 20, 3]",2025-05-08 15:45:20.202460
538,20,Male,"['Home', 'Fitness', 'Gaming']","[4, 19, 8]",2026-02-23 15:45:20.202468
539,39,Female,"['Gaming', 'Technology', 'Fitness', 'Home']","[28, 26, 11, 24]",2025-08-13 15:45:20.202476
540,20,Female,"['Sports', 'Technology', 'Fashion', 'Gaming']","[10, 9]",2025-07-20 15:45:20.202484
541,34,Female,"['Sports', 'Fashion']","[16, 7, 9, 15]",2026-01-30 15:45:20.202492
542,44,Male,"['Technology', 'Beauty', 'Fashion', 'Home']","[3, 15, 23, 6]",2025-11-12 15:45:20.202499
543,39,Male,"['Beauty', 'Sports']","[28, 6, 13, 9]",2025-12-13 15:45:20.202507
544,42,Female,"['Home', 'Fitness', 'Fashion', 'Beauty']",[15],2025-07-15 15:45:20.202517
545,20,Male,"['Fitness', 'Fashion']",[6],2025-07-06 15:45:20.202523
546,19,Female,"['Sports', 'Technology', 'Beauty', 'Fitness']","[5, 6, 1]",2025-11-20 15:45:20.202531
547,29,Male,"['Home', 'Fitness', 'Technology']","[11, 17, 5]",2025-07-11 15:45:20.202538
548,23,Female,"['Home', 'Technology']","[21, 6]",2026-02-22 15:45:20.202546
549,18,Female,"['Home', 'Sports', 'Fitness']","[25, 19, 24, 26]",2025-03-15 15:45:20.202554
550,38,Female,"['Gaming', 'Fashion']","[8, 11]",2025-12-20 15:45:20.202563
551,19,Male,"['Fashion', 'Gaming', 'Beauty', 'Home']","[11, 12, 4, 24, 5]",2025-06-18 15:45:20.202573
552,19,Female,"['Beauty', 'Gaming']","[14, 22]",2025-12-26 15:45:20.202580
553,45,Male,"['Sports', 'Home', 'Fashion', 'Fitness']","[17, 21]",2026-02-14 15:45:20.202588
554,18,Female,"['Fitness', 'Home', 'Fashion', 'Gaming']","[23, 20]",2025-03-19 15:45:20.202595
555,21,Female,"['Gaming', 'Sports', 'Fashion', 'Beauty']","[24, 25, 10, 14]",2025-07-31 15:45:20.202604
556,31,Male,"['Gaming', 'Fashion']","[23, 22, 15]",2025-06-06 15:45:20.202611
557,24,Male,"['Beauty', 'Home']","[16, 8, 1, 2]",2025-10-30 15:45:20.202619
558,29,Female,"['Sports', 'Beauty', 'Fashion', 'Home']","[6, 5, 4]",2025-07-19 15:45:20.202626
559,26,Female,"['Technology', 'Fashion', 'Beauty', 'Sports']","[3, 1, 25, 22]",2025-08-12 15:45:20.202634
560,49,Female,"['Sports', 'Home', 'Fitness']","[30, 16, 25]",2025-06-19 15:45:20.202642
561,33,Male,"['Sports', 'Fitness', 'Home', 'Beauty']","[2, 11]",2026-02-21 15:45:20.202649
562,18,Female,"['Sports', 'Gaming', 'Fitness', 'Home']",[11],2025-11-11 15:45:20.202657
563,43,Male,"['Home', 'Gaming', 'Technology']",[25],2025-07-04 15:45:20.202664
564,20,Female,"['Beauty', 'Home', 'Technology', 'Fitness']","[7, 28, 3, 16]",2025-06-06 15:45:20.202672
565,33,Female,"['Beauty', 'Sports']",[27],2025-04-30 15:45:20.202678
566,30,Female,"['Gaming', 'Fashion', 'Home', 'Beauty']","[4, 18, 30, 7]",2025-12-25 15:45:20.202686
567,27,Female,"['Home', 'Fitness', 'Fashion', 'Gaming']","[5, 1, 12, 27]",2025-03-07 15:45:20.202695
568,59,Female,"['Fitness', 'Home', 'Fashion']","[29, 28, 24, 8]",2025-10-08 15:45:20.202703
569,19,Male,"['Gaming', 'Fitness', 'Home', 'Fashion']","[27, 24, 25]",2026-02-21 15:45:20.202710
570,22,Male,"['Fashion', 'Home', 'Technology']","[30, 14, 20, 28]",2025-08-16 15:45:20.202720
571,28,Female,"['Home', 'Beauty', 'Gaming']","[5, 29]",2025-10-19 15:45:20.202729
572,29,Female,"['Fitness', 'Fashion', 'Beauty']","[28, 12]",2025-04-26 15:45:20.202739
573,56,Male,"['Home', 'Gaming']",[27],2026-01-25 15:45:20.202747
574,19,Female,"['Home', 'Beauty']","[15, 24]",2025-11-11 15:45:20.202755
575,41,Female,"['Gaming', 'Fashion']",[2],2026-02-26 15:45:20.202762
576,38,Female,"['Technology', 'Sports']","[30, 18]",2026-02-12 15:45:20.202769
577,59,Male,"['Home', 'Fitness', 'Fashion', 'Beauty']","[9, 29]",2025-06-19 15:45:20.202777
578,36,Female,"['Technology', 'Sports', 'Home']",[18],2025-05-18 15:45:20.202784
579,28,Female,"['Beauty', 'Technology', 'Gaming']","[4, 6]",2025-12-31 15:45:20.202791
580,45,Male,"['Fashion', 'Fitness']",[14],2025-12-22 15:45:20.202798
581,26,Female,"['Gaming', 'Beauty', 'Fashion', 'Home']","[30, 21, 9, 26]",2025-05-27 15:45:20.202806
582,35,Male,"['Home', 'Gaming', 'Beauty', 'Technology']","[11, 25, 24, 6, 2]",2025-10-23 15:45:20.202815
583,22,Female,"['Home', 'Fashion', 'Gaming', 'Technology']","[15, 16]",2026-01-02 15:45:20.202823
584,28,Male,"['Technology', 'Gaming', 'Fitness', 'Sports']","[7, 6]",2025-10-10 15:45:20.202830
585,30,Female,"['Fashion', 'Fitness']",[17],2025-07-22 15:45:20.202837
586,20,Male,"['Fashion', 'Gaming']","[1, 9, 24, 16]",2025-11-28 15:45:20.202844
587,20,Female,"['Technology', 'Beauty', 'Sports']",[12],2025-11-16 15:45:20.202851
588,19,Female,"['Gaming', 'Fitness', 'Beauty']","[23, 20, 13, 4, 5]",2025-09-17 15:45:20.202860
589,41,Female,"['Fitness', 'Beauty']",[26],2025-12-07 15:45:20.202866
590,25,Male,"['Home', 'Sports']",[30],2026-01-19 15:45:20.202875
591,20,Female,"['Sports', 'Technology', 'Beauty', 'Fashion']","[28, 17, 18]",2025-10-17 15:45:20.202883
592,33,Male,"['Gaming', 'Beauty', 'Technology']","[28, 19, 6, 22, 15]",2025-09-23 15:45:20.202893
593,23,Male,"['Fitness', 'Fashion', 'Beauty']",[29],2025-09-02 15:45:20.202900
594,34,Female,"['Technology', 'Fashion', 'Sports', 'Home']",[6],2025-09-23 15:45:20.202908
595,34,Female,"['Fitness', 'Fashion']","[7, 20, 22, 16, 5]",2026-01-04 15:45:20.202916
596,30,Male,"['Gaming', 'Beauty', 'Home', 'Sports']","[10, 21, 17, 29]",2025-09-14 15:45:20.202925
597,29,Female,"['Home', 'Technology', 'Sports', 'Fashion']",[14],2026-01-25 15:45:20.202932
598,34,Male,"['Technology', 'Beauty']","[6, 16, 20]",2025-09-12 15:45:20.202939
599,39,Female,"['Sports', 'Technology', 'Fashion']","[29, 7, 9, 17, 30]",2025-12-03 15:45:20.202947
600,25,Male,"['Sports', 'Gaming', 'Fitness', 'Beauty']","[29, 23, 15, 6]",2025-09-19 15:45:20.202955
601,24,Female,"['Fashion', 'Sports', 'Technology', 'Beauty']",[6],2025-12-13 15:45:20.202963
602,19,Male,"['Gaming', 'Beauty', 'Fashion', 'Home']","[5, 27]",2025-08-08 15:45:20.202970
603,25,Male,"['Fitness', 'Fashion', 'Beauty']","[18, 30, 16, 17, 3]",2025-03-10 15:45:20.202978
604,31,Female,"['Sports', 'Gaming']","[23, 6]",2025-10-10 15:45:20.202985
605,30,Male,"['Beauty', 'Technology']","[9, 5]",2025-06-02 15:45:20.202992
606,25,Female,"['Fitness', 'Fashion', 'Gaming', 'Home']","[26, 23, 15]",2025-03-30 15:45:20.203001
607,28,Female,"['Sports', 'Fitness']",[14],2025-10-06 15:45:20.203007
608,35,Female,"['Technology', 'Home', 'Fashion', 'Sports']","[19, 8, 9, 24]",2025-05-03 15:45:20.203015
609,22,Female,"['Fashion', 'Fitness']","[4, 17, 6]",2026-01-21 15:45:20.203024
610,51,Male,"['Technology', 'Fitness', 'Fashion', 'Home']","[29, 13, 14]",2026-01-10 15:45:20.203032
611,27,Male,"['Fitness', 'Gaming', 'Fashion']","[30, 22, 2]",2025-07-15 15:45:20.203040
612,24,Male,"['Fashion', 'Fitness', 'Gaming']",[14],2025-03-22 15:45:20.203047
613,31,Male,"['Home', 'Technology']","[10, 26, 19]",2025-03-20 15:45:20.203056
614,29,Male,"['Technology', 'Home']","[25, 26, 16, 18]",2026-02-26 15:45:20.203064
615,18,Male,"['Technology', 'Home']",[15],2026-02-12 15:45:20.203070
616,33,Male,"['Fashion', 'Home', 'Gaming', 'Sports']",[25],2025-10-07 15:45:20.203078
617,31,Male,"['Sports', 'Fashion', 'Beauty', 'Technology']",[5],2025-05-27 15:45:20.203085
618,22,Female,"['Technology', 'Sports']","[15, 11, 2, 22, 14]",2025-05-24 15:45:20.203093
619,34,Female,"['Beauty', 'Gaming']","[14, 26, 11]",2025-03-26 15:45:20.203100
620,30,Female,"['Technology', 'Gaming']","[8, 15, 10, 7, 3]",2025-10-07 15:45:20.203110
621,24,Female,"['Beauty', 'Gaming', 'Home', 'Sports']","[14, 4]",2025-07-04 15:45:20.203118
622,20,Female,"['Fashion', 'Beauty']","[1, 10, 13, 17, 15]",2025-07-30 15:45:20.203126
623,19,Male,"['Fitness', 'Beauty']","[23, 24]",2025-11-13 15:45:20.203133
624,23,Male,"['Gaming', 'Technology']","[12, 22, 28]",2025-09-28 15:45:20.203140
625,19,Male,"['Fashion', 'Sports']","[3, 7, 16, 11]",2025-09-03 15:45:20.203148
626,22,Male,"['Home', 'Fashion', 'Beauty']","[10, 9, 29, 18]",2025-05-18 15:45:20.203156
627,26,Male,"['Gaming', 'Fitness', 'Sports']",[28],2026-01-21 15:45:20.203163
628,29,Female,"['Sports', 'Beauty', 'Home', 'Technology']","[30, 29, 18, 28, 2]",2025-10-28 15:45:20.203171
629,31,Female,"['Home', 'Fitness']","[6, 13, 1, 19, 20]",2026-01-28 15:45:20.203181
630,18,Female,"['Gaming', 'Sports']","[4, 3, 9, 17, 8]",2025-04-13 15:45:20.203189
631,29,Female,"['Home', 'Fashion', 'Sports', 'Fitness']","[1, 16, 23]",2025-12-25 15:45:20.203197
632,28,Male,"['Home', 'Fitness']","[14, 18]",2025-10-12 15:45:20.203204
633,23,Male,"['Beauty', 'Fitness', 'Fashion', 'Gaming']","[15, 6, 9]",2026-01-02 15:45:20.203211
634,43,Male,"['Home', 'Technology']",[11],2025-10-31 15:45:20.203218
635,41,Male,"['Fitness', 'Home', 'Sports', 'Technology']","[12, 23, 26, 5]",2025-04-24 15:45:20.203228
636,28,Male,"['Home', 'Fitness', 'Gaming']",[14],2025-04-30 15:45:20.203235
637,23,Female,"['Fitness', 'Sports']","[9, 20, 19, 29, 8]",2025-07-07 15:45:20.203243
638,20,Male,"['Gaming', 'Fashion', 'Technology']","[18, 7]",2025-05-18 15:45:20.203251
639,28,Female,"['Sports', 'Gaming', 'Fitness', 'Beauty']","[23, 11, 1, 5]",2026-01-31 15:45:20.203259
640,26,Male,"['Fashion', 'Beauty', 'Technology']","[30, 8]",2025-05-13 15:45:20.203266
641,20,Female,"['Fashion', 'Gaming']","[14, 22, 1, 20, 15]",2025-12-30 15:45:20.203276
642,41,Female,"['Fitness', 'Technology', 'Sports', 'Gaming']","[15, 10]",2025-11-01 15:45:20.203284
643,22,Female,"['Sports', 'Beauty', 'Fashion', 'Gaming']","[11, 27]",2025-05-18 15:45:20.203291
644,43,Male,"['Technology', 'Fashion']","[1, 13, 15, 2, 24]",2025-11-16 15:45:20.203299
645,38,Female,"['Home', 'Gaming']","[5, 19, 23]",2025-03-16 15:45:20.203306
646,24,Female,"['Fashion', 'Technology', 'Sports']","[11, 1, 25, 22, 6]",2025-11-17 15:45:20.203314
647,32,Female,"['Gaming', 'Home', 'Fashion', 'Fitness']","[30, 7, 24, 25, 9]",2026-01-11 15:45:20.203323
648,22,Female,"['Fashion', 'Sports', 'Home']","[14, 5]",2025-04-03 15:45:20.203332
649,40,Male,"['Home', 'Technology', 'Beauty', 'Fitness']","[2, 23]",2025-12-10 15:45:20.203341
650,23,Female,"['Home', 'Fashion', 'Sports', 'Gaming']","[15, 13]",2025-08-11 15:45:20.203348
651,22,Male,"['Fitness', 'Fashion', 'Sports']","[5, 27]",2025-05-06 15:45:20.203355
652,52,Male,"['Home', 'Sports', 'Beauty', 'Technology']",[14],2025-07-14 15:45:20.203362
653,18,Female,"['Fitness', 'Home', 'Fashion', 'Sports']","[17, 6, 15]",2025-06-09 15:45:20.203370
654,27,Male,"['Home', 'Fitness', 'Fashion', 'Technology']","[1, 11, 13, 15, 5]",2026-01-16 15:45:20.203379
655,36,Male,"['Gaming', 'Fitness']","[19, 26]",2025-11-04 15:45:20.203385
656,25,Male,"['Fashion', 'Home', 'Fitness']","[4, 29]",2026-01-29 15:45:20.203395
657,26,Male,"['Sports', 'Fitness']",[29],2025-05-07 15:45:20.203402
658,22,Female,"['Fashion', 'Technology', 'Sports', 'Fitness']",[23],2025-06-17 15:45:20.203409
659,32,Male,"['Technology', 'Beauty', 'Home']",[8],2025-12-11 15:45:20.203416
660,29,Female,"['Sports', 'Fashion', 'Fitness']","[19, 18, 23]",2026-01-02 15:45:20.203423
661,33,Female,"['Fitness', 'Sports', 'Gaming']",[4],2025-05-03 15:45:20.203430
662,18,Female,"['Technology', 'Gaming', 'Sports']","[15, 8, 1, 19, 13]",2025-12-29 15:45:20.203439
663,20,Male,"['Fashion', 'Technology', 'Beauty', 'Fitness']","[11, 27]",2026-01-12 15:45:20.203446
664,20,Male,"['Beauty', 'Fashion', 'Sports', 'Technology']","[14, 4, 25, 3]",2025-09-19 15:45:20.203454
665,26,Female,"['Sports', 'Gaming', 'Fashion', 'Beauty']","[12, 5, 3, 22]",2025-10-14 15:45:20.203462
666,19,Male,"['Fashion', 'Fitness']","[19, 29, 5, 4]",2025-04-10 15:45:20.203470
667,32,Female,"['Beauty', 'Sports', 'Technology', 'Home']","[14, 16, 6, 21, 27]",2025-03-15 15:45:20.203479
668,25,Female,"['Gaming', 'Fashion', 'Technology', 'Sports']","[8, 14, 6, 20]",2025-10-22 15:45:20.203489
669,41,Male,"['Sports', 'Gaming']","[4, 13, 22, 14, 20]",2025-12-24 15:45:20.203497
670,34,Male,"['Sports', 'Home', 'Beauty']",[6],2025-03-17 15:45:20.203504
671,22,Male,"['Gaming', 'Sports', 'Technology']",[2],2025-07-16 15:45:20.203511
672,23,Male,"['Home', 'Fitness', 'Technology', 'Sports']","[16, 13, 23]",2025-08-07 15:45:20.203519
673,25,Male,"['Gaming', 'Fitness', 'Technology']","[20, 17, 1, 13, 6]",2025-06-10 15:45:20.203527
674,18,Female,"['Fitness', 'Home', 'Sports']",[1],2025-10-21 15:45:20.203535
675,35,Female,"['Gaming', 'Sports', 'Fashion']","[26, 24, 10]",2025-12-12 15:45:20.203543
676,21,Female,"['Technology', 'Beauty', 'Gaming']","[2, 17, 20, 13, 23]",2025-11-13 15:45:20.203551
677,31,Female,"['Fitness', 'Beauty', 'Gaming', 'Home']","[12, 5, 10, 2]",2025-06-03 15:45:20.203561
678,23,Female,"['Technology', 'Fashion', 'Home']","[23, 25, 12]",2026-02-25 15:45:20.203569
679,34,Female,"['Gaming', 'Beauty']","[16, 7, 13]",2025-03-30 15:45:20.203576
680,34,Female,"['Fitness', 'Technology', 'Fashion']","[13, 30, 26, 24, 25]",2025-04-27 15:45:20.203584
681,29,Male,"['Sports', 'Fitness', 'Home']","[11, 30, 7, 12]",2025-06-28 15:45:20.203593
682,40,Male,"['Fitness', 'Gaming']","[9, 11, 27, 16]",2026-01-09 15:45:20.203600
683,47,Male,"['Gaming', 'Beauty', 'Technology', 'Sports']","[23, 6, 4, 21]",2025-09-12 15:45:20.203608
684,20,Male,"['Fitness', 'Fashion']",[27],2025-05-14 15:45:20.203616
685,37,Male,"['Beauty', 'Sports']","[1, 29, 18]",2025-09-18 15:45:20.203623
686,51,Male,"['Gaming', 'Sports', 'Fitness', 'Beauty']",[9],2025-10-29 15:45:20.203631
687,20,Female,"['Gaming', 'Home']",[2],2026-01-04 15:45:20.203640
688,24,Male,"['Fashion', 'Sports', 'Fitness', 'Gaming']",[28],2025-03-31 15:45:20.203649
689,33,Male,"['Beauty', 'Fashion', 'Home']","[12, 10, 28, 20]",2025-03-16 15:45:20.203657
690,38,Male,"['Gaming', 'Fashion']","[24, 20, 16, 13, 18]",2026-02-02 15:45:20.203665
691,24,Female,"['Sports', 'Technology', 'Fashion']",[21],2025-05-31 15:45:20.203672
692,20,Female,"['Gaming', 'Fashion']","[11, 7, 19, 6, 22]",2025-05-05 15:45:20.203680
693,28,Female,"['Fashion', 'Home', 'Fitness']",[4],2025-03-18 15:45:20.203687
694,18,Male,"['Sports', 'Beauty']","[7, 24]",2025-11-23 15:45:20.203694
695,42,Male,"['Fashion', 'Technology']","[24, 8]",2025-12-28 15:45:20.203701
696,22,Female,"['Fitness', 'Fashion', 'Sports']","[14, 3, 27, 4]",2025-08-18 15:45:20.203709
697,33,Female,"['Gaming', 'Home']","[19, 15]",2025-10-07 15:45:20.203716
698,21,Male,"['Sports', 'Gaming', 'Fitness']","[12, 2, 9, 16]",2025-10-11 15:45:20.203726
699,36,Male,"['Technology', 'Fashion']","[16, 1, 7, 4]",2025-08-24 15:45:20.203733
700,38,Female,"['Beauty', 'Technology', 'Fashion']","[15, 18, 1]",2026-02-14 15:45:20.203741
701,38,Male,"['Gaming', 'Fashion', 'Home', 'Beauty']","[22, 14, 20, 26]",2025-03-21 15:45:20.203749
702,25,Female,"['Technology', 'Sports']","[20, 21, 12, 28, 30]",2026-02-13 15:45:20.203759
703,39,Male,"['Beauty', 'Fashion', 'Gaming']",[25],2025-06-04 15:45:20.203766
704,19,Male,"['Home', 'Technology']","[20, 12, 18, 9, 21]",2026-01-26 15:45:20.203775
705,31,Male,"['Fashion', 'Fitness', 'Gaming']","[16, 26, 23, 18, 20]",2025-08-09 15:45:20.203783
706,21,Female,"['Fashion', 'Beauty', 'Technology', 'Home']","[10, 17, 20, 19, 7]",2025-03-22 15:45:20.203791
707,22,Male,"['Sports', 'Beauty', 'Technology']","[21, 22, 25, 26]",2025-07-13 15:45:20.203801
708,20,Male,"['Technology', 'Sports', 'Fashion']","[23, 5, 4, 18, 27]",2025-08-01 15:45:20.203810
709,27,Female,"['Gaming', 'Fitness']","[30, 27, 5, 17, 25]",2026-01-28 15:45:20.203818
710,37,Male,"['Fashion', 'Beauty']","[24, 15, 1]",2025-09-01 15:45:20.203826
711,21,Female,"['Gaming', 'Fitness', 'Technology', 'Fashion']","[2, 26]",2025-03-19 15:45:20.203833
712,35,Female,"['Gaming', 'Fitness', 'Sports', 'Home']","[20, 22, 7, 26]",2025-06-18 15:45:20.203842
713,33,Male,"['Home', 'Gaming']",[9],2025-10-20 15:45:20.203848
714,25,Female,"['Beauty', 'Home', 'Fashion']","[15, 12]",2025-05-31 15:45:20.203855
715,22,Female,"['Home', 'Gaming', 'Technology']","[18, 8, 17, 24]",2025-05-13 15:45:20.203863
716,18,Male,"['Fashion', 'Fitness', 'Technology', 'Beauty']","[19, 14, 16, 26]",2025-06-14 15:45:20.203871
717,45,Male,"['Gaming', 'Beauty', 'Fashion']","[24, 27, 8, 19, 23]",2025-03-25 15:45:20.203880
718,20,Male,"['Beauty', 'Fashion', 'Fitness']",[20],2026-03-01 15:45:20.203887
719,45,Female,"['Technology', 'Sports', 'Gaming']","[22, 23, 18, 2, 28]",2025-11-28 15:45:20.203896
720,34,Female,"['Fashion', 'Gaming', 'Fitness']",[6],2025-05-24 15:45:20.203905
721,26,Female,"['Fashion', 'Beauty', 'Fitness', 'Sports']",[16],2025-08-15 15:45:20.203912
722,39,Male,"['Fitness', 'Technology', 'Gaming']","[20, 17, 7, 25, 9]",2025-06-25 15:45:20.203921
723,24,Female,"['Fashion', 'Fitness']",[26],2026-01-16 15:45:20.203927
724,25,Male,"['Home', 'Sports', 'Fashion']","[23, 21, 5]",2025-08-06 15:45:20.203935
725,39,Female,"['Fashion', 'Fitness', 'Gaming', 'Home']","[24, 17]",2025-10-05 15:45:20.203942
726,19,Male,"['Sports', 'Home']","[9, 22]",2025-03-07 15:45:20.203951
727,22,Female,"['Fashion', 'Home', 'Fitness', 'Technology']","[10, 27, 12]",2025-04-19 15:45:20.203959
728,28,Female,"['Gaming', 'Fitness', 'Fashion', 'Sports']","[8, 26, 29, 19]",2025-07-05 15:45:20.203967
729,60,Male,"['Fashion', 'Beauty', 'Gaming']","[17, 15]",2026-02-20 15:45:20.203974
730,23,Female,"['Home', 'Gaming']",[7],2026-02-21 15:45:20.203981
731,30,Male,"['Technology', 'Gaming', 'Beauty']",[15],2025-07-11 15:45:20.203988
732,30,Male,"['Fitness', 'Home', 'Technology']",[22],2026-01-11 15:45:20.203995
733,27,Female,"['Technology', 'Gaming', 'Fitness']","[20, 26, 15]",2025-05-29 15:45:20.204003
734,36,Female,"['Home', 'Technology']","[27, 13, 5, 6, 12]",2026-02-12 15:45:20.204011
735,24,Female,"['Gaming', 'Fitness', 'Fashion']","[8, 2]",2025-08-29 15:45:20.204018
736,24,Female,"['Technology', 'Fitness']","[22, 25, 24, 27, 6]",2025-07-07 15:45:20.204026
737,20,Female,"['Fashion', 'Home', 'Beauty', 'Gaming']","[26, 28, 24, 16, 6]",2025-06-24 15:45:20.204034
738,20,Male,"['Sports', 'Fitness', 'Gaming']","[9, 7]",2025-07-14 15:45:20.204041
739,19,Male,"['Sports', 'Fashion', 'Technology']","[6, 24]",2025-04-07 15:45:20.204048
740,51,Female,"['Fashion', 'Gaming', 'Fitness', 'Sports']",[7],2025-05-07 15:45:20.204056
741,18,Male,"['Beauty', 'Technology']","[28, 10, 14]",2025-05-01 15:45:20.204065
742,29,Female,"['Technology', 'Fitness']","[10, 2]",2025-03-13 15:45:20.204072
743,32,Male,"['Technology', 'Home']","[24, 22, 4]",2025-06-06 15:45:20.204080
744,22,Male,"['Fashion', 'Beauty', 'Sports', 'Fitness']","[16, 1]",2025-08-15 15:45:20.204087
745,33,Male,"['Gaming', 'Fashion', 'Technology', 'Sports']","[20, 27]",2025-06-27 15:45:20.204095
746,22,Female,"['Fashion', 'Gaming', 'Technology', 'Fitness']","[3, 12, 17]",2025-04-29 15:45:20.204105
747,20,Male,"['Home', 'Sports', 'Fashion']",[25],2025-05-11 15:45:20.204112
748,19,Female,"['Fitness', 'Technology', 'Sports']","[6, 22]",2025-09-11 15:45:20.204119
749,26,Male,"['Gaming', 'Beauty', 'Home']","[30, 8, 1, 6]",2025-05-17 15:45:20.204127
750,23,Male,"['Sports', 'Fashion', 'Fitness', 'Beauty']","[22, 20, 30, 6]",2025-06-27 15:45:20.204135
751,20,Male,"['Sports', 'Gaming']","[23, 14, 17, 9, 5]",2025-12-17 15:45:20.204143
752,30,Male,"['Gaming', 'Fitness']",[10],2026-02-10 15:45:20.204150
753,27,Male,"['Fitness', 'Fashion']","[28, 29, 16, 25]",2025-10-10 15:45:20.204157
754,22,Female,"['Fashion', 'Beauty', 'Fitness', 'Gaming']",[23],2025-12-20 15:45:20.204164
755,37,Female,"['Beauty', 'Sports', 'Fitness', 'Gaming']","[21, 26, 24, 18, 23]",2025-07-16 15:45:20.204173
756,36,Female,"['Home', 'Beauty', 'Sports']","[11, 4, 19]",2025-09-28 15:45:20.204181
757,25,Male,"['Technology', 'Fitness', 'Gaming', 'Beauty']","[4, 20, 8, 27, 3]",2025-09-17 15:45:20.204192
758,28,Female,"['Technology', 'Home']","[25, 23, 2, 16]",2025-04-01 15:45:20.204200
759,30,Male,"['Beauty', 'Technology', 'Gaming']","[20, 14, 19, 17]",2025-04-07 15:45:20.204208
760,20,Female,"['Fashion', 'Gaming', 'Fitness', 'Home']","[1, 27]",2025-09-06 15:45:20.204215
761,37,Male,"['Fashion', 'Technology', 'Fitness', 'Sports']","[17, 15, 25, 8, 4]",2025-07-25 15:45:20.204224
762,31,Male,"['Home', 'Gaming', 'Beauty']",[17],2025-07-18 15:45:20.204234
763,23,Female,"['Sports', 'Technology']","[13, 20]",2025-08-28 15:45:20.204241
764,41,Male,"['Technology', 'Sports']","[15, 30, 25]",2025-09-16 15:45:20.204248
765,22,Female,"['Gaming', 'Home']","[30, 15]",2025-10-21 15:45:20.204257
766,43,Female,"['Fitness', 'Home', 'Technology', 'Sports']","[7, 6, 21]",2025-08-05 15:45:20.204265
767,30,Female,"['Gaming', 'Fitness', 'Home', 'Beauty']","[14, 20]",2025-12-03 15:45:20.204281
768,52,Female,"['Technology', 'Fashion', 'Home', 'Sports']","[12, 15, 18, 2]",2025-05-18 15:45:20.204289
769,50,Female,"['Fitness', 'Fashion', 'Sports']",[24],2025-12-15 15:45:20.204297
770,22,Male,"['Fitness', 'Gaming']","[6, 22, 1]",2026-01-28 15:45:20.204304
771,33,Female,"['Fashion', 'Gaming', 'Technology']","[5, 19, 26, 12, 3]",2025-10-15 15:45:20.204312
772,20,Male,"['Sports', 'Beauty', 'Gaming']","[14, 8, 20, 16]",2026-01-08 15:45:20.204320
773,40,Female,"['Beauty', 'Sports', 'Home']","[16, 6]",2025-09-27 15:45:20.204327
774,18,Male,"['Home', 'Sports', 'Fitness']","[20, 5, 10, 24]",2026-02-28 15:45:20.204334
775,20,Female,"['Technology', 'Gaming']","[24, 7, 29, 22]",2025-08-08 15:45:20.204342
776,24,Female,"['Beauty', 'Fashion', 'Gaming', 'Sports']","[18, 26, 24]",2025-03-14 15:45:20.204349
777,40,Male,"['Gaming', 'Fashion', 'Sports']","[25, 12]",2025-05-30 15:45:20.204357
778,18,Female,"['Technology', 'Fashion', 'Sports', 'Fitness']","[14, 17, 3, 28]",2025-03-12 15:45:20.204365
779,40,Female,"['Technology', 'Fitness', 'Beauty', 'Fashion']","[20, 10]",2026-02-05 15:45:20.204372
780,37,Female,"['Gaming', 'Fashion']","[20, 24, 19]",2025-07-02 15:45:20.204380
781,33,Male,"['Fitness', 'Beauty']","[23, 20, 18, 13, 9]",2025-12-24 15:45:20.204388
782,21,Female,"['Gaming', 'Technology', 'Beauty', 'Fitness']","[23, 5]",2025-08-09 15:45:20.204395
783,19,Female,"['Home', 'Beauty', 'Gaming', 'Technology']","[30, 11, 16, 18]",2025-12-19 15:45:20.204405
784,29,Female,"['Fitness', 'Technology']","[8, 19]",2025-12-19 15:45:20.204412
785,19,Female,"['Gaming', 'Fashion', 'Home', 'Fitness']","[30, 1]",2025-04-06 15:45:20.204421
786,31,Male,"['Fashion', 'Gaming', 'Sports', 'Beauty']","[30, 16, 11, 19]",2025-11-25 15:45:20.204430
787,31,Female,"['Technology', 'Sports', 'Fitness', 'Fashion']","[14, 16, 1]",2025-10-11 15:45:20.204437
788,27,Female,"['Sports', 'Fashion', 'Fitness', 'Beauty']","[12, 26, 21, 16, 1]",2026-01-14 15:45:20.204446
789,44,Male,"['Technology', 'Home', 'Sports']","[6, 30, 27, 5]",2025-06-23 15:45:20.204455
790,21,Female,"['Fashion', 'Technology', 'Sports']","[1, 12]",2025-05-24 15:45:20.204462
791,34,Male,"['Gaming', 'Fashion', 'Fitness', 'Sports']","[9, 2, 16, 21]",2026-01-21 15:45:20.204470
792,21,Female,"['Technology', 'Fashion', 'Fitness']","[10, 13, 24, 29]",2025-08-18 15:45:20.204478
793,22,Male,"['Gaming', 'Technology', 'Home', 'Beauty']","[27, 2, 11, 26, 13]",2025-03-16 15:45:20.204487
794,36,Male,"['Technology', 'Beauty', 'Fashion', 'Gaming']","[21, 16]",2026-01-03 15:45:20.204495
795,37,Female,"['Gaming', 'Technology', 'Sports', 'Beauty']","[22, 1]",2025-10-26 15:45:20.204502
796,29,Male,"['Beauty', 'Fitness']","[18, 20, 12]",2025-03-20 15:45:20.204509
797,35,Male,"['Fitness', 'Sports', 'Fashion', 'Home']","[9, 20, 22, 25, 4]",2025-05-10 15:45:20.204518
798,25,Female,"['Fashion', 'Fitness', 'Beauty', 'Home']","[19, 11]",2025-10-28 15:45:20.204525
799,20,Male,"['Fashion', 'Technology', 'Fitness', 'Sports']","[6, 2, 9, 13, 23]",2025-12-11 15:45:20.204534
800,37,Female,"['Fashion', 'Sports', 'Fitness']","[12, 19, 11]",2025-04-27 15:45:20.204541
801,21,Female,"['Home', 'Fashion', 'Gaming', 'Sports']",[7],2025-11-22 15:45:20.204549
802,26,Female,"['Sports', 'Fitness', 'Gaming', 'Beauty']","[23, 6, 29, 22]",2025-04-17 15:45:20.204557
803,28,Female,"['Technology', 'Fitness']",[18],2026-02-23 15:45:20.204564
804,18,Male,"['Technology', 'Fashion', 'Sports']","[3, 6, 1]",2026-01-07 15:45:20.204573
805,32,Female,"['Fashion', 'Fitness']","[17, 30]",2025-05-22 15:45:20.204582
806,22,Female,"['Fashion', 'Home', 'Fitness', 'Beauty']","[8, 23]",2025-11-22 15:45:20.204590
807,53,Female,"['Technology', 'Beauty', 'Gaming']","[8, 23, 6, 22, 14]",2025-08-27 15:45:20.204599
808,39,Female,"['Technology', 'Gaming', 'Fashion', 'Home']",[23],2025-08-06 15:45:20.204606
809,21,Female,"['Technology', 'Gaming']","[14, 20]",2025-05-16 15:45:20.204613
810,20,Male,"['Fashion', 'Home', 'Technology', 'Fitness']","[16, 24, 30]",2025-10-02 15:45:20.204621
811,28,Female,"['Beauty', 'Gaming', 'Fashion', 'Fitness']","[19, 2]",2025-11-04 15:45:20.204628
812,40,Female,"['Sports', 'Beauty', 'Fitness', 'Home']","[30, 16, 28]",2025-10-06 15:45:20.204636
813,55,Female,"['Fitness', 'Home']",[26],2025-08-20 15:45:20.204642
814,44,Female,"['Home', 'Fitness', 'Gaming', 'Fashion']",[7],2026-02-10 15:45:20.204649
815,27,Female,"['Fitness', 'Sports', 'Technology']",[13],2025-07-26 15:45:20.204656
816,38,Female,"['Gaming', 'Home']","[7, 5, 30]",2025-08-14 15:45:20.204664
817,31,Male,"['Beauty', 'Fitness']","[24, 21, 18, 30]",2025-05-11 15:45:20.204671
818,39,Male,"['Home', 'Technology', 'Fitness']","[8, 14, 12, 27]",2026-01-15 15:45:20.204679
819,24,Male,"['Home', 'Sports', 'Fitness']","[3, 21]",2025-08-13 15:45:20.204686
820,20,Male,"['Gaming', 'Fitness', 'Beauty', 'Fashion']","[12, 8, 30]",2025-05-30 15:45:20.204694
821,22,Male,"['Home', 'Gaming', 'Beauty']","[25, 30, 12, 21]",2025-12-16 15:45:20.204702
822,34,Female,"['Home', 'Fashion', 'Sports']","[8, 2]",2026-01-31 15:45:20.204710
823,21,Female,"['Home', 'Beauty', 'Fitness', 'Gaming']","[6, 25, 27, 15]",2025-10-18 15:45:20.204719
824,21,Female,"['Sports', 'Beauty', 'Home', 'Fitness']","[24, 23]",2025-05-17 15:45:20.204729
825,29,Male,"['Fashion', 'Beauty', 'Sports', 'Technology']","[14, 28]",2025-04-26 15:45:20.204736
826,18,Female,"['Home', 'Beauty', 'Sports']",[7],2025-09-03 15:45:20.204746
827,20,Male,"['Technology', 'Gaming', 'Beauty']","[10, 12, 3, 2]",2025-03-20 15:45:20.204754
828,23,Female,"['Beauty', 'Home']","[4, 28, 22, 7, 1]",2026-01-28 15:45:20.204762
829,31,Male,"['Sports', 'Home', 'Beauty', 'Fitness']","[13, 30]",2025-07-26 15:45:20.204770
830,29,Male,"['Gaming', 'Fashion']","[23, 12, 22, 29, 18]",2026-02-01 15:45:20.204778
831,42,Male,"['Gaming', 'Technology', 'Home', 'Fitness']","[4, 20, 24]",2026-01-16 15:45:20.204786
832,29,Male,"['Home', 'Gaming', 'Sports']","[15, 20, 30]",2025-11-19 15:45:20.204796
833,24,Male,"['Beauty', 'Home', 'Gaming', 'Sports']",[13],2025-03-23 15:45:20.204803
834,26,Male,"['Sports', 'Fitness', 'Gaming']","[9, 20, 16, 22]",2025-07-22 15:45:20.204811
835,23,Male,"['Fitness', 'Home', 'Beauty', 'Technology']","[22, 24, 15]",2025-07-31 15:45:20.204819
836,24,Female,"['Technology', 'Home', 'Beauty']","[28, 20]",2025-06-13 15:45:20.204826
837,25,Female,"['Home', 'Fitness', 'Sports']","[17, 25]",2025-11-22 15:45:20.204833
838,28,Male,"['Home', 'Technology', 'Gaming']","[13, 22, 12, 30]",2025-05-20 15:45:20.204841
839,34,Female,"['Fashion', 'Home']","[7, 8, 19, 28, 2]",2025-04-13 15:45:20.204849
840,44,Male,"['Technology', 'Fitness']","[9, 15, 13]",2026-02-11 15:45:20.204857
841,34,Male,"['Beauty', 'Fashion', 'Sports']","[25, 4, 20, 26]",2026-02-08 15:45:20.204865
842,23,Male,"['Sports', 'Fashion']","[23, 28, 9]",2025-10-24 15:45:20.204872
843,41,Male,"['Technology', 'Sports', 'Gaming', 'Fitness']","[3, 1, 22]",2025-05-05 15:45:20.204882
844,19,Female,"['Home', 'Beauty']",[23],2025-11-26 15:45:20.204889
845,24,Female,"['Fitness', 'Technology', 'Home', 'Beauty']","[11, 29]",2025-08-09 15:45:20.204896
846,29,Female,"['Fitness', 'Gaming', 'Beauty']","[27, 24, 3, 17]",2025-11-19 15:45:20.204904
847,30,Female,"['Technology', 'Fitness']",[13],2025-06-28 15:45:20.204913
848,38,Female,"['Beauty', 'Fashion', 'Sports']",[21],2025-06-24 15:45:20.204920
849,18,Female,"['Fitness', 'Home', 'Fashion', 'Sports']","[5, 27]",2025-05-18 15:45:20.204927
850,28,Female,"['Fitness', 'Gaming']","[3, 17, 23, 13]",2025-09-04 15:45:20.204935
851,32,Female,"['Fashion', 'Beauty']","[17, 27, 8]",2025-07-22 15:45:20.204942
852,21,Female,"['Sports', 'Fashion', 'Beauty']","[29, 6, 23, 27, 12]",2025-12-05 15:45:20.204950
853,31,Male,"['Sports', 'Home']","[8, 2, 3, 22]",2025-09-07 15:45:20.204977
854,27,Female,"['Fashion', 'Technology']",[4],2025-03-15 15:45:20.204984
855,25,Male,"['Fitness', 'Home', 'Sports', 'Gaming']","[11, 25, 1, 17]",2025-10-29 15:45:20.205000
856,28,Male,"['Beauty', 'Sports', 'Fashion']","[30, 1, 5]",2025-09-02 15:45:20.205008
857,49,Female,"['Home', 'Technology']","[5, 28, 22]",2025-05-17 15:45:20.205087
858,34,Female,"['Gaming', 'Home', 'Sports', 'Technology']","[29, 14, 23]",2025-05-16 15:45:20.205097
859,34,Female,"['Home', 'Technology', 'Sports']","[1, 10, 23]",2025-03-02 15:45:20.205105
860,35,Female,"['Fitness', 'Sports']","[18, 10, 27, 17, 5]",2025-06-09 15:45:20.205115
861,43,Female,"['Home', 'Gaming', 'Sports', 'Technology']",[15],2025-04-15 15:45:20.205123
862,23,Female,"['Gaming', 'Sports', 'Home', 'Beauty']",[28],2025-06-18 15:45:20.205134
863,33,Male,"['Fitness', 'Sports', 'Technology', 'Fashion']","[20, 24, 2, 26, 4]",2026-02-11 15:45:20.205146
864,19,Female,"['Gaming', 'Fitness']","[29, 15, 8, 13]",2025-12-29 15:45:20.205155
865,34,Male,"['Beauty', 'Sports', 'Fashion']","[25, 6, 28, 21]",2025-05-30 15:45:20.205177
866,18,Male,"['Gaming', 'Fashion', 'Beauty']",[19],2025-04-22 15:45:20.205184
867,22,Female,"['Fitness', 'Sports', 'Beauty']",[13],2025-04-07 15:45:20.205191
868,20,Female,"['Technology', 'Beauty', 'Gaming', 'Sports']","[1, 26, 14]",2025-06-26 15:45:20.205201
869,23,Male,"['Technology', 'Home']",[15],2025-07-06 15:45:20.205208
870,28,Male,"['Fashion', 'Sports', 'Fitness', 'Beauty']","[22, 17]",2026-02-21 15:45:20.205215
871,37,Male,"['Fitness', 'Fashion', 'Sports', 'Gaming']","[3, 14, 2, 9]",2025-10-27 15:45:20.205223
872,21,Male,"['Beauty', 'Fitness', 'Fashion']",[11],2026-01-15 15:45:20.205230
873,56,Female,"['Gaming', 'Home', 'Sports']","[13, 4, 3, 23, 11]",2025-09-06 15:45:20.205238
874,42,Female,"['Fitness', 'Beauty']","[3, 14, 5]",2025-10-11 15:45:20.205246
875,22,Female,"['Technology', 'Home', 'Fitness']","[4, 19, 3]",2025-03-07 15:45:20.205253
876,33,Male,"['Fashion', 'Home', 'Technology']","[18, 1]",2025-09-12 15:45:20.205261
877,20,Male,"['Home', 'Fitness', 'Sports']","[7, 10, 6, 29]",2025-09-09 15:45:20.205269
878,37,Female,"['Sports', 'Fitness']","[8, 24, 11, 4]",2025-04-19 15:45:20.205277
879,19,Male,"['Beauty', 'Fitness']","[19, 29, 12, 3]",2025-06-02 15:45:20.205284
880,32,Female,"['Home', 'Sports']","[27, 17, 1, 15, 21]",2025-03-25 15:45:20.205292
881,33,Female,"['Home', 'Fitness']","[17, 1]",2025-06-07 15:45:20.205299
882,23,Male,"['Sports', 'Technology', 'Home']","[14, 25, 24, 20]",2025-06-14 15:45:20.205310
883,20,Female,"['Technology', 'Sports']","[14, 16]",2025-09-14 15:45:20.205317
884,24,Male,"['Sports', 'Fitness', 'Technology']",[9],2025-12-27 15:45:20.205324
885,38,Male,"['Fashion', 'Fitness']","[4, 6, 29]",2025-12-05 15:45:20.205331
886,23,Female,"['Fashion', 'Sports', 'Beauty', 'Gaming']",[6],2025-05-20 15:45:20.205339
887,26,Male,"['Home', 'Gaming']","[13, 2, 18, 1]",2025-10-06 15:45:20.205346
888,23,Female,"['Technology', 'Gaming', 'Beauty', 'Home']","[12, 13, 25, 26]",2025-06-11 15:45:20.205354
889,23,Female,"['Fashion', 'Technology', 'Beauty', 'Fitness']","[4, 26, 9, 25, 7]",2025-07-19 15:45:20.205363
890,45,Female,"['Fashion', 'Technology']",[8],2026-01-27 15:45:20.205371
891,21,Male,"['Technology', 'Fitness', 'Sports', 'Home']",[14],2025-03-11 15:45:20.205379
892,28,Female,"['Gaming', 'Home', 'Fitness']",[27],2025-03-20 15:45:20.205386
893,18,Female,"['Technology', 'Fashion']","[21, 3, 28, 12, 29]",2025-04-16 15:45:20.205394
894,25,Male,"['Fashion', 'Fitness', 'Gaming']","[1, 19, 6, 5, 23]",2025-09-02 15:45:20.205402
895,26,Male,"['Sports', 'Beauty']","[24, 14, 22, 11, 12]",2025-05-08 15:45:20.205410
896,24,Female,"['Sports', 'Gaming']","[23, 5, 25]",2026-01-05 15:45:20.205418
897,45,Male,"['Fashion', 'Home']","[12, 8]",2025-10-27 15:45:20.205425
898,27,Female,"['Technology', 'Home', 'Fitness']","[24, 22, 5, 16, 18]",2025-12-19 15:45:20.205433
899,26,Male,"['Fashion', 'Home', 'Gaming', 'Sports']","[20, 15, 30, 16, 12]",2026-02-18 15:45:20.205442
900,60,Female,"['Gaming', 'Sports']","[12, 7, 10]",2025-07-09 15:45:20.205449
901,33,Male,"['Fashion', 'Home', 'Beauty', 'Gaming']","[10, 4]",2025-11-19 15:45:20.205456
902,23,Male,"['Fashion', 'Fitness', 'Beauty']","[8, 17, 19]",2025-11-15 15:45:20.205466
903,24,Female,"['Home', 'Gaming', 'Fashion']","[13, 1, 9, 6, 16]",2025-11-25 15:45:20.205476
904,34,Female,"['Technology', 'Gaming', 'Fitness', 'Fashion']","[18, 7, 15, 11, 4]",2025-12-28 15:45:20.205485
905,42,Female,"['Fashion', 'Sports']",[3],2026-01-10 15:45:20.205492
906,51,Male,"['Technology', 'Fashion', 'Sports']",[12],2025-06-20 15:45:20.205498
907,41,Female,"['Home', 'Sports', 'Gaming']","[22, 13]",2026-02-05 15:45:20.205506
908,19,Male,"['Technology', 'Gaming', 'Sports', 'Fashion']","[23, 9, 14, 5]",2025-04-04 15:45:20.205514
909,31,Female,"['Technology', 'Home', 'Fashion']",[11],2025-10-13 15:45:20.205521
910,19,Male,"['Home', 'Beauty']","[21, 11, 23, 29]",2026-01-08 15:45:20.205531
911,34,Male,"['Fashion', 'Technology']",[12],2025-12-10 15:45:20.205540
912,39,Female,"['Technology', 'Fashion', 'Home', 'Fitness']","[11, 14, 8, 19, 16]",2025-04-08 15:45:20.205549
913,34,Female,"['Technology', 'Beauty', 'Fashion', 'Home']","[17, 22, 30]",2025-06-04 15:45:20.205556
914,31,Male,"['Sports', 'Home', 'Gaming']","[4, 28, 7, 2]",2025-07-24 15:45:20.205564
915,28,Male,"['Technology', 'Fitness', 'Home', 'Beauty']","[1, 21, 4]",2025-03-22 15:45:20.205572
916,37,Female,"['Fitness', 'Home', 'Gaming', 'Sports']","[14, 29, 4]",2025-06-26 15:45:20.205580
917,43,Male,"['Home', 'Fashion', 'Fitness']","[5, 9, 26]",2026-01-13 15:45:20.205587
918,26,Male,"['Sports', 'Beauty', 'Home', 'Technology']","[5, 3, 9]",2025-11-25 15:45:20.205595
919,19,Male,"['Beauty', 'Gaming', 'Sports', 'Home']","[10, 19, 2, 4]",2025-07-17 15:45:20.205603
920,46,Male,"['Home', 'Beauty', 'Gaming']","[29, 3]",2025-07-28 15:45:20.205610
921,25,Male,"['Beauty', 'Gaming', 'Technology', 'Sports']","[3, 21, 18, 22, 7]",2025-03-22 15:45:20.205620
922,21,Female,"['Beauty', 'Fitness', 'Technology', 'Sports']","[2, 4, 26, 10, 6]",2025-08-10 15:45:20.205629
923,29,Female,"['Home', 'Technology', 'Fitness']","[15, 11, 14, 10, 20]",2025-06-02 15:45:20.205637
924,47,Male,"['Technology', 'Sports', 'Beauty', 'Fitness']",[29],2025-10-07 15:45:20.205645
925,35,Female,"['Gaming', 'Fashion', 'Fitness', 'Home']","[23, 3, 7]",2026-02-23 15:45:20.205653
926,19,Male,"['Gaming', 'Fitness']","[21, 2, 16, 20]",2025-08-03 15:45:20.205660
927,22,Male,"['Sports', 'Technology', 'Fashion', 'Fitness']","[17, 14]",2025-08-02 15:45:20.205668
928,41,Male,"['Beauty', 'Technology', 'Home']","[24, 7, 2, 6, 26]",2025-10-13 15:45:20.205676
929,23,Female,"['Sports', 'Gaming']","[15, 4, 27, 9]",2025-04-16 15:45:20.205684
930,20,Male,"['Technology', 'Home']",[19],2025-05-09 15:45:20.205691
931,22,Female,"['Beauty', 'Fashion', 'Gaming']",[23],2025-05-31 15:45:20.205698
932,39,Male,"['Home', 'Beauty', 'Fitness']","[11, 16, 13]",2026-02-13 15:45:20.205707
933,24,Male,"['Fashion', 'Fitness']","[22, 16]",2025-04-01 15:45:20.205715
934,20,Male,"['Technology', 'Home', 'Fashion', 'Beauty']","[13, 3]",2025-08-19 15:45:20.205722
935,42,Female,"['Sports', 'Gaming', 'Beauty']","[7, 21]",2025-10-25 15:45:20.205729
936,25,Male,"['Fitness', 'Sports', 'Technology', 'Gaming']","[5, 23, 14, 3]",2025-04-12 15:45:20.205737
937,32,Male,"['Sports', 'Fashion']","[16, 19, 24, 22, 26]",2026-02-27 15:45:20.205746
938,36,Female,"['Sports', 'Fitness', 'Home', 'Technology']","[17, 4, 21]",2025-09-11 15:45:20.205754
939,45,Female,"['Fitness', 'Beauty', 'Sports', 'Home']","[12, 8, 22]",2025-12-03 15:45:20.205762
940,20,Female,"['Home', 'Sports', 'Fitness', 'Beauty']",[22],2025-11-17 15:45:20.205769
941,38,Female,"['Fitness', 'Technology', 'Fashion']","[27, 10, 20, 16, 4]",2025-11-18 15:45:20.205779
942,28,Male,"['Technology', 'Fitness', 'Fashion']","[10, 12]",2025-09-25 15:45:20.205786
943,33,Male,"['Fashion', 'Home', 'Beauty', 'Gaming']","[3, 13, 28, 15, 17]",2025-05-06 15:45:20.205794
944,26,Female,"['Beauty', 'Fitness']","[23, 3, 14]",2025-04-06 15:45:20.205804
945,30,Female,"['Beauty', 'Fashion', 'Gaming', 'Home']","[20, 18, 10, 15]",2025-03-04 15:45:20.205812
946,27,Male,"['Fashion', 'Sports', 'Home']","[27, 7, 23, 15]",2025-04-25 15:45:20.205821
947,22,Male,"['Technology', 'Home', 'Beauty', 'Fashion']","[3, 4, 29, 11, 27]",2025-03-08 15:45:20.205829
948,57,Male,"['Gaming', 'Beauty', 'Fashion', 'Home']","[20, 19, 16, 9]",2025-03-03 15:45:20.205837
949,37,Female,"['Fitness', 'Sports', 'Home']",[14],2025-09-17 15:45:20.205845
950,27,Male,"['Gaming', 'Fashion', 'Sports']",[16],2025-10-16 15:45:20.205851
951,23,Male,"['Sports', 'Technology', 'Beauty', 'Fashion']","[8, 3, 12]",2025-11-09 15:45:20.205859
952,22,Male,"['Gaming', 'Technology', 'Beauty', 'Home']",[15],2025-10-16 15:45:20.205866
953,23,Male,"['Home', 'Technology', 'Beauty']",[12],2025-06-23 15:45:20.205875
954,35,Female,"['Beauty', 'Gaming']","[15, 30, 11, 13]",2025-03-09 15:45:20.205883
955,29,Male,"['Fashion', 'Gaming', 'Home']","[20, 21, 25, 17]",2025-07-20 15:45:20.205891
956,53,Female,"['Gaming', 'Sports']","[9, 11]",2025-11-23 15:45:20.205898
957,18,Female,"['Technology', 'Home', 'Fitness']",[20],2025-04-19 15:45:20.205905
958,21,Female,"['Home', 'Beauty', 'Fashion']","[10, 11]",2025-11-02 15:45:20.205912
959,23,Female,"['Technology', 'Gaming']","[10, 9]",2025-06-09 15:45:20.205919
960,24,Female,"['Fitness', 'Gaming', 'Beauty']","[3, 29]",2026-01-02 15:45:20.205928
961,18,Male,"['Home', 'Fitness', 'Beauty']","[8, 12]",2025-09-19 15:45:20.205935
962,45,Female,"['Home', 'Technology', 'Sports']","[4, 1, 25, 6]",2025-08-28 15:45:20.205943
963,18,Female,"['Gaming', 'Sports', 'Fitness', 'Beauty']","[13, 21]",2025-11-17 15:45:20.205950
964,32,Female,"['Fashion', 'Home', 'Beauty', 'Sports']",[15],2025-05-03 15:45:20.205958
965,25,Male,"['Fitness', 'Technology']","[29, 12, 20]",2025-07-20 15:45:20.205965
966,19,Female,"['Beauty', 'Fitness', 'Gaming', 'Home']","[26, 7]",2025-07-25 15:45:20.205972
967,34,Female,"['Beauty', 'Sports', 'Home', 'Fitness']",[23],2025-03-09 15:45:20.205979
968,23,Female,"['Beauty', 'Fitness', 'Gaming', 'Technology']","[21, 11, 12]",2025-05-02 15:45:20.205989
969,21,Female,"['Home', 'Sports', 'Gaming']","[9, 18, 19, 14, 30]",2025-09-18 15:45:20.205997
970,21,Female,"['Fitness', 'Technology', 'Sports', 'Gaming']","[14, 24, 11]",2025-10-24 15:45:20.206005
971,25,Male,"['Home', 'Sports', 'Beauty']","[16, 22, 20, 26]",2025-03-13 15:45:20.206013
972,30,Male,"['Beauty', 'Home', 'Fashion', 'Fitness']","[28, 21, 18, 29]",2026-01-03 15:45:20.206021
973,44,Male,"['Gaming', 'Fitness', 'Sports']",[13],2025-08-03 15:45:20.206027
974,20,Male,"['Beauty', 'Home', 'Technology', 'Sports']","[29, 14, 18, 2, 11]",2025-11-15 15:45:20.206040
975,23,Female,"['Home', 'Sports', 'Beauty']","[28, 12, 10]",2025-06-24 15:45:20.206049
976,31,Female,"['Gaming', 'Fitness', 'Fashion', 'Home']","[30, 3, 15, 28, 5]",2025-05-25 15:45:20.206060
977,23,Male,"['Gaming', 'Technology']","[11, 4]",2025-12-03 15:45:20.206067
978,42,Female,"['Technology', 'Beauty']","[29, 9, 6]",2025-04-19 15:45:20.206074
979,24,Male,"['Gaming', 'Technology', 'Fashion', 'Beauty']","[7, 30, 23, 8]",2025-06-25 15:45:20.206082
980,27,Female,"['Fitness', 'Gaming', 'Sports', 'Technology']","[25, 10]",2025-05-26 15:45:20.206092
981,34,Female,"['Fashion', 'Fitness']","[22, 3, 29, 14, 25]",2025-04-14 15:45:20.206100
982,25,Male,"['Gaming', 'Fashion', 'Sports', 'Beauty']","[6, 3, 8]",2025-07-08 15:45:20.206107
983,19,Male,"['Gaming', 'Beauty']","[17, 18]",2025-10-31 15:45:20.206114
984,24,Female,"['Fashion', 'Home', 'Technology', 'Fitness']","[3, 30, 13, 1, 22]",2025-05-05 15:45:20.206123
985,28,Male,"['Sports', 'Technology', 'Home', 'Fitness']","[21, 1, 27, 19, 16]",2025-09-24 15:45:20.206131
986,18,Female,"['Fashion', 'Sports']","[26, 29, 30, 27, 11]",2025-11-09 15:45:20.206139
987,21,Female,"['Home', 'Beauty', 'Technology']","[22, 27]",2025-11-20 15:45:20.206146
988,20,Female,"['Technology', 'Gaming']",[13],2025-03-01 15:45:20.206153
989,32,Male,"['Fitness', 'Fashion']",[21],2025-07-17 15:45:20.206160
990,25,Female,"['Beauty', 'Fitness']",[25],2025-10-27 15:45:20.206167
991,25,Female,"['Sports', 'Beauty', 'Gaming', 'Fashion']",[22],2025-07-24 15:45:20.206174
992,51,Female,"['Fitness', 'Gaming', 'Technology', 'Sports']","[5, 15]",2025-11-27 15:45:20.206181
993,44,Male,"['Beauty', 'Home', 'Gaming', 'Fitness']","[14, 20, 17, 26, 30]",2025-03-08 15:45:20.206190
994,20,Female,"['Gaming', 'Technology', 'Fashion']","[18, 19]",2025-08-08 15:45:20.206197
995,44,Male,"['Technology', 'Sports', 'Beauty', 'Home']","[5, 19]",2025-05-17 15:45:20.206204
996,25,Female,"['Fitness', 'Beauty', 'Technology']","[25, 5, 2]",2025-06-29 15:45:20.206214
997,22,Male,"['Fashion', 'Sports']",[7],2025-04-09 15:45:20.206221
998,27,Male,"['Home', 'Fitness', 'Gaming', 'Technology']","[1, 9]",2025-04-04 15:45:20.206229
999,21,Female,"['Gaming', 'Sports', 'Technology']",[25],2025-07-05 15:45:20.206237
1000,23,Female,"['Fitness', 'Beauty', 'Gaming']","[3, 2]",2025-10-21 15:45:20.206245
1001,28,Male,"['Home', 'Fitness', 'Fashion', 'Sports']",[19],2025-11-23 15:45:20.206252
1002,19,Female,"['Beauty', 'Technology']","[7, 17, 9, 3, 2]",2025-03-04 15:45:20.206260
1003,23,Female,"['Beauty', 'Sports', 'Fitness', 'Technology']","[24, 5, 13, 12]",2026-02-28 15:45:20.206269
1004,31,Male,"['Fitness', 'Home', 'Sports']","[4, 15, 16, 17, 8]",2025-04-07 15:45:20.206278
1005,27,Female,"['Fashion', 'Beauty', 'Gaming']","[14, 24, 9]",2026-01-23 15:45:20.206287
1006,32,Female,"['Technology', 'Gaming']","[19, 24]",2025-03-02 15:45:20.206295
1007,24,Female,"['Gaming', 'Sports']","[1, 20, 6, 17, 29]",2026-02-06 15:45:20.206303
1008,37,Male,"['Beauty', 'Fashion', 'Fitness']","[18, 17]",2025-07-07 15:45:20.206310
1009,20,Male,"['Sports', 'Beauty', 'Technology', 'Fashion']","[23, 20, 30]",2026-01-23 15:45:20.206317
1010,22,Female,"['Technology', 'Gaming']","[27, 15]",2026-01-27 15:45:20.206324
1011,22,Male,"['Sports', 'Beauty', 'Gaming', 'Home']","[23, 19, 18, 8, 3]",2026-01-20 15:45:20.206333
1012,39,Male,"['Fitness', 'Gaming']","[25, 24, 8]",2025-07-13 15:45:20.206340
1013,28,Male,"['Sports', 'Fitness', 'Technology', 'Gaming']","[4, 19]",2025-05-15 15:45:20.206347
1014,25,Male,"['Home', 'Fashion']",[5],2025-06-07 15:45:20.206354
1015,38,Male,"['Fashion', 'Technology', 'Gaming']","[18, 19, 15, 13]",2025-04-22 15:45:20.206362
1016,33,Male,"['Technology', 'Fitness', 'Gaming']","[27, 15, 6, 4, 1]",2025-10-08 15:45:20.206371
1017,21,Male,"['Fitness', 'Fashion', 'Beauty', 'Home']","[25, 18]",2026-01-22 15:45:20.206380
1018,34,Female,"['Fashion', 'Sports', 'Beauty', 'Home']",[4],2025-07-11 15:45:20.206388
1019,20,Female,"['Home', 'Fitness']","[14, 9]",2026-02-25 15:45:20.206397
1020,30,Male,"['Home', 'Fashion', 'Gaming', 'Fitness']",[20],2025-12-26 15:45:20.206404
1021,19,Male,"['Fashion', 'Sports', 'Fitness']","[15, 16, 30, 21, 6]",2026-02-11 15:45:20.206412
1022,54,Male,"['Home', 'Fashion', 'Technology', 'Gaming']","[21, 17]",2025-07-10 15:45:20.206420
1023,41,Female,"['Beauty', 'Technology']",[15],2025-09-18 15:45:20.206426
1024,28,Female,"['Fitness', 'Gaming', 'Technology']","[8, 15, 24]",2025-12-03 15:45:20.206434
1025,19,Male,"['Beauty', 'Sports']","[26, 9]",2025-11-30 15:45:20.206441
1026,18,Female,"['Sports', 'Fashion', 'Fitness']","[3, 21, 20, 1, 7]",2025-06-23 15:45:20.206449
1027,23,Male,"['Beauty', 'Home', 'Fashion', 'Sports']",[23],2025-12-26 15:45:20.206456
1028,20,Female,"['Technology', 'Home', 'Sports', 'Fitness']","[22, 14, 1, 9, 21]",2026-01-09 15:45:20.206465
1029,27,Male,"['Fashion', 'Technology', 'Home']","[3, 16]",2025-03-29 15:45:20.206472
1030,33,Male,"['Fashion', 'Beauty']","[29, 30]",2025-09-02 15:45:20.206479
1031,43,Female,"['Fashion', 'Technology']","[20, 14, 30]",2025-05-17 15:45:20.206486
1032,49,Male,"['Sports', 'Beauty']","[23, 20]",2025-12-02 15:45:20.206493
1033,19,Male,"['Fitness', 'Sports', 'Fashion']","[12, 29, 23]",2025-12-27 15:45:20.206501
1034,20,Female,"['Sports', 'Fitness', 'Gaming']","[27, 23, 28]",2025-10-07 15:45:20.206508
1035,23,Male,"['Technology', 'Beauty', 'Gaming', 'Sports']",[29],2025-12-11 15:45:20.206515
1036,49,Female,"['Gaming', 'Fitness']",[7],2026-02-19 15:45:20.206522
1037,24,Female,"['Fitness', 'Technology', 'Beauty']","[11, 19]",2025-12-20 15:45:20.206529
1038,24,Female,"['Home', 'Fitness', 'Technology']","[12, 26, 20, 6]",2025-06-14 15:45:20.206540
1039,45,Female,"['Sports', 'Fitness', 'Beauty', 'Home']","[5, 6, 30]",2025-06-09 15:45:20.206548
1040,18,Male,"['Gaming', 'Fitness', 'Technology', 'Fashion']","[5, 30, 9, 20]",2025-07-29 15:45:20.206557
1041,44,Male,"['Sports', 'Fashion', 'Technology', 'Home']",[2],2025-09-07 15:45:20.206564
1042,27,Male,"['Beauty', 'Fashion', 'Sports']","[29, 13, 9]",2025-12-16 15:45:20.206571
1043,32,Male,"['Fashion', 'Beauty', 'Gaming']","[1, 11, 19, 3]",2025-11-22 15:45:20.206579
1044,36,Female,"['Sports', 'Fashion']","[2, 13]",2025-06-03 15:45:20.206586
1045,23,Male,"['Technology', 'Fashion', 'Home', 'Gaming']",[23],2026-02-03 15:45:20.206594
1046,22,Male,"['Fashion', 'Technology', 'Beauty']",[7],2025-10-10 15:45:20.206601
1047,46,Female,"['Home', 'Fitness']","[30, 13, 16, 15, 12]",2026-01-21 15:45:20.206695
1048,28,Male,"['Home', 'Fashion', 'Gaming', 'Sports']","[19, 8, 22]",2026-02-20 15:45:20.206704
1049,41,Female,"['Fitness', 'Home', 'Technology']","[10, 17, 6, 14]",2026-01-30 15:45:20.206712
1050,20,Female,"['Home', 'Technology', 'Fitness', 'Gaming']","[19, 27]",2025-07-26 15:45:20.206719
1051,30,Male,"['Home', 'Beauty', 'Fashion', 'Sports']","[2, 19, 25]",2026-01-31 15:45:20.206727
1052,41,Male,"['Fashion', 'Sports']","[7, 15, 2]",2026-02-15 15:45:20.206734
1053,19,Female,"['Technology', 'Beauty']","[22, 24]",2026-02-21 15:45:20.206741
1054,22,Male,"['Gaming', 'Sports']","[19, 9]",2025-06-10 15:45:20.206748
1055,27,Male,"['Gaming', 'Fitness']","[27, 17, 5, 28, 24]",2025-05-28 15:45:20.206756
1056,45,Female,"['Technology', 'Beauty', 'Fashion', 'Sports']","[7, 19]",2026-02-02 15:45:20.206764
1057,24,Male,"['Fashion', 'Technology', 'Beauty', 'Sports']","[22, 20, 13, 9, 14]",2025-06-06 15:45:20.206772
1058,25,Male,"['Home', 'Fashion', 'Sports', 'Beauty']",[14],2025-07-07 15:45:20.206782
1059,22,Female,"['Fashion', 'Beauty', 'Technology', 'Home']",[29],2025-04-11 15:45:20.206789
1060,58,Female,"['Beauty', 'Sports', 'Fashion', 'Fitness']","[11, 19]",2026-01-18 15:45:20.206798
1061,39,Male,"['Fitness', 'Beauty', 'Home']",[19],2025-06-23 15:45:20.206805
1062,19,Female,"['Beauty', 'Gaming']","[28, 19, 5, 22, 24]",2025-12-26 15:45:20.206813
1063,18,Female,"['Gaming', 'Technology']","[8, 15, 19, 23]",2025-11-26 15:45:20.206821
1064,18,Male,"['Sports', 'Fitness', 'Gaming', 'Home']","[18, 29, 17, 20]",2025-10-31 15:45:20.206829
1065,19,Male,"['Home', 'Technology']","[16, 5, 11]",2026-01-15 15:45:20.206836
1066,34,Female,"['Gaming', 'Beauty']","[16, 15, 8, 27, 10]",2025-07-06 15:45:20.206844
1067,29,Female,"['Gaming', 'Beauty']","[15, 26, 2, 12, 1]",2025-09-30 15:45:20.206852
1068,40,Male,"['Fashion', 'Beauty']","[19, 22]",2025-09-12 15:45:20.206860
1069,19,Female,"['Fitness', 'Fashion', 'Gaming', 'Home']","[22, 12, 1]",2025-10-29 15:45:20.206867
1070,25,Female,"['Sports', 'Home', 'Beauty', 'Fitness']","[7, 24]",2025-05-17 15:45:20.206877
1071,39,Male,"['Sports', 'Gaming', 'Beauty', 'Technology']","[21, 17, 19, 10, 4]",2026-01-20 15:45:20.206886
1072,20,Female,"['Sports', 'Fitness']","[14, 9, 13]",2026-02-10 15:45:20.206893
1073,42,Female,"['Fitness', 'Fashion', 'Gaming', 'Sports']","[25, 20, 8]",2025-08-10 15:45:20.206901
1074,32,Female,"['Gaming', 'Fitness', 'Fashion']","[7, 19]",2025-10-30 15:45:20.206908
1075,23,Male,"['Beauty', 'Sports', 'Gaming']",[5],2026-01-30 15:45:20.206915
1076,35,Female,"['Gaming', 'Beauty', 'Technology', 'Fashion']",[23],2025-08-02 15:45:20.206922
1077,20,Male,"['Fashion', 'Gaming']","[26, 7, 3]",2026-02-10 15:45:20.206932
1078,21,Female,"['Beauty', 'Gaming']","[14, 25, 30, 5, 4]",2025-09-13 15:45:20.206940
1079,29,Male,"['Sports', 'Technology']","[22, 5]",2025-11-07 15:45:20.206947
1080,24,Male,"['Fitness', 'Home', 'Fashion']","[13, 28, 17]",2025-06-03 15:45:20.206954
1081,38,Male,"['Fashion', 'Gaming', 'Fitness', 'Beauty']",[5],2025-12-10 15:45:20.206964
1082,22,Male,"['Fitness', 'Gaming']","[18, 30, 10, 8]",2025-12-27 15:45:20.206972
1083,32,Female,"['Beauty', 'Technology']",[29],2025-08-15 15:45:20.206978
1084,20,Female,"['Beauty', 'Fitness']","[2, 22]",2025-03-06 15:45:20.206985
1085,23,Female,"['Gaming', 'Sports', 'Technology', 'Home']","[1, 28, 13]",2025-06-07 15:45:20.206993
1086,24,Male,"['Technology', 'Gaming', 'Fashion', 'Fitness']",[5],2025-11-03 15:45:20.207000
1087,20,Male,"['Fitness', 'Sports', 'Fashion', 'Technology']","[21, 25, 22]",2025-08-11 15:45:20.207008
1088,24,Male,"['Home', 'Beauty']",[9],2025-08-22 15:45:20.207014
1089,24,Female,"['Gaming', 'Beauty', 'Fitness']","[14, 13]",2025-08-04 15:45:20.207021
1090,27,Male,"['Gaming', 'Technology', 'Beauty']","[20, 19, 4]",2026-01-16 15:45:20.207029
1091,29,Female,"['Gaming', 'Home']","[30, 22]",2025-07-16 15:45:20.207036
1092,22,Female,"['Fitness', 'Fashion']","[24, 29, 28]",2025-09-21 15:45:20.207043
1093,20,Male,"['Technology', 'Beauty', 'Gaming']","[29, 20, 30, 24]",2025-07-06 15:45:20.207051
1094,32,Male,"['Sports', 'Fitness', 'Beauty']","[13, 18, 19]",2025-10-17 15:45:20.207058
1095,31,Male,"['Fashion', 'Technology']","[1, 27, 18, 24]",2025-06-03 15:45:20.207066
1096,43,Female,"['Beauty', 'Gaming', 'Fashion']",[19],2025-12-13 15:45:20.207073
1097,38,Female,"['Fashion', 'Technology', 'Gaming', 'Sports']","[29, 9, 8]",2025-09-21 15:45:20.207083
1098,23,Male,"['Home', 'Fitness']","[18, 26]",2025-03-07 15:45:20.207090
1099,18,Male,"['Beauty', 'Gaming', 'Technology', 'Fitness']","[8, 5, 2]",2025-05-16 15:45:20.207098
1100,31,Female,"['Gaming', 'Sports', 'Technology']",[24],2025-12-04 15:45:20.207105
1101,25,Female,"['Fitness', 'Sports', 'Fashion', 'Home']",[21],2025-11-23 15:45:20.207112
1102,22,Female,"['Sports', 'Home', 'Technology']",[29],2026-02-11 15:45:20.207156
1103,38,Male,"['Home', 'Gaming', 'Sports']","[21, 1]",2025-04-02 15:45:20.207164
1104,32,Male,"['Fitness', 'Fashion']","[4, 26, 5, 10]",2026-01-22 15:45:20.207171
1105,20,Female,"['Home', 'Sports']","[30, 20, 26, 16]",2025-09-23 15:45:20.207179
1106,30,Female,"['Sports', 'Technology']","[25, 24]",2025-11-05 15:45:20.207186
1107,33,Male,"['Gaming', 'Beauty']","[13, 12]",2025-03-08 15:45:20.207193
1108,34,Female,"['Fashion', 'Technology', 'Sports', 'Gaming']",[15],2025-07-26 15:45:20.207200
1109,30,Male,"['Beauty', 'Sports', 'Technology', 'Fitness']","[22, 2, 13, 6, 17]",2025-05-24 15:45:20.207208
1110,23,Female,"['Sports', 'Beauty']","[20, 11, 6]",2025-10-30 15:45:20.207216
1111,41,Male,"['Gaming', 'Fitness', 'Sports', 'Home']","[25, 7, 30, 26, 1]",2025-03-01 15:45:20.207224
1112,45,Female,"['Technology', 'Gaming', 'Home']","[19, 29, 10, 21]",2025-11-09 15:45:20.207232
1113,33,Male,"['Home', 'Fitness']","[12, 14, 24, 21, 19]",2025-08-26 15:45:20.207240
1114,33,Female,"['Fashion', 'Technology']","[14, 3]",2025-12-20 15:45:20.207247
1115,19,Male,"['Fitness', 'Technology']","[13, 17, 10, 14]",2025-07-25 15:45:20.207255
1116,21,Male,"['Beauty', 'Gaming', 'Fitness', 'Sports']",[21],2025-10-05 15:45:20.207265
1117,22,Female,"['Fashion', 'Home']",[5],2026-02-11 15:45:20.207271
1118,30,Male,"['Fashion', 'Home']","[14, 23, 20]",2025-12-29 15:45:20.207279
1119,20,Male,"['Sports', 'Fitness', 'Home']","[24, 19, 23, 30, 16]",2025-05-11 15:45:20.207287
1120,33,Male,"['Home', 'Beauty', 'Gaming', 'Technology']","[30, 5, 2, 23]",2025-10-24 15:45:20.207295
1121,23,Female,"['Fitness', 'Sports', 'Gaming']",[6],2025-04-09 15:45:20.207304
1122,27,Female,"['Technology', 'Gaming', 'Fitness', 'Sports']","[10, 6, 14]",2025-06-12 15:45:20.207312
1123,26,Female,"['Home', 'Fitness', 'Sports', 'Fashion']","[11, 24, 21, 4, 5]",2025-12-17 15:45:20.207323
1124,41,Female,"['Technology', 'Beauty']","[2, 23]",2025-03-28 15:45:20.207330
1125,18,Male,"['Home', 'Fashion', 'Beauty', 'Technology']",[28],2025-06-17 15:45:20.207337
1126,43,Male,"['Gaming', 'Home']",[14],2026-01-18 15:45:20.207345
1127,26,Male,"['Fashion', 'Home', 'Technology']","[12, 18, 27]",2025-05-21 15:45:20.207352
1128,34,Female,"['Beauty', 'Fitness', 'Sports']","[9, 21, 19, 6, 25]",2025-10-12 15:45:20.207360
1129,32,Female,"['Home', 'Beauty', 'Fitness', 'Technology']",[21],2025-09-22 15:45:20.207368
1130,23,Female,"['Sports', 'Home']","[11, 2]",2026-02-03 15:45:20.207374
1131,19,Female,"['Technology', 'Fitness', 'Fashion', 'Beauty']",[16],2025-06-27 15:45:20.207382
1132,20,Female,"['Home', 'Sports', 'Gaming', 'Fitness']","[27, 8, 19]",2025-06-25 15:45:20.207389
1133,28,Male,"['Sports', 'Beauty', 'Technology']","[12, 16, 2, 23, 25]",2025-11-22 15:45:20.207397
1134,23,Female,"['Gaming', 'Home', 'Beauty', 'Sports']",[1],2025-09-07 15:45:20.207404
1135,34,Male,"['Beauty', 'Home', 'Fitness', 'Gaming']","[7, 12]",2025-06-29 15:45:20.207414
1136,28,Female,"['Home', 'Fitness', 'Fashion', 'Technology']",[28],2025-09-10 15:45:20.207423
1137,34,Female,"['Home', 'Technology']","[6, 13, 1, 5, 17]",2025-06-12 15:45:20.207431
1138,19,Female,"['Sports', 'Fitness']","[20, 11, 23]",2026-02-16 15:45:20.207438
1139,27,Female,"['Sports', 'Fitness', 'Fashion', 'Gaming']",[15],2026-02-22 15:45:20.207445
1140,34,Female,"['Fashion', 'Beauty', 'Sports']","[22, 6, 27]",2025-06-24 15:45:20.207452
1141,18,Female,"['Fitness', 'Gaming', 'Home']","[14, 22, 11, 5]",2025-06-17 15:45:20.207460
1142,20,Female,"['Home', 'Fashion', 'Gaming']","[3, 21, 16, 7, 1]",2025-09-03 15:45:20.207468
1143,41,Male,"['Beauty', 'Gaming', 'Technology', 'Fashion']","[18, 13, 1, 25, 27]",2025-08-10 15:45:20.207477
1144,26,Female,"['Gaming', 'Fitness', 'Sports', 'Beauty']","[14, 24, 17, 16, 4]",2025-06-20 15:45:20.207485
1145,31,Female,"['Home', 'Beauty', 'Fitness']",[9],2026-01-08 15:45:20.207495
1146,23,Male,"['Technology', 'Fitness', 'Fashion', 'Beauty']","[22, 24]",2025-07-05 15:45:20.207503
1147,31,Female,"['Gaming', 'Technology']","[26, 30, 7, 6, 1]",2025-11-27 15:45:20.207511
1148,40,Female,"['Gaming', 'Home']",[30],2025-08-02 15:45:20.207518
1149,39,Female,"['Sports', 'Beauty']",[30],2025-10-16 15:45:20.207524
1150,33,Male,"['Fitness', 'Beauty', 'Sports', 'Fashion']",[1],2025-04-03 15:45:20.207532
1151,23,Male,"['Fashion', 'Technology']","[7, 2, 8, 28]",2025-06-18 15:45:20.207539
1152,22,Male,"['Home', 'Beauty', 'Fitness', 'Technology']","[19, 2]",2025-05-21 15:45:20.207547
1153,54,Male,"['Technology', 'Home', 'Sports']","[28, 1]",2025-08-08 15:45:20.207555
1154,43,Male,"['Sports', 'Fitness']",[2],2025-12-17 15:45:20.207561
1155,47,Male,"['Fashion', 'Fitness', 'Gaming', 'Sports']","[2, 25, 4, 24]",2025-11-26 15:45:20.207571
1156,35,Female,"['Fitness', 'Beauty', 'Gaming']","[7, 13, 24, 30]",2025-05-27 15:45:20.207579
1157,35,Female,"['Home', 'Beauty', 'Fitness', 'Technology']","[6, 23, 13, 7]",2025-05-26 15:45:20.207587
1158,19,Male,"['Fashion', 'Fitness']",[28],2025-12-31 15:45:20.207594
1159,35,Female,"['Gaming', 'Home', 'Fashion']",[22],2025-07-16 15:45:20.207601
1160,27,Male,"['Fitness', 'Sports', 'Technology', 'Fashion']",[25],2025-05-21 15:45:20.207608
1161,40,Female,"['Technology', 'Sports']","[18, 19, 6, 25, 24]",2025-09-06 15:45:20.207616
1162,41,Female,"['Beauty', 'Sports']","[15, 3, 30]",2026-01-07 15:45:20.207623
1163,29,Male,"['Technology', 'Fitness', 'Beauty', 'Gaming']","[18, 12, 27, 19]",2025-08-09 15:45:20.207631
1164,32,Female,"['Beauty', 'Sports', 'Technology']","[16, 26, 23, 22, 21]",2025-09-02 15:45:20.207639
1165,33,Female,"['Home', 'Fashion']","[2, 1, 15, 4, 22]",2026-02-02 15:45:20.207647
1166,39,Female,"['Gaming', 'Sports', 'Fitness']","[27, 18, 29, 20, 4]",2025-08-03 15:45:20.207657
1167,31,Female,"['Fitness', 'Gaming']","[14, 22]",2025-09-17 15:45:20.207664
1168,26,Male,"['Fitness', 'Beauty']","[7, 14, 8, 25, 2]",2026-01-22 15:45:20.207672
1169,41,Male,"['Fitness', 'Gaming']","[6, 9, 27, 10, 21]",2025-12-01 15:45:20.207680
1170,25,Male,"['Fashion', 'Technology', 'Sports']","[29, 30, 9]",2025-11-12 15:45:20.207687
1171,43,Female,"['Fashion', 'Gaming', 'Fitness']","[9, 3, 17, 11]",2025-04-06 15:45:20.207695
1172,26,Male,"['Home', 'Technology', 'Gaming']","[16, 17, 30]",2025-10-02 15:45:20.207702
1173,20,Female,"['Beauty', 'Fashion', 'Gaming']","[20, 28, 5]",2025-10-15 15:45:20.207710
1174,52,Male,"['Fashion', 'Sports']","[25, 15, 1, 29]",2025-08-04 15:45:20.207717
1175,20,Male,"['Home', 'Technology']","[7, 28]",2025-09-19 15:45:20.207726
1176,34,Male,"['Beauty', 'Technology', 'Sports']","[28, 5, 8]",2025-04-03 15:45:20.207733
1177,33,Male,"['Home', 'Sports', 'Fitness']","[3, 12]",2025-07-22 15:45:20.207740
1178,33,Female,"['Home', 'Fitness', 'Beauty']","[10, 7]",2026-01-31 15:45:20.207747
1179,36,Female,"['Beauty', 'Home', 'Fashion']","[2, 1, 20]",2026-02-27 15:45:20.207755
1180,23,Female,"['Home', 'Sports', 'Beauty', 'Technology']","[7, 8]",2025-10-12 15:45:20.207763
1181,42,Female,"['Gaming', 'Beauty', 'Fashion', 'Technology']","[6, 3]",2025-04-07 15:45:20.207770
1182,44,Male,"['Home', 'Beauty', 'Technology', 'Fashion']","[19, 3, 18, 9, 10]",2025-03-09 15:45:20.207778
1183,20,Female,"['Beauty', 'Fashion']","[25, 22]",2025-04-27 15:45:20.207785
1184,25,Female,"['Beauty', 'Home']","[22, 12, 14, 23]",2025-05-20 15:45:20.207793
1185,18,Female,"['Beauty', 'Fashion']","[14, 21, 5]",2025-11-24 15:45:20.207800
1186,43,Male,"['Beauty', 'Gaming']","[22, 7, 9]",2025-03-28 15:45:20.207807
1187,34,Male,"['Beauty', 'Gaming', 'Technology', 'Sports']","[22, 8, 14, 13, 25]",2026-02-18 15:45:20.207818
1188,24,Male,"['Fashion', 'Home', 'Beauty', 'Gaming']","[13, 19, 4]",2025-07-19 15:45:20.207826
1189,18,Female,"['Sports', 'Fitness', 'Home', 'Gaming']","[7, 13]",2025-04-15 15:45:20.207836
1190,40,Male,"['Home', 'Gaming', 'Fashion', 'Sports']","[27, 29, 13, 12]",2025-05-24 15:45:20.207844
1191,34,Female,"['Sports', 'Fitness']","[15, 28, 21, 4]",2025-04-22 15:45:20.207851
1192,33,Female,"['Home', 'Sports', 'Technology', 'Fitness']","[18, 21]",2025-12-27 15:45:20.207859
1193,25,Female,"['Home', 'Technology', 'Fashion']","[23, 13, 24]",2025-11-10 15:45:20.207866
1194,18,Female,"['Technology', 'Home']","[21, 8, 17, 7, 13]",2026-01-07 15:45:20.207876
1195,32,Female,"['Home', 'Sports']","[12, 22, 3, 21, 15]",2025-08-29 15:45:20.207884
1196,34,Female,"['Technology', 'Home', 'Gaming']","[4, 5, 27]",2025-05-28 15:45:20.207892
1197,25,Female,"['Beauty', 'Fashion']","[20, 24, 1]",2025-09-27 15:45:20.207899
1198,45,Male,"['Sports', 'Technology', 'Fashion']","[23, 9, 4, 18]",2026-02-12 15:45:20.207908
1199,41,Female,"['Sports', 'Fitness', 'Gaming']","[27, 14, 24, 16]",2025-05-20 15:45:20.207916
1200,20,Female,"['Sports', 'Gaming', 'Home', 'Beauty']",[11],2026-02-23 15:45:20.207923
1201,19,Female,"['Beauty', 'Technology', 'Sports']",[12],2025-11-20 15:45:20.207930
1202,38,Male,"['Fashion', 'Home', 'Gaming']","[26, 12]",2025-11-12 15:45:20.207938
1203,20,Male,"['Home', 'Sports', 'Fitness']","[25, 4, 28]",2025-10-17 15:45:20.207945
1204,32,Female,"['Beauty', 'Sports']",[3],2025-06-04 15:45:20.207952
1205,22,Female,"['Beauty', 'Technology']","[14, 9, 26]",2025-12-13 15:45:20.207959
1206,30,Male,"['Fashion', 'Gaming', 'Beauty']","[25, 7, 20]",2026-01-20 15:45:20.207967
1207,21,Male,"['Gaming', 'Technology', 'Home']","[7, 15]",2025-04-04 15:45:20.207974
1208,29,Male,"['Sports', 'Home', 'Beauty', 'Gaming']",[6],2025-03-22 15:45:20.207984
1209,29,Male,"['Fashion', 'Home']","[14, 3]",2025-05-13 15:45:20.207991
1210,28,Female,"['Fitness', 'Technology']","[17, 28, 6, 22, 29]",2025-04-04 15:45:20.207999
1211,24,Male,"['Home', 'Beauty', 'Gaming']","[21, 28]",2025-12-04 15:45:20.208006
1212,20,Male,"['Sports', 'Fitness']","[7, 12, 17, 13, 30]",2025-12-22 15:45:20.208014
1213,40,Male,"['Fitness', 'Beauty', 'Gaming', 'Home']","[28, 16, 21]",2025-06-21 15:45:20.208022
1214,39,Female,"['Gaming', 'Beauty', 'Technology', 'Fashion']","[27, 25, 12, 5]",2025-09-19 15:45:20.208032
1215,30,Male,"['Fashion', 'Gaming']","[22, 7]",2025-12-10 15:45:20.208039
1216,30,Female,"['Fitness', 'Gaming']","[13, 15, 11, 23]",2025-04-16 15:45:20.208046
1217,25,Female,"['Sports', 'Fashion']","[29, 23, 27, 2]",2026-01-09 15:45:20.208054
1218,20,Male,"['Fashion', 'Technology', 'Sports']","[5, 10, 18]",2025-10-09 15:45:20.208061
1219,32,Male,"['Fitness', 'Fashion', 'Sports', 'Beauty']",[5],2025-07-19 15:45:20.208068
1220,31,Male,"['Fashion', 'Fitness', 'Home', 'Technology']","[8, 2, 27]",2026-01-02 15:45:20.208076
1221,24,Male,"['Fitness', 'Sports', 'Technology']",[5],2026-02-14 15:45:20.208082
1222,23,Female,"['Fitness', 'Technology', 'Home', 'Fashion']","[19, 9, 10, 27]",2025-11-29 15:45:20.208090
1223,21,Female,"['Home', 'Gaming', 'Fitness', 'Technology']","[14, 7, 26, 10]",2025-09-16 15:45:20.208098
1224,33,Male,"['Gaming', 'Technology']","[17, 20, 11, 6, 5]",2025-11-19 15:45:20.208106
1225,46,Male,"['Gaming', 'Beauty', 'Sports']","[14, 24, 27, 10]",2026-02-25 15:45:20.208114
1226,41,Male,"['Home', 'Beauty']","[22, 9, 29, 7]",2025-06-21 15:45:20.208122
1227,34,Male,"['Sports', 'Gaming']","[21, 28, 1, 6, 2]",2025-12-31 15:45:20.208130
1228,23,Female,"['Beauty', 'Sports', 'Fashion']","[11, 22]",2025-08-27 15:45:20.208137
1229,35,Male,"['Technology', 'Fashion', 'Gaming', 'Home']","[18, 1, 19]",2026-02-19 15:45:20.208145
1230,29,Male,"['Fashion', 'Technology']","[19, 21, 14]",2025-04-04 15:45:20.208154
1231,28,Female,"['Fashion', 'Beauty', 'Home', 'Technology']","[21, 18, 4, 22]",2025-05-12 15:45:20.208163
1232,34,Male,"['Gaming', 'Fashion', 'Technology', 'Beauty']",[7],2025-05-22 15:45:20.208170
1233,26,Female,"['Fitness', 'Fashion']","[28, 17, 6, 16]",2025-12-21 15:45:20.208179
1234,44,Female,"['Beauty', 'Fitness', 'Gaming']","[30, 8, 11]",2025-03-03 15:45:20.208187
1235,37,Male,"['Technology', 'Fitness', 'Fashion', 'Gaming']","[3, 8, 18, 28]",2025-07-05 15:45:20.208195
1236,34,Male,"['Technology', 'Sports']",[19],2025-08-15 15:45:20.208201
1237,32,Male,"['Home', 'Sports', 'Technology', 'Fitness']","[1, 18]",2026-02-04 15:45:20.208209
1238,45,Female,"['Beauty', 'Home', 'Sports']","[9, 22]",2025-05-02 15:45:20.208216
1239,29,Female,"['Fashion', 'Fitness', 'Beauty', 'Sports']","[21, 14, 10, 19]",2025-12-10 15:45:20.208224
1240,20,Female,"['Beauty', 'Gaming', 'Home']",[19],2025-09-11 15:45:20.208231
1241,20,Male,"['Fitness', 'Home']",[12],2025-12-08 15:45:20.208240
1242,21,Female,"['Home', 'Beauty']","[30, 6, 8]",2025-08-21 15:45:20.208247
1243,23,Male,"['Sports', 'Technology', 'Fashion']","[12, 24]",2025-04-04 15:45:20.208254
1244,33,Female,"['Home', 'Fitness', 'Gaming']","[22, 17]",2025-12-17 15:45:20.208261
1245,27,Male,"['Sports', 'Beauty', 'Home', 'Technology']","[23, 11, 30]",2026-02-20 15:45:20.208269
1246,21,Female,"['Home', 'Technology']","[4, 27, 26, 5, 21]",2025-03-16 15:45:20.208281
1247,24,Female,"['Technology', 'Gaming', 'Fitness']","[9, 19, 1]",2025-10-25 15:45:20.208288
1248,18,Female,"['Sports', 'Technology']","[25, 9, 28, 16, 6]",2025-09-27 15:45:20.208296
1249,19,Male,"['Beauty', 'Fitness', 'Fashion', 'Home']","[18, 20]",2025-09-23 15:45:20.208304
1250,32,Male,"['Home', 'Gaming']","[21, 26]",2025-08-03 15:45:20.208311
1251,25,Female,"['Fashion', 'Fitness', 'Technology']","[24, 2]",2025-08-13 15:45:20.208320
1252,18,Female,"['Fitness', 'Technology', 'Beauty']",[30],2025-09-18 15:45:20.208328
1253,31,Female,"['Technology', 'Home', 'Sports']","[14, 21, 7, 17, 1]",2025-10-04 15:45:20.208338
1254,27,Female,"['Beauty', 'Fashion', 'Gaming']","[3, 5, 18, 19]",2026-02-05 15:45:20.208347
1255,39,Female,"['Sports', 'Home', 'Gaming', 'Fitness']","[2, 10, 17, 4, 26]",2025-08-28 15:45:20.208355
1256,23,Female,"['Beauty', 'Home', 'Sports', 'Fitness']","[7, 12, 22]",2025-06-10 15:45:20.208363
1257,23,Male,"['Fitness', 'Fashion', 'Sports', 'Gaming']","[12, 21, 10, 27]",2025-09-04 15:45:20.208371
1258,19,Female,"['Beauty', 'Sports']","[5, 1]",2025-11-13 15:45:20.208380
1259,29,Female,"['Home', 'Gaming', 'Sports']","[11, 14, 15, 20]",2025-12-25 15:45:20.208388
1260,23,Male,"['Sports', 'Beauty', 'Fashion']","[26, 12, 6, 20, 25]",2025-04-06 15:45:20.208396
1261,22,Female,"['Fitness', 'Gaming', 'Fashion', 'Beauty']","[6, 3, 11]",2025-05-13 15:45:20.208404
1262,21,Female,"['Gaming', 'Technology', 'Fashion', 'Fitness']","[17, 26]",2025-08-18 15:45:20.208412
1263,27,Male,"['Beauty', 'Gaming', 'Fitness', 'Fashion']","[5, 19, 11, 23]",2025-07-21 15:45:20.208422
1264,40,Male,"['Fitness', 'Fashion', 'Gaming']",[30],2025-05-07 15:45:20.208429
1265,29,Female,"['Gaming', 'Technology', 'Fashion', 'Sports']","[20, 19]",2025-09-15 15:45:20.208436
1266,21,Female,"['Fashion', 'Home', 'Gaming', 'Beauty']","[1, 12, 23, 29]",2025-12-05 15:45:20.208445
1267,44,Female,"['Beauty', 'Home', 'Fashion', 'Fitness']",[23],2025-05-08 15:45:20.208452
1268,22,Female,"['Gaming', 'Sports']","[18, 9, 2, 23]",2026-02-20 15:45:20.208459
1269,57,Female,"['Gaming', 'Beauty', 'Sports']","[1, 20]",2025-04-06 15:45:20.208466
1270,21,Male,"['Home', 'Fitness', 'Gaming']","[21, 20, 23, 14]",2026-01-19 15:45:20.208474
1271,28,Female,"['Fitness', 'Home', 'Sports', 'Technology']","[15, 27, 5, 25, 17]",2025-10-16 15:45:20.208483
1272,53,Female,"['Home', 'Gaming', 'Technology']","[9, 18]",2025-07-01 15:45:20.208493
1273,36,Female,"['Technology', 'Sports']","[1, 13]",2025-11-20 15:45:20.208500
1274,31,Male,"['Fashion', 'Technology']","[5, 27, 7, 30, 25]",2025-12-10 15:45:20.208508
1275,24,Female,"['Gaming', 'Fitness']",[21],2025-06-24 15:45:20.208515
1276,21,Female,"['Fitness', 'Technology', 'Gaming', 'Fashion']","[11, 22]",2026-01-28 15:45:20.208522
1277,24,Male,"['Beauty', 'Fitness', 'Technology', 'Gaming']",[12],2025-06-26 15:45:20.208529
1278,46,Male,"['Gaming', 'Technology', 'Home']","[25, 6]",2026-02-18 15:45:20.208536
1279,31,Male,"['Fitness', 'Sports', 'Home']",[25],2026-02-15 15:45:20.208543
1280,20,Female,"['Technology', 'Fashion', 'Sports']","[10, 28]",2025-12-12 15:45:20.208550
1281,18,Male,"['Sports', 'Technology', 'Home']","[29, 26, 6, 25]",2025-04-23 15:45:20.208558
1282,34,Female,"['Fashion', 'Gaming']","[27, 30, 20, 24]",2025-04-27 15:45:20.208566
1283,28,Male,"['Home', 'Beauty', 'Gaming']","[24, 30, 2]",2025-07-01 15:45:20.208573
1284,23,Female,"['Technology', 'Beauty', 'Sports']",[14],2026-02-08 15:45:20.208580
1285,20,Female,"['Beauty', 'Fitness', 'Gaming']",[20],2026-01-29 15:45:20.208587
1286,52,Female,"['Fashion', 'Sports']",[1],2026-02-23 15:45:20.208594
1287,29,Male,"['Sports', 'Fashion', 'Beauty']","[6, 17]",2025-10-20 15:45:20.208601
1288,20,Female,"['Fashion', 'Technology', 'Sports']",[26],2025-07-14 15:45:20.208607
1289,32,Male,"['Fitness', 'Fashion', 'Beauty']",[4],2025-03-05 15:45:20.208614
1290,24,Male,"['Home', 'Technology']","[8, 13, 5, 27]",2025-11-14 15:45:20.208622
1291,26,Male,"['Home', 'Beauty', 'Sports']","[7, 9, 3, 10, 17]",2025-10-21 15:45:20.208630
1292,23,Male,"['Fashion', 'Beauty']","[21, 15, 1, 11, 10]",2025-05-23 15:45:20.208640
1293,18,Female,"['Technology', 'Beauty', 'Gaming']","[11, 29, 7, 30]",2025-08-23 15:45:20.208650
1294,25,Male,"['Gaming', 'Home', 'Beauty', 'Sports']","[22, 13, 24]",2025-03-14 15:45:20.208658
1295,37,Male,"['Fashion', 'Beauty', 'Sports']","[27, 25, 10]",2026-02-28 15:45:20.208665
1296,24,Female,"['Technology', 'Fashion', 'Sports']","[25, 9, 8]",2026-02-14 15:45:20.208673
1297,45,Male,"['Home', 'Beauty']","[20, 29, 25, 15, 8]",2025-07-28 15:45:20.208681
1298,23,Female,"['Beauty', 'Fashion', 'Fitness', 'Technology']","[9, 25, 12, 3, 2]",2025-12-24 15:45:20.208690
1299,21,Male,"['Home', 'Gaming']","[30, 8, 29, 14, 1]",2026-02-25 15:45:20.208698
1300,26,Female,"['Home', 'Beauty', 'Technology', 'Gaming']","[2, 3, 8, 16, 9]",2025-05-14 15:45:20.208707
1301,26,Female,"['Gaming', 'Fitness', 'Technology']","[24, 1, 5]",2025-09-02 15:45:20.208714
1302,25,Male,"['Fashion', 'Home']",[14],2025-10-14 15:45:20.208721
1303,32,Female,"['Sports', 'Technology', 'Home']","[4, 12, 2, 10, 26]",2025-10-23 15:45:20.208729
1304,28,Male,"['Technology', 'Fashion']","[16, 17, 5]",2025-08-14 15:45:20.208736
1305,40,Male,"['Beauty', 'Gaming', 'Fashion', 'Fitness']","[17, 24, 22, 28, 25]",2025-11-02 15:45:20.208744
1306,24,Male,"['Sports', 'Gaming']","[10, 15, 17, 14, 4]",2025-03-20 15:45:20.208752
1307,21,Female,"['Fashion', 'Home', 'Sports']","[19, 15, 6]",2025-11-06 15:45:20.208760
1308,28,Female,"['Gaming', 'Fashion']","[19, 13, 25, 20, 8]",2025-12-11 15:45:20.208768
1309,26,Female,"['Technology', 'Sports', 'Fashion', 'Gaming']","[28, 12, 17]",2025-08-31 15:45:20.208775
1310,33,Male,"['Technology', 'Home', 'Fitness', 'Gaming']","[17, 13, 22, 3, 2]",2025-06-16 15:45:20.208784
1311,21,Female,"['Fashion', 'Home', 'Gaming']","[3, 13, 11, 6]",2026-01-11 15:45:20.208793
1312,38,Female,"['Fashion', 'Technology', 'Beauty']",[30],2025-10-24 15:45:20.208800
1313,26,Male,"['Fitness', 'Home', 'Technology']","[7, 3]",2025-09-22 15:45:20.208808
1314,24,Female,"['Home', 'Fitness', 'Fashion']","[9, 3]",2026-02-09 15:45:20.208815
1315,33,Male,"['Beauty', 'Sports', 'Fitness', 'Technology']","[23, 26, 14]",2025-09-18 15:45:20.208825
1316,28,Male,"['Fashion', 'Technology', 'Home', 'Beauty']",[28],2026-02-12 15:45:20.208832
1317,43,Male,"['Beauty', 'Technology', 'Fitness', 'Gaming']","[3, 20, 14, 11]",2026-02-10 15:45:20.208840
1318,35,Female,"['Technology', 'Gaming']","[7, 6, 1, 19]",2025-08-31 15:45:20.208849
1319,26,Female,"['Gaming', 'Technology']",[27],2025-07-24 15:45:20.208856
1320,37,Female,"['Technology', 'Home']","[20, 27, 15, 14, 18]",2025-06-14 15:45:20.208864
1321,25,Female,"['Fashion', 'Home', 'Fitness']",[29],2025-08-08 15:45:20.208870
1322,20,Male,"['Sports', 'Gaming']","[13, 11]",2025-03-07 15:45:20.208878
1323,27,Female,"['Beauty', 'Fashion', 'Technology', 'Fitness']","[10, 1, 6, 27, 9]",2025-11-28 15:45:20.208886
1324,24,Female,"['Fashion', 'Home']","[12, 25, 30]",2026-02-05 15:45:20.208893
1325,19,Male,"['Home', 'Technology', 'Fitness']","[26, 6, 27, 29, 10]",2025-06-16 15:45:20.208901
1326,19,Male,"['Fashion', 'Beauty', 'Home', 'Sports']",[2],2025-10-10 15:45:20.208908
1327,33,Male,"['Fashion', 'Sports', 'Beauty', 'Fitness']","[22, 26, 25, 18, 8]",2025-11-30 15:45:20.208917
1328,26,Male,"['Home', 'Fitness', 'Gaming']","[27, 9, 26, 14]",2025-12-09 15:45:20.208924
1329,21,Male,"['Technology', 'Home']",[4],2025-10-01 15:45:20.208931
1330,22,Male,"['Fitness', 'Technology', 'Fashion']",[20],2025-03-18 15:45:20.208938
1331,23,Female,"['Beauty', 'Sports', 'Home', 'Fitness']",[20],2026-02-12 15:45:20.208948
1332,29,Male,"['Gaming', 'Beauty', 'Technology', 'Fitness']","[12, 18, 30, 24]",2026-01-11 15:45:20.208956
1333,38,Female,"['Fitness', 'Beauty']","[21, 30, 22]",2025-04-14 15:45:20.208963
1334,28,Female,"['Home', 'Sports', 'Fitness']","[11, 12, 5, 8, 27]",2025-03-04 15:45:20.208972
1335,20,Female,"['Sports', 'Beauty', 'Fashion', 'Fitness']",[14],2025-08-23 15:45:20.208980
1336,20,Male,"['Fashion', 'Beauty', 'Technology', 'Sports']","[22, 4, 28, 1]",2025-09-12 15:45:20.208990
1337,33,Female,"['Beauty', 'Technology']","[30, 12, 17, 3, 7]",2025-10-04 15:45:20.208998
1338,19,Male,"['Gaming', 'Fashion']","[27, 9, 20]",2026-02-13 15:45:20.209005
1339,21,Male,"['Sports', 'Home', 'Fitness', 'Technology']",[10],2025-07-29 15:45:20.209012
1340,33,Male,"['Fitness', 'Technology', 'Fashion', 'Beauty']","[15, 4, 9, 24, 26]",2025-07-30 15:45:20.209022
1341,26,Male,"['Fashion', 'Gaming']","[10, 24, 8, 1, 12]",2025-09-12 15:45:20.209029
1342,26,Female,"['Technology', 'Home', 'Gaming']","[20, 25, 16]",2025-11-25 15:45:20.209037
1343,34,Female,"['Home', 'Sports', 'Technology', 'Fashion']","[20, 30, 25]",2025-05-07 15:45:20.209044
1344,29,Female,"['Fashion', 'Home', 'Technology', 'Beauty']",[6],2026-01-08 15:45:20.209051
1345,26,Male,"['Fashion', 'Sports', 'Beauty', 'Home']","[9, 17, 23, 25, 28]",2025-06-27 15:45:20.209059
1346,42,Male,"['Fashion', 'Gaming', 'Sports']","[12, 23]",2025-11-05 15:45:20.209067
1347,40,Female,"['Fashion', 'Gaming', 'Sports']",[17],2025-10-30 15:45:20.209073
1348,18,Male,"['Sports', 'Beauty', 'Technology', 'Fitness']","[7, 24, 25, 26, 20]",2025-08-03 15:45:20.209082
1349,24,Male,"['Fitness', 'Technology', 'Beauty']","[26, 22]",2025-12-20 15:45:20.209089
1350,24,Male,"['Gaming', 'Beauty', 'Fitness']","[7, 26, 30, 10, 29]",2025-07-22 15:45:20.209098
1351,44,Male,"['Fitness', 'Gaming', 'Technology']",[11],2025-05-10 15:45:20.209105
1352,32,Male,"['Fashion', 'Sports']",[11],2025-05-20 15:45:20.209112
1353,23,Male,"['Technology', 'Fashion', 'Beauty']","[5, 7, 9]",2025-12-18 15:45:20.209120
1354,31,Female,"['Gaming', 'Beauty', 'Fashion']","[7, 16, 14]",2025-07-17 15:45:20.209127
1355,27,Female,"['Home', 'Fashion', 'Fitness']","[10, 30, 24, 21, 5]",2025-03-01 15:45:20.209135
1356,33,Female,"['Fitness', 'Gaming']","[9, 10, 27, 30]",2025-10-23 15:45:20.209143
1357,50,Female,"['Beauty', 'Home']","[25, 24, 5, 21, 28]",2025-04-13 15:45:20.209153
1358,23,Female,"['Fashion', 'Fitness', 'Home', 'Gaming']","[12, 21, 17, 28]",2025-11-28 15:45:20.209161
1359,36,Male,"['Beauty', 'Technology', 'Gaming']",[17],2025-03-07 15:45:20.209167
1360,24,Male,"['Home', 'Beauty']","[27, 23, 24, 2, 10]",2025-07-19 15:45:20.209175
1361,34,Female,"['Technology', 'Beauty', 'Fitness']","[4, 17, 11]",2025-06-25 15:45:20.209183
1362,42,Female,"['Home', 'Sports']","[1, 21]",2025-06-29 15:45:20.209190
1363,19,Male,"['Sports', 'Fashion', 'Gaming']","[11, 2]",2025-12-30 15:45:20.209197
1364,18,Female,"['Sports', 'Gaming', 'Home', 'Fitness']",[28],2026-02-19 15:45:20.209205
1365,20,Male,"['Fitness', 'Home']","[29, 19]",2025-06-12 15:45:20.209212
1366,29,Female,"['Home', 'Beauty']","[12, 3, 15, 28]",2025-10-03 15:45:20.209219
1367,36,Male,"['Beauty', 'Fitness', 'Sports', 'Technology']","[20, 23, 15, 4, 1]",2025-03-29 15:45:20.209228
1368,18,Female,"['Beauty', 'Sports', 'Fitness', 'Technology']",[7],2026-03-01 15:45:20.209235
1369,19,Female,"['Sports', 'Technology', 'Gaming']","[17, 2, 22]",2025-12-06 15:45:20.209243
1370,42,Male,"['Gaming', 'Fitness', 'Sports', 'Fashion']","[23, 5, 29, 2]",2025-07-22 15:45:20.209253
1371,42,Female,"['Beauty', 'Home']","[11, 19, 30, 17]",2026-01-27 15:45:20.209261
1372,33,Female,"['Sports', 'Beauty']",[15],2025-09-06 15:45:20.209268
1373,21,Female,"['Sports', 'Home']","[7, 5]",2026-02-23 15:45:20.209275
1374,37,Male,"['Beauty', 'Home', 'Technology']",[1],2026-01-23 15:45:20.209282
1375,25,Female,"['Sports', 'Technology']","[20, 5]",2025-03-18 15:45:20.209288
1376,24,Male,"['Home', 'Fitness']","[16, 22, 25]",2025-05-21 15:45:20.209296
1377,27,Female,"['Fitness', 'Fashion', 'Home', 'Beauty']","[22, 24]",2025-06-16 15:45:20.209303
1378,26,Male,"['Gaming', 'Fitness', 'Technology']","[2, 17, 13, 23]",2026-01-11 15:45:20.209313
1379,41,Male,"['Fitness', 'Gaming', 'Home', 'Fashion']","[3, 16, 2]",2025-03-11 15:45:20.209321
1380,18,Female,"['Fitness', 'Beauty', 'Gaming']","[10, 8, 2, 6]",2025-09-04 15:45:20.209329
1381,42,Female,"['Beauty', 'Sports', 'Home']","[25, 10, 17]",2025-07-15 15:45:20.209338
1382,40,Female,"['Sports', 'Fashion', 'Beauty']",[24],2025-08-24 15:45:20.209345
1383,29,Female,"['Gaming', 'Sports']","[12, 2, 10]",2025-12-09 15:45:20.209353
1384,24,Female,"['Sports', 'Fitness', 'Technology', 'Fashion']","[16, 3, 13]",2025-12-21 15:45:20.209360
1385,33,Male,"['Home', 'Beauty', 'Sports', 'Fashion']","[2, 18, 17, 29]",2025-05-22 15:45:20.209368
1386,30,Male,"['Fitness', 'Home']",[27],2025-06-09 15:45:20.209375
1387,38,Female,"['Sports', 'Beauty', 'Gaming']","[27, 2, 19]",2026-01-22 15:45:20.209382
1388,29,Female,"['Sports', 'Fashion', 'Technology', 'Beauty']","[1, 21, 29, 13, 5]",2025-09-10 15:45:20.209391
1389,31,Male,"['Home', 'Fashion']","[14, 29, 12]",2025-04-26 15:45:20.209401
1390,40,Male,"['Gaming', 'Beauty', 'Home']","[10, 6, 14, 24]",2025-03-16 15:45:20.209409
1391,25,Male,"['Fitness', 'Fashion', 'Beauty', 'Sports']","[3, 9, 5]",2026-01-13 15:45:20.209417
1392,25,Female,"['Beauty', 'Technology']","[26, 22, 10]",2025-09-17 15:45:20.209424
1393,24,Male,"['Technology', 'Beauty', 'Fitness']","[24, 29, 8, 15]",2025-11-19 15:45:20.209432
1394,33,Female,"['Fashion', 'Gaming', 'Fitness', 'Technology']","[1, 10]",2025-04-20 15:45:20.209439
1395,27,Female,"['Home', 'Technology']","[3, 2, 13]",2025-05-27 15:45:20.209446
1396,23,Female,"['Fitness', 'Gaming', 'Fashion', 'Home']","[14, 8, 22]",2025-12-28 15:45:20.209454
1397,33,Male,"['Sports', 'Technology']","[13, 18, 27, 22]",2025-11-10 15:45:20.209462
1398,20,Female,"['Fashion', 'Beauty', 'Technology', 'Gaming']",[14],2026-01-18 15:45:20.209469
1399,27,Male,"['Gaming', 'Fitness']","[2, 22]",2025-07-27 15:45:20.209476
1400,43,Male,"['Home', 'Fitness']","[22, 12]",2026-02-10 15:45:20.209485
1401,31,Female,"['Fitness', 'Sports', 'Beauty']","[28, 7, 24, 15, 2]",2025-05-22 15:45:20.209493
1402,35,Male,"['Sports', 'Technology', 'Fitness', 'Beauty']",[1],2026-02-19 15:45:20.209500
1403,27,Female,"['Technology', 'Fashion']","[27, 3, 11, 7, 24]",2025-05-02 15:45:20.209511
1404,34,Male,"['Beauty', 'Sports', 'Fashion']","[3, 19, 22]",2025-07-23 15:45:20.209518
1405,26,Male,"['Beauty', 'Fitness']",[13],2025-06-09 15:45:20.209525
1406,35,Female,"['Fashion', 'Home', 'Technology', 'Fitness']","[30, 5, 23]",2025-12-05 15:45:20.209564
1407,22,Female,"['Beauty', 'Fashion']","[13, 3, 20, 1]",2026-02-04 15:45:20.209572
1408,19,Female,"['Technology', 'Fashion', 'Gaming']","[20, 27, 21]",2025-09-15 15:45:20.209579
1409,23,Female,"['Sports', 'Gaming']",[5],2026-01-14 15:45:20.209588
1410,31,Male,"['Gaming', 'Fitness', 'Beauty', 'Sports']","[13, 5, 10, 19, 20]",2025-07-31 15:45:20.209597
1411,20,Male,"['Fashion', 'Gaming', 'Beauty', 'Technology']","[23, 1, 12, 10, 26]",2025-10-21 15:45:20.209606
1412,18,Male,"['Technology', 'Gaming', 'Fashion']",[11],2025-10-27 15:45:20.209613
1413,41,Female,"['Sports', 'Fashion', 'Beauty']","[14, 15, 5]",2025-11-21 15:45:20.209620
1414,52,Female,"['Home', 'Fashion', 'Sports']","[13, 10, 17, 28]",2025-08-29 15:45:20.209628
1415,54,Male,"['Gaming', 'Technology', 'Sports']","[27, 20, 10, 15]",2025-11-23 15:45:20.209636
1416,23,Female,"['Fitness', 'Gaming']","[17, 2, 21, 6, 14]",2025-08-26 15:45:20.209644
1417,29,Male,"['Fitness', 'Fashion', 'Sports', 'Technology']",[25],2025-06-03 15:45:20.209651
1418,19,Female,"['Technology', 'Sports', 'Beauty']","[10, 22, 27, 3]",2026-01-28 15:45:20.209658
1419,24,Female,"['Technology', 'Home', 'Fashion']",[7],2025-07-07 15:45:20.209665
1420,24,Male,"['Gaming', 'Sports', 'Beauty', 'Fashion']",[7],2025-11-21 15:45:20.209672
1421,43,Female,"['Fashion', 'Technology', 'Gaming', 'Home']",[3],2026-02-07 15:45:20.209682
1422,25,Male,"['Home', 'Sports']","[3, 11]",2025-05-19 15:45:20.209689
1423,28,Female,"['Technology', 'Fashion', 'Fitness', 'Beauty']","[7, 30, 15, 18, 29]",2025-07-30 15:45:20.209697
1424,21,Male,"['Technology', 'Beauty']","[29, 25, 14, 27]",2026-02-18 15:45:20.209705
1425,34,Male,"['Fashion', 'Sports', 'Fitness', 'Home']","[13, 29, 20, 1, 17]",2026-02-12 15:45:20.209713
1426,30,Female,"['Technology', 'Fitness', 'Sports', 'Gaming']","[18, 21, 25, 19]",2025-07-06 15:45:20.209721
1427,21,Female,"['Gaming', 'Home', 'Technology', 'Sports']","[2, 12]",2026-02-15 15:45:20.209729
1428,21,Male,"['Gaming', 'Fashion', 'Beauty']","[5, 10, 23, 7, 25]",2025-10-21 15:45:20.209739
1429,23,Female,"['Technology', 'Beauty', 'Gaming', 'Home']","[29, 17, 18, 3, 5]",2026-01-12 15:45:20.209748
1430,24,Female,"['Fashion', 'Home', 'Gaming']",[5],2025-07-16 15:45:20.209755
1431,52,Male,"['Sports', 'Technology']",[11],2025-12-14 15:45:20.209762
1432,20,Male,"['Beauty', 'Fitness']",[15],2025-05-27 15:45:20.209768
1433,31,Male,"['Sports', 'Technology']","[27, 25, 17]",2025-05-06 15:45:20.209775
1434,30,Female,"['Sports', 'Beauty', 'Fashion', 'Gaming']","[6, 23]",2025-11-12 15:45:20.209783
1435,35,Male,"['Sports', 'Fitness']","[15, 21, 1, 2, 12]",2025-08-13 15:45:20.209791
1436,29,Female,"['Technology', 'Gaming', 'Sports', 'Home']","[17, 27]",2025-07-08 15:45:20.209798
1437,32,Male,"['Home', 'Fitness']",[27],2025-03-28 15:45:20.209805
1438,23,Female,"['Home', 'Sports', 'Gaming', 'Fitness']","[16, 6, 12, 15]",2025-11-24 15:45:20.209813
1439,36,Female,"['Sports', 'Home']","[1, 12, 21]",2025-03-11 15:45:20.209820
1440,45,Male,"['Technology', 'Fitness', 'Fashion']","[2, 8, 29, 16]",2025-05-26 15:45:20.209828
1441,24,Female,"['Gaming', 'Fashion', 'Beauty', 'Technology']",[23],2025-03-09 15:45:20.209836
1442,49,Female,"['Home', 'Technology', 'Fitness']","[3, 25, 15, 22, 21]",2025-06-16 15:45:20.209848
1443,20,Female,"['Gaming', 'Beauty']","[19, 24, 2, 17, 28]",2025-12-23 15:45:20.209857
1444,29,Female,"['Fitness', 'Beauty']","[8, 15, 23]",2026-01-19 15:45:20.209864
1445,21,Female,"['Gaming', 'Sports', 'Fashion', 'Technology']","[27, 25, 4, 8, 2]",2025-03-02 15:45:20.209872
1446,22,Male,"['Fitness', 'Technology', 'Beauty', 'Home']","[14, 24, 23, 18]",2025-03-15 15:45:20.209880
1447,23,Female,"['Fitness', 'Beauty', 'Gaming', 'Technology']","[2, 24, 30]",2026-01-06 15:45:20.209888
1448,23,Female,"['Technology', 'Sports', 'Fashion']","[19, 18, 27, 24, 28]",2025-12-27 15:45:20.209898
1449,24,Female,"['Fitness', 'Beauty']","[8, 12, 10, 11, 27]",2025-05-08 15:45:20.209906
1450,32,Male,"['Sports', 'Gaming', 'Fashion', 'Home']","[13, 4, 26, 21]",2025-12-19 15:45:20.209914
1451,25,Female,"['Sports', 'Fitness', 'Gaming', 'Beauty']",[15],2025-05-27 15:45:20.209921
1452,22,Male,"['Home', 'Technology', 'Fashion', 'Beauty']","[3, 14, 2]",2025-11-20 15:45:20.209929
1453,26,Male,"['Gaming', 'Technology']","[2, 11]",2025-09-11 15:45:20.209936
1454,19,Male,"['Gaming', 'Fashion', 'Technology']","[20, 21, 8, 18, 13]",2025-12-06 15:45:20.209944
1455,44,Male,"['Home', 'Technology', 'Beauty', 'Sports']",[2],2025-10-30 15:45:20.209951
1456,22,Female,"['Home', 'Beauty']",[6],2025-04-01 15:45:20.209957
1457,24,Female,"['Beauty', 'Technology', 'Fashion', 'Home']","[11, 12, 16]",2025-09-25 15:45:20.209965
1458,30,Female,"['Fitness', 'Gaming']","[16, 13, 17]",2026-01-25 15:45:20.209972
1459,41,Female,"['Technology', 'Gaming', 'Fashion', 'Beauty']","[13, 6, 21, 10, 5]",2025-09-25 15:45:20.209981
1460,30,Male,"['Gaming', 'Sports', 'Technology']","[10, 28, 18, 22, 21]",2025-07-08 15:45:20.209989
1461,18,Female,"['Beauty', 'Sports', 'Home']",[28],2025-10-15 15:45:20.209996
1462,30,Female,"['Beauty', 'Technology', 'Gaming', 'Fitness']","[15, 13, 26, 25, 16]",2026-01-29 15:45:20.210004
1463,27,Male,"['Home', 'Technology', 'Beauty', 'Sports']","[19, 15, 9, 24, 2]",2025-11-23 15:45:20.210015
1464,24,Male,"['Gaming', 'Home', 'Sports']",[11],2025-05-28 15:45:20.210022
1465,23,Female,"['Gaming', 'Home', 'Fitness', 'Beauty']","[14, 27, 15, 30, 21]",2026-02-08 15:45:20.210030
1466,37,Female,"['Fashion', 'Beauty', 'Sports', 'Fitness']",[17],2025-07-26 15:45:20.210038
1467,21,Male,"['Home', 'Sports', 'Beauty', 'Technology']","[10, 4]",2025-04-19 15:45:20.210048
1468,29,Male,"['Fashion', 'Home', 'Sports']",[26],2025-12-24 15:45:20.210057
1469,19,Female,"['Technology', 'Sports']",[7],2025-07-27 15:45:20.210063
1470,18,Male,"['Sports', 'Home', 'Fitness']",[1],2025-10-12 15:45:20.210070
1471,22,Male,"['Fitness', 'Sports', 'Technology', 'Beauty']","[30, 11, 8, 22, 3]",2025-08-25 15:45:20.210079
1472,20,Male,"['Home', 'Gaming', 'Technology', 'Fitness']","[25, 19, 27]",2025-08-14 15:45:20.210086
1473,21,Female,"['Beauty', 'Gaming', 'Fitness', 'Home']",[28],2026-02-16 15:45:20.210093
1474,30,Female,"['Fitness', 'Beauty']",[24],2025-08-24 15:45:20.210100
1475,37,Female,"['Beauty', 'Technology', 'Fashion', 'Home']","[29, 30, 12]",2026-02-12 15:45:20.210109
1476,28,Male,"['Beauty', 'Technology', 'Fashion', 'Fitness']","[13, 17, 9, 19, 6]",2025-07-14 15:45:20.210118
1477,41,Female,"['Fitness', 'Home', 'Sports', 'Gaming']","[9, 15, 29]",2026-01-22 15:45:20.210126
1478,32,Female,"['Home', 'Sports']","[9, 28, 7, 3]",2026-01-14 15:45:20.210133
1479,41,Female,"['Beauty', 'Sports', 'Fitness', 'Fashion']",[30],2026-02-27 15:45:20.210140
1480,22,Female,"['Fashion', 'Gaming', 'Beauty', 'Fitness']","[28, 2]",2025-05-10 15:45:20.210148
1481,32,Male,"['Beauty', 'Fitness', 'Sports']","[25, 22, 20]",2025-04-05 15:45:20.210155
1482,20,Female,"['Fitness', 'Fashion', 'Beauty', 'Home']","[26, 17, 2]",2026-02-17 15:45:20.210163
1483,21,Female,"['Gaming', 'Sports']","[28, 12, 10, 13, 2]",2025-03-29 15:45:20.210171
1484,25,Male,"['Fitness', 'Gaming']","[30, 14]",2025-05-09 15:45:20.210178
1485,39,Female,"['Sports', 'Fashion', 'Fitness', 'Beauty']","[26, 11, 13, 3, 19]",2026-02-15 15:45:20.210189
1486,25,Male,"['Fashion', 'Fitness']","[25, 19, 6, 24, 20]",2025-12-07 15:45:20.210197
1487,22,Female,"['Fitness', 'Sports']","[12, 28, 19, 14, 8]",2026-01-15 15:45:20.210206
1488,31,Male,"['Gaming', 'Sports']","[21, 11]",2025-05-02 15:45:20.210213
1489,22,Male,"['Fashion', 'Sports']",[25],2025-07-30 15:45:20.210220
1490,23,Female,"['Home', 'Fashion', 'Beauty', 'Fitness']","[1, 27, 2, 12, 30]",2025-04-22 15:45:20.210229
1491,25,Male,"['Fitness', 'Sports', 'Home', 'Fashion']","[23, 4, 16]",2025-12-29 15:45:20.210236
1492,33,Female,"['Home', 'Gaming', 'Fashion']","[14, 26]",2025-04-09 15:45:20.210244
1493,28,Male,"['Technology', 'Gaming']","[11, 2]",2025-09-27 15:45:20.210251
1494,24,Female,"['Fashion', 'Sports', 'Gaming', 'Home']",[20],2025-05-22 15:45:20.210258
1495,35,Male,"['Gaming', 'Technology']","[11, 29, 9, 13, 21]",2025-07-11 15:45:20.210266
1496,19,Female,"['Beauty', 'Home', 'Gaming']","[28, 12, 22, 19]",2026-01-28 15:45:20.210273
1497,31,Female,"['Fashion', 'Beauty', 'Technology', 'Fitness']",[8],2025-08-10 15:45:20.210281
1498,22,Male,"['Gaming', 'Fashion']",[1],2025-06-19 15:45:20.210288
1499,20,Male,"['Beauty', 'Fitness', 'Technology']","[18, 22]",2026-02-10 15:45:20.210295
1500,33,Male,"['Home', 'Beauty', 'Fitness', 'Sports']",[27],2025-06-08 15:45:20.210302
1501,33,Male,"['Technology', 'Gaming']","[27, 26]",2025-08-03 15:45:20.210309
1502,31,Male,"['Gaming', 'Fashion', 'Home', 'Beauty']","[16, 1, 28, 20, 26]",2025-12-28 15:45:20.210317
1503,24,Female,"['Technology', 'Home', 'Fashion', 'Fitness']","[5, 15, 14]",2025-06-05 15:45:20.210325
1504,37,Male,"['Home', 'Fashion', 'Sports']","[20, 18, 14]",2025-12-07 15:45:20.210332
1505,23,Male,"['Fitness', 'Technology', 'Gaming']","[10, 15, 20, 8]",2026-01-21 15:45:20.210340
1506,55,Female,"['Home', 'Gaming', 'Sports']",[27],2025-10-19 15:45:20.210351
1507,28,Female,"['Technology', 'Fitness', 'Gaming', 'Fashion']","[28, 20]",2025-08-01 15:45:20.210361
1508,18,Male,"['Home', 'Beauty', 'Gaming']",[7],2025-07-10 15:45:20.210368
1509,21,Female,"['Fitness', 'Beauty']","[24, 11, 5, 9, 27]",2025-08-28 15:45:20.210376
1510,18,Female,"['Fitness', 'Beauty', 'Home']","[18, 10]",2025-06-27 15:45:20.210383
1511,25,Female,"['Sports', 'Fitness', 'Gaming', 'Technology']","[2, 22, 28, 14, 15]",2025-10-09 15:45:20.210392
1512,32,Male,"['Technology', 'Sports']",[27],2025-04-10 15:45:20.210398
1513,27,Male,"['Fitness', 'Home', 'Gaming']","[29, 24]",2025-05-15 15:45:20.210406
1514,50,Male,"['Sports', 'Technology']","[30, 28, 24]",2025-08-15 15:45:20.210413
1515,45,Female,"['Sports', 'Gaming', 'Technology']",[3],2025-11-08 15:45:20.210420
1516,18,Female,"['Sports', 'Technology', 'Fitness']","[4, 29, 14, 21, 20]",2025-08-11 15:45:20.210428
1517,43,Male,"['Fitness', 'Gaming', 'Beauty', 'Technology']",[25],2025-07-29 15:45:20.210435
1518,23,Male,"['Gaming', 'Home']","[13, 26, 6, 12, 10]",2026-01-11 15:45:20.210443
1519,22,Male,"['Technology', 'Gaming', 'Fashion', 'Sports']","[11, 16, 28]",2025-11-25 15:45:20.210451
1520,39,Female,"['Sports', 'Home']","[6, 18, 5, 16, 25]",2025-09-13 15:45:20.210459
1521,26,Male,"['Technology', 'Fashion', 'Fitness']",[9],2025-03-14 15:45:20.210465
1522,19,Male,"['Technology', 'Fashion', 'Home', 'Fitness']",[18],2025-05-26 15:45:20.210472
1523,22,Male,"['Fitness', 'Beauty', 'Sports']",[25],2025-09-19 15:45:20.210479
1524,27,Male,"['Gaming', 'Home', 'Beauty', 'Fitness']","[17, 13, 19]",2025-06-23 15:45:20.210487
1525,37,Female,"['Gaming', 'Beauty']","[9, 8, 29, 16, 21]",2025-11-20 15:45:20.210495
1526,34,Male,"['Home', 'Gaming']",[5],2025-12-27 15:45:20.210503
1527,24,Male,"['Home', 'Sports']",[8],2025-12-22 15:45:20.210512
1528,21,Male,"['Home', 'Sports']",[1],2025-05-07 15:45:20.210519
1529,18,Female,"['Fitness', 'Home', 'Beauty']",[28],2026-01-15 15:45:20.210526
1530,19,Female,"['Fashion', 'Home']","[29, 13, 8]",2025-10-27 15:45:20.210533
1531,39,Male,"['Sports', 'Beauty']","[27, 6, 16, 18]",2026-02-27 15:45:20.210540
1532,34,Female,"['Fitness', 'Beauty', 'Sports']","[14, 17, 28, 27]",2026-02-26 15:45:20.210548
1533,57,Female,"['Fitness', 'Home']","[5, 8]",2025-09-28 15:45:20.210555
1534,25,Male,"['Fashion', 'Beauty']","[17, 23, 8, 26]",2026-01-25 15:45:20.210562
1535,21,Female,"['Home', 'Beauty', 'Gaming']","[22, 6]",2025-09-14 15:45:20.210569
1536,20,Female,"['Beauty', 'Fashion']","[15, 28]",2026-01-21 15:45:20.210576
1537,33,Female,"['Gaming', 'Fashion', 'Fitness', 'Sports']","[26, 13, 3, 25]",2026-01-17 15:45:20.210584
1538,31,Male,"['Fitness', 'Home']",[28],2025-04-14 15:45:20.210593
1539,18,Male,"['Gaming', 'Beauty', 'Sports']","[14, 21, 17, 3, 24]",2025-04-12 15:45:20.210601
1540,42,Male,"['Home', 'Beauty', 'Fitness', 'Sports']","[8, 1, 18]",2025-05-14 15:45:20.210609
1541,18,Male,"['Technology', 'Gaming', 'Sports']","[6, 14, 24, 3]",2025-04-28 15:45:20.210617
1542,55,Female,"['Beauty', 'Gaming', 'Technology', 'Fashion']","[9, 2, 4, 14, 1]",2025-12-22 15:45:20.210626
1543,44,Female,"['Fashion', 'Home', 'Fitness', 'Beauty']","[18, 1, 25, 21, 14]",2025-05-26 15:45:20.210634
1544,24,Female,"['Sports', 'Fashion', 'Fitness', 'Gaming']","[4, 8, 13, 15, 22]",2025-05-30 15:45:20.210643
1545,31,Male,"['Fashion', 'Fitness']","[10, 25, 7]",2026-03-01 15:45:20.210652
1546,34,Male,"['Sports', 'Gaming']","[23, 11, 8, 29]",2025-12-23 15:45:20.210660
1547,37,Female,"['Fashion', 'Gaming', 'Fitness']","[25, 29, 15]",2025-08-31 15:45:20.210667
1548,33,Female,"['Fitness', 'Technology', 'Sports']","[7, 9]",2025-03-12 15:45:20.210676
1549,22,Male,"['Fitness', 'Sports', 'Home']",[22],2025-12-14 15:45:20.210683
1550,18,Female,"['Fashion', 'Sports', 'Gaming']","[22, 19]",2025-11-03 15:45:20.210690
1551,52,Female,"['Fashion', 'Technology', 'Gaming']",[22],2025-05-06 15:45:20.210697
1552,47,Male,"['Technology', 'Gaming', 'Home', 'Fashion']","[9, 2, 11, 25]",2025-10-30 15:45:20.210705
1553,28,Male,"['Home', 'Technology']",[25],2026-01-11 15:45:20.210713
1554,27,Female,"['Fashion', 'Gaming', 'Technology']","[8, 12, 18, 30, 17]",2026-01-14 15:45:20.210721
1555,22,Female,"['Fashion', 'Beauty']","[25, 2, 20]",2025-05-17 15:45:20.210728
1556,27,Male,"['Home', 'Beauty', 'Sports']","[4, 13, 8, 10, 16]",2025-12-15 15:45:20.210737
1557,43,Male,"['Beauty', 'Fitness', 'Home']","[21, 23]",2025-08-12 15:45:20.210744
1558,20,Female,"['Sports', 'Fashion', 'Beauty', 'Gaming']","[18, 5, 22, 20]",2025-11-29 15:45:20.210752
1559,25,Male,"['Technology', 'Home', 'Beauty', 'Gaming']",[29],2025-03-26 15:45:20.210759
1560,23,Female,"['Technology', 'Fitness']","[8, 21, 26, 20, 6]",2025-12-31 15:45:20.210768
1561,19,Female,"['Gaming', 'Fitness', 'Fashion']","[13, 10, 21, 24]",2026-01-01 15:45:20.210775
1562,32,Male,"['Technology', 'Gaming', 'Home']","[17, 9, 14, 4]",2025-09-05 15:45:20.210783
1563,34,Male,"['Gaming', 'Beauty', 'Home']","[24, 13, 3, 5, 26]",2025-10-12 15:45:20.210791
1564,23,Female,"['Fitness', 'Gaming', 'Fashion', 'Sports']","[12, 28, 11, 25, 5]",2026-01-27 15:45:20.210800
1565,27,Male,"['Home', 'Fitness', 'Gaming']","[27, 9, 26]",2025-10-31 15:45:20.210809
1566,37,Female,"['Beauty', 'Fitness', 'Home']","[14, 26, 20, 7, 22]",2025-11-07 15:45:20.210817
1567,34,Male,"['Beauty', 'Sports']","[25, 15, 5, 16, 3]",2025-11-11 15:45:20.210825
1568,20,Female,"['Fashion', 'Sports']","[5, 6, 4, 17, 24]",2025-10-17 15:45:20.210833
1569,19,Male,"['Beauty', 'Fitness']","[12, 23]",2025-08-11 15:45:20.210840
1570,37,Male,"['Fashion', 'Gaming', 'Fitness']","[20, 22, 28, 17, 6]",2025-07-31 15:45:20.210850
1571,42,Female,"['Home', 'Sports', 'Fitness']","[16, 22, 17, 9]",2025-04-09 15:45:20.210858
1572,20,Female,"['Fitness', 'Sports', 'Home', 'Beauty']","[5, 17, 3, 26, 22]",2025-12-10 15:45:20.210869
1573,23,Male,"['Fitness', 'Sports', 'Home']","[28, 13]",2025-08-26 15:45:20.210876
1574,20,Female,"['Fashion', 'Beauty', 'Fitness']","[23, 30]",2025-11-15 15:45:20.210883
1575,35,Male,"['Fashion', 'Gaming']","[22, 11, 26]",2025-07-13 15:45:20.210891
1576,27,Male,"['Home', 'Fitness', 'Gaming']","[12, 26]",2025-08-22 15:45:20.210898
1577,25,Female,"['Gaming', 'Beauty', 'Home', 'Fitness']","[2, 15]",2025-07-05 15:45:20.210905
1578,34,Male,"['Sports', 'Home']","[29, 9, 13]",2025-09-29 15:45:20.210912
1579,42,Male,"['Sports', 'Home', 'Fitness']","[19, 20, 25]",2025-06-01 15:45:20.210920
1580,43,Male,"['Fitness', 'Fashion', 'Gaming', 'Beauty']","[29, 20]",2025-09-20 15:45:20.210927
1581,30,Female,"['Sports', 'Home', 'Fashion', 'Fitness']","[23, 30, 16, 11, 29]",2025-06-07 15:45:20.210936
1582,27,Female,"['Sports', 'Technology']","[2, 5, 4, 22, 29]",2025-03-10 15:45:20.210944
1583,42,Female,"['Technology', 'Beauty', 'Fitness']","[23, 20, 19]",2025-05-14 15:45:20.210951
1584,33,Female,"['Home', 'Technology', 'Gaming']","[16, 22, 7, 10]",2025-11-19 15:45:20.210961
1585,25,Female,"['Gaming', 'Home', 'Sports']","[24, 29]",2025-08-14 15:45:20.210968
1586,21,Male,"['Gaming', 'Fitness']","[19, 4, 3]",2025-08-22 15:45:20.211006
1587,20,Female,"['Sports', 'Gaming']","[30, 27, 25]",2025-04-02 15:45:20.211013
1588,19,Female,"['Technology', 'Fitness', 'Fashion']","[18, 27, 12, 29, 13]",2025-06-27 15:45:20.211022
1589,21,Male,"['Fitness', 'Home', 'Sports']","[23, 4, 26]",2025-09-20 15:45:20.211029
1590,32,Female,"['Fitness', 'Gaming', 'Home', 'Fashion']",[12],2025-04-19 15:45:20.211037
1591,21,Female,"['Beauty', 'Technology', 'Home', 'Fitness']","[14, 25, 3, 18]",2025-07-03 15:45:20.211047
1592,23,Female,"['Fashion', 'Gaming', 'Technology']","[4, 28, 16]",2025-12-15 15:45:20.211055
1593,34,Male,"['Fashion', 'Technology', 'Fitness']","[23, 15, 12, 9]",2025-11-09 15:45:20.211063
1594,25,Male,"['Fitness', 'Beauty']",[7],2025-08-16 15:45:20.211069
1595,32,Female,"['Home', 'Sports', 'Technology', 'Beauty']","[2, 26, 12]",2026-01-20 15:45:20.211077
1596,34,Male,"['Technology', 'Gaming', 'Home', 'Beauty']",[4],2025-12-21 15:45:20.211084
1597,22,Male,"['Fashion', 'Beauty']","[23, 29]",2026-01-23 15:45:20.211091
1598,28,Female,"['Fitness', 'Home']",[22],2026-02-22 15:45:20.211097
1599,37,Male,"['Fashion', 'Beauty']","[15, 9]",2025-09-05 15:45:20.211107
1600,40,Female,"['Fashion', 'Technology']",[25],2025-11-26 15:45:20.211113
1601,36,Male,"['Home', 'Fitness', 'Gaming']","[12, 16, 3, 6, 26]",2025-06-19 15:45:20.211122
1602,22,Female,"['Fashion', 'Technology', 'Sports']","[8, 7, 3, 27]",2025-03-07 15:45:20.211129
1603,30,Male,"['Home', 'Sports']","[25, 18, 29, 26]",2025-06-15 15:45:20.211137
1604,41,Male,"['Sports', 'Home', 'Fashion', 'Technology']","[17, 24, 8]",2025-10-13 15:45:20.211147
1605,39,Female,"['Fitness', 'Sports', 'Home']","[22, 14, 13]",2026-01-06 15:45:20.211156
1606,36,Female,"['Fashion', 'Technology', 'Fitness']","[15, 30, 28, 18, 13]",2025-04-12 15:45:20.211164
1607,30,Male,"['Home', 'Fitness']","[5, 16, 1, 13]",2026-02-08 15:45:20.211172
1608,33,Female,"['Fitness', 'Sports']",[3],2025-10-29 15:45:20.211179
1609,32,Male,"['Technology', 'Sports', 'Gaming', 'Home']","[5, 12, 6]",2026-02-25 15:45:20.211186
1610,27,Male,"['Gaming', 'Beauty']","[28, 5, 25, 2, 17]",2026-01-14 15:45:20.211194
1611,20,Female,"['Sports', 'Fashion', 'Beauty']","[17, 11, 15]",2025-12-27 15:45:20.211202
1612,20,Male,"['Beauty', 'Sports', 'Fashion', 'Home']","[29, 15, 2, 19]",2025-09-05 15:45:20.211211
1613,41,Male,"['Sports', 'Beauty']",[3],2025-09-21 15:45:20.211218
1614,41,Female,"['Beauty', 'Sports', 'Gaming', 'Fitness']",[18],2025-09-16 15:45:20.211225
1615,22,Male,"['Sports', 'Technology']","[15, 24, 6, 13]",2025-05-23 15:45:20.211233
1616,28,Male,"['Home', 'Technology']","[25, 27, 13, 22]",2025-11-18 15:45:20.211241
1617,29,Female,"['Sports', 'Home']","[29, 3, 24, 13, 19]",2025-04-14 15:45:20.211248
1618,23,Male,"['Fitness', 'Gaming', 'Beauty', 'Technology']",[15],2025-05-16 15:45:20.211256
1619,45,Female,"['Gaming', 'Technology', 'Fashion']",[1],2025-03-27 15:45:20.211263
1620,41,Male,"['Fashion', 'Fitness', 'Sports']",[5],2026-02-16 15:45:20.211270
1621,41,Female,"['Gaming', 'Home', 'Technology']","[17, 6]",2025-10-11 15:45:20.211277
1622,42,Female,"['Gaming', 'Beauty', 'Sports', 'Fitness']","[25, 14, 3, 22]",2025-11-19 15:45:20.211285
1623,30,Male,"['Gaming', 'Beauty', 'Home']",[24],2025-04-25 15:45:20.211294
1624,30,Male,"['Fitness', 'Fashion', 'Technology', 'Beauty']","[4, 14]",2026-02-09 15:45:20.211302
1625,33,Male,"['Technology', 'Home']","[18, 25, 1]",2025-04-03 15:45:20.211309
1626,28,Male,"['Fashion', 'Technology', 'Beauty']","[9, 2, 23]",2025-12-17 15:45:20.211317
1627,24,Male,"['Home', 'Fashion', 'Technology', 'Fitness']","[15, 29]",2025-10-15 15:45:20.211324
1628,23,Male,"['Beauty', 'Home']","[25, 7]",2025-06-17 15:45:20.211331
1629,23,Male,"['Fitness', 'Fashion', 'Sports']","[12, 18, 28, 27, 22]",2026-02-19 15:45:20.211340
1630,27,Female,"['Beauty', 'Gaming', 'Sports']","[24, 15, 29, 12, 4]",2025-04-09 15:45:20.211348
1631,28,Male,"['Sports', 'Technology', 'Gaming', 'Home']","[25, 17]",2025-03-27 15:45:20.211355
1632,30,Male,"['Fashion', 'Beauty', 'Technology', 'Gaming']",[22],2025-08-16 15:45:20.211363
1633,32,Female,"['Fashion', 'Home', 'Sports']","[28, 26]",2026-01-18 15:45:20.211373
1634,27,Female,"['Home', 'Beauty']","[21, 20]",2025-10-12 15:45:20.211381
1635,44,Male,"['Technology', 'Beauty']",[13],2026-01-15 15:45:20.211387
1636,28,Female,"['Sports', 'Technology']","[26, 22, 21, 5, 20]",2025-12-14 15:45:20.211395
1637,24,Female,"['Sports', 'Gaming']","[25, 1, 5, 16]",2025-08-25 15:45:20.211403
1638,24,Female,"['Technology', 'Sports']","[26, 13]",2025-11-16 15:45:20.211409
1639,59,Male,"['Gaming', 'Sports']",[30],2025-04-13 15:45:20.211416
1640,25,Male,"['Technology', 'Sports', 'Home']","[5, 25, 21, 30]",2025-05-16 15:45:20.211424
1641,31,Male,"['Technology', 'Gaming']","[16, 24]",2026-02-13 15:45:20.211431
1642,32,Female,"['Beauty', 'Sports']","[14, 23, 19, 28, 11]",2025-08-29 15:45:20.211439
1643,56,Male,"['Sports', 'Gaming', 'Fashion', 'Fitness']",[28],2025-05-10 15:45:20.211448
1644,28,Male,"['Gaming', 'Technology']","[21, 24]",2025-06-23 15:45:20.211455
1645,41,Female,"['Fashion', 'Fitness', 'Sports', 'Technology']",[14],2025-05-19 15:45:20.211462
1646,18,Male,"['Home', 'Technology', 'Fashion', 'Gaming']","[1, 8, 29, 3, 19]",2025-06-12 15:45:20.211471
1647,27,Female,"['Fitness', 'Beauty']",[28],2025-09-07 15:45:20.211477
1648,24,Female,"['Gaming', 'Sports', 'Fitness']","[25, 4, 23, 1, 19]",2026-02-08 15:45:20.211486
1649,21,Male,"['Technology', 'Fitness', 'Sports']","[14, 17, 28]",2025-10-31 15:45:20.211493
1650,23,Female,"['Technology', 'Beauty', 'Gaming', 'Sports']","[11, 10]",2025-03-04 15:45:20.211501
1651,29,Female,"['Gaming', 'Fashion']","[7, 20, 27]",2026-02-08 15:45:20.211508
1652,22,Female,"['Fashion', 'Gaming']","[7, 14, 25, 30, 16]",2025-11-08 15:45:20.211516
1653,18,Female,"['Fashion', 'Sports', 'Beauty']","[29, 16, 21]",2025-09-28 15:45:20.211524
1654,33,Male,"['Sports', 'Fitness', 'Beauty']","[11, 26]",2026-01-02 15:45:20.211531
1655,32,Female,"['Sports', 'Fitness']","[8, 7, 27]",2025-05-18 15:45:20.211540
1656,32,Female,"['Sports', 'Home']","[20, 25, 15]",2025-10-30 15:45:20.211548
1657,33,Female,"['Beauty', 'Home']",[30],2025-09-24 15:45:20.211554
1658,24,Female,"['Sports', 'Beauty']",[1],2025-11-04 15:45:20.211561
1659,34,Male,"['Sports', 'Fashion']","[21, 17, 9, 5]",2025-03-12 15:45:20.211568
1660,27,Female,"['Gaming', 'Home', 'Sports', 'Beauty']","[17, 14, 21]",2025-08-19 15:45:20.211576
1661,56,Male,"['Fitness', 'Technology', 'Home', 'Fashion']",[17],2025-11-07 15:45:20.211583
1662,21,Male,"['Gaming', 'Home', 'Technology', 'Sports']","[7, 24, 15, 17, 6]",2026-02-09 15:45:20.211593
1663,53,Female,"['Fashion', 'Beauty']","[30, 11, 22, 21, 29]",2025-09-09 15:45:20.211602
1664,25,Male,"['Fashion', 'Home']","[10, 23, 26, 21, 1]",2025-05-12 15:45:20.211610
1665,25,Female,"['Beauty', 'Gaming', 'Sports', 'Technology']","[1, 4, 26]",2025-08-24 15:45:20.211618
1666,23,Male,"['Home', 'Beauty', 'Technology']","[29, 13, 24, 5, 4]",2026-01-02 15:45:20.211626
1667,52,Female,"['Beauty', 'Fashion', 'Gaming', 'Home']","[1, 22]",2025-09-07 15:45:20.211633
1668,20,Female,"['Fitness', 'Beauty', 'Home']","[25, 7, 30, 5]",2025-08-25 15:45:20.211641
1669,22,Female,"['Gaming', 'Fashion', 'Home', 'Technology']","[24, 10, 3, 28, 2]",2025-06-26 15:45:20.211649
1670,20,Male,"['Gaming', 'Technology']","[12, 27, 14]",2025-09-08 15:45:20.211657
1671,44,Female,"['Technology', 'Fitness', 'Beauty']","[22, 6, 14, 27]",2025-03-14 15:45:20.211664
1672,20,Female,"['Home', 'Sports', 'Technology']","[11, 13, 4, 15, 22]",2025-05-08 15:45:20.211673
1673,26,Male,"['Gaming', 'Technology', 'Fitness']","[14, 7]",2025-07-23 15:45:20.211680
1674,28,Female,"['Beauty', 'Home', 'Gaming', 'Technology']","[25, 11, 20, 1]",2025-03-08 15:45:20.211688
1675,23,Female,"['Fashion', 'Gaming']","[15, 17, 4, 22]",2025-07-13 15:45:20.211698
1676,21,Female,"['Gaming', 'Home', 'Technology', 'Fitness']","[27, 28, 14, 21]",2025-12-02 15:45:20.211708
1677,23,Male,"['Fashion', 'Beauty', 'Gaming', 'Technology']","[16, 17, 27]",2025-03-29 15:45:20.211716
1678,28,Male,"['Fitness', 'Beauty']","[2, 30, 27, 11]",2025-06-17 15:45:20.211724
1679,42,Female,"['Home', 'Technology', 'Fitness', 'Sports']","[28, 7, 10]",2025-08-18 15:45:20.211732
1680,27,Male,"['Gaming', 'Fashion', 'Technology']",[18],2025-08-20 15:45:20.211739
1681,34,Male,"['Fashion', 'Gaming', 'Sports']","[2, 8, 6, 21]",2025-04-01 15:45:20.211747
1682,25,Female,"['Home', 'Gaming', 'Beauty']","[20, 23]",2025-06-22 15:45:20.211756
1683,23,Male,"['Sports', 'Home']","[28, 3, 20, 8]",2025-10-09 15:45:20.211764
1684,23,Female,"['Fashion', 'Technology', 'Sports']","[30, 27]",2025-05-12 15:45:20.211771
1685,24,Male,"['Beauty', 'Sports', 'Home', 'Gaming']","[10, 29]",2025-10-19 15:45:20.211778
1686,21,Female,"['Fitness', 'Fashion', 'Gaming', 'Home']",[14],2025-07-22 15:45:20.211785
1687,28,Female,"['Sports', 'Fashion']","[10, 13]",2025-09-27 15:45:20.211792
1688,31,Female,"['Sports', 'Technology', 'Home']",[13],2025-07-06 15:45:20.211799
1689,31,Female,"['Fashion', 'Sports', 'Home']","[17, 2, 15]",2025-03-26 15:45:20.211806
1690,22,Male,"['Beauty', 'Home']","[30, 9, 4, 14, 11]",2025-11-10 15:45:20.211815
1691,25,Male,"['Gaming', 'Sports', 'Technology']","[29, 21, 26, 12]",2025-11-08 15:45:20.211822
1692,41,Male,"['Home', 'Gaming', 'Technology']","[29, 20, 5, 6]",2025-03-20 15:45:20.211830
1693,34,Female,"['Home', 'Gaming']","[20, 19, 16, 30]",2025-09-11 15:45:20.211838
1694,38,Male,"['Fitness', 'Home', 'Fashion']","[28, 26, 29, 17, 3]",2025-12-15 15:45:20.211846
1695,18,Male,"['Beauty', 'Technology', 'Sports']",[25],2025-06-21 15:45:20.211853
1696,27,Female,"['Fashion', 'Home', 'Sports', 'Technology']","[9, 6, 10, 8, 14]",2026-02-19 15:45:20.211861
1697,40,Male,"['Fitness', 'Beauty', 'Gaming']","[21, 8, 7]",2025-11-04 15:45:20.211873
1698,37,Female,"['Beauty', 'Sports', 'Fashion', 'Home']","[21, 1, 5]",2025-08-30 15:45:20.211881
1699,26,Male,"['Home', 'Fitness', 'Gaming', 'Technology']","[14, 26]",2025-05-06 15:45:20.211888
1700,34,Male,"['Home', 'Fitness']","[9, 13, 4, 17, 12]",2025-07-05 15:45:20.211896
1701,30,Male,"['Sports', 'Home', 'Fashion', 'Technology']","[6, 28, 1, 11, 18]",2026-02-14 15:45:20.211907
1702,25,Male,"['Fitness', 'Sports', 'Beauty']","[17, 8, 23, 25, 20]",2025-10-19 15:45:20.211915
1703,19,Male,"['Fitness', 'Sports']",[6],2025-10-05 15:45:20.211922
1704,39,Female,"['Gaming', 'Sports', 'Fashion', 'Technology']",[27],2026-02-09 15:45:20.211929
1705,20,Male,"['Fitness', 'Technology', 'Fashion']","[8, 28, 22, 27, 7]",2026-01-13 15:45:20.211937
1706,19,Male,"['Technology', 'Sports']","[22, 3, 11, 21, 19]",2026-02-03 15:45:20.211945
1707,22,Male,"['Fitness', 'Beauty', 'Technology', 'Gaming']","[7, 2, 11, 23]",2025-04-04 15:45:20.211952
1708,28,Male,"['Technology', 'Fitness', 'Beauty', 'Sports']","[20, 11, 28]",2025-12-10 15:45:20.211960
1709,37,Male,"['Technology', 'Home', 'Fitness', 'Sports']","[10, 3, 2, 7]",2025-09-02 15:45:20.211968
1710,34,Female,"['Technology', 'Sports']","[14, 22, 7, 5, 6]",2026-02-06 15:45:20.211976
1711,32,Male,"['Fitness', 'Home', 'Sports']","[2, 18, 22, 11, 25]",2026-01-02 15:45:20.211985
1712,21,Male,"['Fashion', 'Technology']","[25, 9, 15, 20, 5]",2025-12-04 15:45:20.211993
1713,29,Male,"['Beauty', 'Technology', 'Home', 'Fitness']",[3],2025-10-18 15:45:20.212075
1714,29,Male,"['Fitness', 'Home', 'Gaming']","[17, 5, 28, 11]",2025-04-23 15:45:20.212083
1715,19,Female,"['Gaming', 'Sports', 'Home']",[27],2026-02-15 15:45:20.212091
1716,29,Male,"['Beauty', 'Fitness', 'Gaming', 'Home']","[6, 15]",2025-04-01 15:45:20.212098
1717,19,Male,"['Fashion', 'Home']","[1, 10, 28, 16, 27]",2025-05-07 15:45:20.212106
1718,29,Female,"['Fitness', 'Beauty', 'Fashion']","[9, 15, 27, 13]",2025-12-18 15:45:20.212116
1719,44,Female,"['Gaming', 'Sports', 'Fashion']","[1, 23]",2025-12-19 15:45:20.212124
1720,29,Female,"['Fashion', 'Home']","[30, 6]",2025-03-02 15:45:20.212130
1721,40,Female,"['Sports', 'Gaming', 'Fitness']","[19, 2, 11, 9]",2025-09-17 15:45:20.212140
1722,32,Female,"['Sports', 'Home', 'Beauty', 'Fitness']","[8, 21, 18, 16, 30]",2025-07-24 15:45:20.212149
1723,34,Female,"['Fashion', 'Sports', 'Technology']","[10, 19]",2025-10-28 15:45:20.212156
1724,20,Male,"['Fitness', 'Gaming', 'Sports']","[5, 1, 8, 7]",2025-09-09 15:45:20.212163
1725,21,Female,"['Gaming', 'Home']","[12, 26, 20, 6, 24]",2025-08-24 15:45:20.212171
1726,31,Female,"['Gaming', 'Beauty', 'Technology', 'Fitness']","[15, 22, 26]",2025-08-04 15:45:20.212179
1727,26,Female,"['Gaming', 'Beauty', 'Fashion', 'Technology']","[4, 20, 21, 29]",2025-03-08 15:45:20.212187
1728,28,Female,"['Sports', 'Technology', 'Home']","[17, 19, 16, 24]",2025-09-04 15:45:20.212195
1729,53,Female,"['Beauty', 'Fitness', 'Home', 'Gaming']","[18, 15, 10, 3, 20]",2025-07-17 15:45:20.212203
1730,34,Female,"['Sports', 'Beauty', 'Home']",[12],2025-12-10 15:45:20.212210
1731,18,Female,"['Fashion', 'Technology']","[7, 12, 11]",2025-09-01 15:45:20.212217
1732,32,Female,"['Home', 'Sports', 'Gaming', 'Technology']","[12, 7, 20, 11]",2025-09-16 15:45:20.212225
1733,26,Female,"['Technology', 'Sports', 'Fashion']",[11],2025-12-16 15:45:20.212232
1734,34,Female,"['Fashion', 'Beauty', 'Gaming', 'Home']","[30, 24, 25, 4, 16]",2026-02-06 15:45:20.212241
1735,23,Female,"['Sports', 'Beauty', 'Technology', 'Fitness']","[30, 11]",2025-03-13 15:45:20.212248
1736,29,Male,"['Fitness', 'Fashion', 'Gaming', 'Technology']","[1, 11]",2025-06-26 15:45:20.212256
1737,31,Female,"['Technology', 'Home', 'Fitness', 'Beauty']","[30, 5, 13]",2025-11-06 15:45:20.212264
1738,20,Female,"['Sports', 'Fashion', 'Gaming']","[12, 16]",2025-03-18 15:45:20.212271
1739,30,Male,"['Technology', 'Beauty', 'Gaming']","[25, 14, 19]",2026-02-14 15:45:20.212279
1740,45,Male,"['Sports', 'Fitness', 'Home']","[29, 4, 5, 25]",2026-02-19 15:45:20.212290
1741,19,Male,"['Fashion', 'Fitness']","[19, 9, 5]",2025-08-14 15:45:20.212298
1742,45,Male,"['Beauty', 'Home']","[11, 8, 9, 24]",2025-03-21 15:45:20.212305
1743,31,Female,"['Home', 'Fashion', 'Beauty', 'Fitness']","[17, 20, 22, 9]",2025-05-28 15:45:20.212316
1744,30,Male,"['Home', 'Gaming', 'Sports']","[29, 24]",2025-12-17 15:45:20.212323
1745,58,Male,"['Gaming', 'Fitness']","[3, 4, 5, 15, 21]",2025-08-30 15:45:20.212331
1746,18,Male,"['Technology', 'Gaming']","[4, 1, 25, 12, 5]",2025-05-08 15:45:20.212339
1747,39,Female,"['Fitness', 'Fashion']","[6, 27, 17, 29, 20]",2026-02-27 15:45:20.212347
1748,20,Male,"['Fitness', 'Beauty', 'Fashion']","[13, 4]",2025-07-08 15:45:20.212354
1749,26,Female,"['Fitness', 'Technology']","[27, 12, 6]",2025-04-06 15:45:20.212361
1750,21,Female,"['Home', 'Fashion', 'Gaming']","[12, 19, 11, 6, 4]",2025-05-31 15:45:20.212369
1751,28,Male,"['Gaming', 'Sports']","[26, 23, 29, 25]",2025-06-24 15:45:20.212377
1752,23,Male,"['Fashion', 'Gaming', 'Technology']","[13, 6, 21, 22, 16]",2025-11-27 15:45:20.212386
1753,20,Female,"['Home', 'Beauty', 'Fitness', 'Sports']","[3, 10, 9, 15]",2025-08-23 15:45:20.212393
1754,30,Male,"['Fashion', 'Technology']","[13, 2]",2025-04-02 15:45:20.212400
1755,32,Female,"['Gaming', 'Fitness', 'Sports', 'Home']","[7, 27]",2025-05-28 15:45:20.212408
1756,35,Male,"['Home', 'Beauty']","[23, 27, 19]",2025-08-27 15:45:20.212415
1757,45,Female,"['Beauty', 'Sports', 'Fashion']","[6, 27, 9]",2025-09-24 15:45:20.212423
1758,33,Male,"['Gaming', 'Sports', 'Fitness', 'Technology']","[30, 26, 27, 10, 23]",2025-08-07 15:45:20.212434
1759,24,Female,"['Sports', 'Gaming', 'Fitness']","[3, 5]",2025-04-26 15:45:20.212441
1760,18,Male,"['Fitness', 'Sports', 'Technology', 'Gaming']",[8],2025-03-02 15:45:20.212450
1761,19,Female,"['Home', 'Beauty', 'Sports']","[15, 17, 6]",2025-04-23 15:45:20.212460
1762,25,Female,"['Fitness', 'Gaming']","[13, 20, 16]",2025-11-01 15:45:20.212468
1763,30,Male,"['Gaming', 'Fashion', 'Home']","[4, 26, 8, 11]",2026-01-24 15:45:20.212475
1764,18,Female,"['Beauty', 'Fashion', 'Gaming']","[17, 19]",2025-08-01 15:45:20.212483
1765,33,Male,"['Sports', 'Home', 'Technology']","[22, 9, 11, 6]",2025-06-05 15:45:20.212490
1766,43,Male,"['Sports', 'Technology']","[10, 5, 12]",2025-08-06 15:45:20.212497
1767,33,Female,"['Beauty', 'Gaming', 'Technology', 'Fashion']","[23, 21, 25]",2025-10-22 15:45:20.212505
1768,31,Male,"['Beauty', 'Sports', 'Home']",[18],2025-08-16 15:45:20.212513
1769,32,Female,"['Technology', 'Gaming', 'Sports', 'Beauty']","[11, 22]",2025-04-30 15:45:20.212520
1770,27,Female,"['Fitness', 'Sports']","[6, 10, 19]",2025-07-24 15:45:20.212527
1771,43,Female,"['Home', 'Fashion', 'Gaming', 'Beauty']","[15, 14]",2025-12-28 15:45:20.212535
1772,34,Male,"['Technology', 'Fitness']","[8, 7]",2025-08-24 15:45:20.212542
1773,26,Female,"['Sports', 'Fashion', 'Technology', 'Fitness']","[30, 22, 8]",2026-01-24 15:45:20.212550
1774,41,Female,"['Technology', 'Home', 'Beauty', 'Fitness']","[20, 24]",2025-04-23 15:45:20.212557
1775,32,Male,"['Fashion', 'Home']","[18, 26, 30, 3]",2026-02-13 15:45:20.212565
1776,25,Female,"['Beauty', 'Fitness', 'Gaming', 'Technology']","[29, 11, 22]",2025-06-03 15:45:20.212572
1777,35,Female,"['Gaming', 'Fashion']","[17, 22, 27, 18]",2025-10-17 15:45:20.212580
1778,19,Female,"['Fitness', 'Sports', 'Beauty']",[6],2025-12-12 15:45:20.212587
1779,23,Female,"['Technology', 'Beauty']",[4],2026-01-31 15:45:20.212595
1780,19,Male,"['Technology', 'Fitness']",[22],2025-05-27 15:45:20.212602
1781,39,Female,"['Gaming', 'Home', 'Technology', 'Fashion']","[14, 21, 13, 8, 9]",2026-02-03 15:45:20.212611
1782,24,Male,"['Gaming', 'Fitness', 'Fashion', 'Beauty']","[10, 12, 30]",2025-06-18 15:45:20.212621
1783,20,Male,"['Fitness', 'Gaming', 'Home']",[26],2025-11-30 15:45:20.212627
1784,34,Female,"['Fitness', 'Gaming']","[17, 5, 30, 19]",2025-06-07 15:45:20.212635
1785,28,Female,"['Fashion', 'Beauty', 'Home']",[29],2025-12-29 15:45:20.212642
1786,21,Male,"['Gaming', 'Fashion', 'Sports', 'Fitness']","[17, 2, 26]",2025-11-13 15:45:20.212650
1787,19,Female,"['Home', 'Gaming']",[19],2025-03-04 15:45:20.212656
1788,31,Male,"['Beauty', 'Fashion', 'Home']",[15],2025-11-22 15:45:20.212663
1789,34,Male,"['Fashion', 'Fitness']","[11, 1]",2025-06-20 15:45:20.212670
1790,32,Male,"['Technology', 'Gaming']",[27],2025-07-26 15:45:20.212679
1791,26,Male,"['Fashion', 'Fitness', 'Technology', 'Home']","[13, 4, 20]",2025-10-16 15:45:20.212687
1792,23,Female,"['Fashion', 'Fitness', 'Gaming', 'Home']","[2, 21]",2025-10-12 15:45:20.212694
1793,43,Female,"['Fashion', 'Sports']",[19],2025-08-02 15:45:20.212701
1794,21,Male,"['Beauty', 'Sports']","[1, 23, 7]",2025-03-13 15:45:20.212708
1795,28,Female,"['Beauty', 'Home', 'Gaming']","[24, 5, 3, 19, 6]",2025-09-28 15:45:20.212717
1796,24,Female,"['Fashion', 'Technology']","[25, 12, 29]",2025-10-21 15:45:20.212724
1797,33,Female,"['Fashion', 'Sports', 'Fitness', 'Beauty']","[29, 27]",2025-07-04 15:45:20.212731
1798,32,Male,"['Home', 'Sports', 'Gaming']","[25, 21, 27, 7]",2025-11-03 15:45:20.212739
1799,22,Male,"['Technology', 'Fitness', 'Sports', 'Home']","[22, 11, 25, 16, 28]",2026-01-23 15:45:20.212749
1800,29,Male,"['Home', 'Sports']",[7],2025-12-06 15:45:20.212756
1801,29,Female,"['Gaming', 'Fashion', 'Fitness', 'Technology']","[25, 20]",2025-10-30 15:45:20.212763
1802,33,Male,"['Gaming', 'Home', 'Technology']","[15, 11]",2025-06-14 15:45:20.212770
1803,21,Female,"['Home', 'Beauty', 'Gaming']","[2, 18, 28, 26]",2025-10-27 15:45:20.212780
1804,28,Male,"['Technology', 'Gaming']","[22, 29, 24, 19, 11]",2025-07-29 15:45:20.212788
1805,18,Male,"['Technology', 'Fashion']","[13, 18]",2025-04-25 15:45:20.212795
1806,27,Female,"['Home', 'Sports', 'Fashion']",[13],2025-10-01 15:45:20.212802
1807,23,Male,"['Fashion', 'Technology']","[18, 26, 6]",2025-07-15 15:45:20.212810
1808,28,Female,"['Beauty', 'Sports']","[8, 19, 5]",2025-07-18 15:45:20.212817
1809,44,Male,"['Technology', 'Beauty']",[23],2025-04-05 15:45:20.212824
1810,42,Male,"['Technology', 'Home', 'Fashion', 'Sports']","[26, 14, 27, 20]",2025-04-02 15:45:20.212832
1811,31,Male,"['Fitness', 'Gaming']","[28, 19]",2025-05-14 15:45:20.212839
1812,21,Male,"['Technology', 'Home', 'Sports', 'Gaming']","[12, 29]",2025-05-20 15:45:20.212847
1813,24,Male,"['Home', 'Sports', 'Fashion']","[25, 18, 8, 15, 21]",2025-09-19 15:45:20.212856
1814,36,Male,"['Technology', 'Sports', 'Gaming']",[6],2026-01-23 15:45:20.212863
1815,20,Female,"['Fashion', 'Sports', 'Gaming', 'Home']","[15, 10, 19, 21, 6]",2025-11-30 15:45:20.212871
1816,19,Female,"['Home', 'Sports', 'Beauty', 'Gaming']","[5, 29, 3, 27]",2025-04-29 15:45:20.212881
1817,20,Male,"['Gaming', 'Beauty', 'Home']","[5, 7, 26, 23]",2026-02-28 15:45:20.212889
1818,28,Female,"['Beauty', 'Fitness', 'Gaming', 'Sports']","[20, 5]",2026-02-01 15:45:20.212898
1819,59,Female,"['Beauty', 'Home', 'Fashion', 'Gaming']","[12, 1, 17, 28]",2025-10-22 15:45:20.212907
1820,27,Female,"['Home', 'Fashion', 'Fitness']","[14, 4, 9, 3, 18]",2025-10-17 15:45:20.212917
1821,18,Male,"['Fashion', 'Fitness']","[16, 18, 28]",2025-06-04 15:45:20.212924
1822,37,Female,"['Gaming', 'Sports']",[12],2026-01-31 15:45:20.212931
1823,43,Male,"['Sports', 'Beauty']","[19, 14, 21, 12, 10]",2025-09-25 15:45:20.212939
1824,24,Male,"['Beauty', 'Fitness', 'Technology', 'Fashion']","[3, 18, 29, 22, 24]",2025-03-20 15:45:20.212947
1825,40,Female,"['Beauty', 'Fitness']",[28],2025-05-12 15:45:20.212956
1826,38,Male,"['Fashion', 'Sports']","[16, 5, 19]",2025-12-04 15:45:20.212964
1827,21,Male,"['Fitness', 'Beauty', 'Technology', 'Home']","[23, 25, 6, 18, 30]",2026-01-27 15:45:20.212972
1828,30,Female,"['Fitness', 'Technology', 'Fashion']",[26],2025-05-05 15:45:20.212979
1829,42,Female,"['Fitness', 'Fashion', 'Sports']","[24, 12, 22, 26]",2025-10-23 15:45:20.212987
1830,28,Female,"['Home', 'Gaming', 'Technology']","[9, 28]",2025-08-14 15:45:20.212994
1831,44,Female,"['Fashion', 'Beauty', 'Home']","[17, 26, 18, 24]",2025-04-07 15:45:20.213002
1832,24,Male,"['Technology', 'Fashion', 'Home']",[2],2026-01-30 15:45:20.213009
1833,26,Male,"['Sports', 'Fitness', 'Home', 'Fashion']","[2, 25]",2025-03-26 15:45:20.213017
1834,52,Male,"['Sports', 'Gaming']","[12, 19, 9]",2025-05-17 15:45:20.213024
1835,22,Female,"['Beauty', 'Fitness', 'Gaming']","[25, 27, 1, 28]",2025-06-08 15:45:20.213032
1836,46,Female,"['Fashion', 'Gaming', 'Technology', 'Home']","[4, 9, 18, 25, 2]",2025-10-24 15:45:20.213041
1837,41,Female,"['Home', 'Beauty']",[17],2025-06-02 15:45:20.213048
1838,24,Male,"['Beauty', 'Sports']","[7, 15, 28, 5]",2025-06-23 15:45:20.213058
1839,32,Male,"['Technology', 'Sports', 'Gaming', 'Home']",[2],2025-10-15 15:45:20.213065
1840,19,Female,"['Fashion', 'Gaming', 'Fitness']",[29],2025-08-17 15:45:20.213072
1841,24,Male,"['Technology', 'Fitness', 'Gaming', 'Home']","[5, 8]",2025-11-18 15:45:20.213080
1842,36,Female,"['Fashion', 'Sports']",[17],2025-12-05 15:45:20.213086
1843,38,Male,"['Fitness', 'Fashion']",[25],2025-12-30 15:45:20.213094
1844,43,Female,"['Gaming', 'Home']","[11, 9, 16, 1]",2025-05-15 15:45:20.213101
1845,19,Female,"['Home', 'Technology']","[21, 7, 17]",2026-01-06 15:45:20.213108
1846,24,Male,"['Sports', 'Fashion']","[18, 19, 5, 10, 17]",2025-06-06 15:45:20.213119
1847,19,Female,"['Home', 'Fashion', 'Beauty', 'Gaming']","[7, 15]",2025-04-25 15:45:20.213126
1848,20,Male,"['Sports', 'Home', 'Fitness']","[25, 24, 8, 26]",2025-03-25 15:45:20.213134
1849,26,Male,"['Fitness', 'Gaming']","[12, 18, 14, 2, 10]",2025-11-09 15:45:20.213143
1850,23,Female,"['Sports', 'Fitness']",[18],2025-10-28 15:45:20.213149
1851,36,Female,"['Sports', 'Home', 'Technology']","[28, 5, 11]",2025-09-13 15:45:20.213157
1852,31,Female,"['Fitness', 'Home', 'Sports']","[29, 4, 9, 25, 3]",2026-01-01 15:45:20.213165
1853,31,Male,"['Gaming', 'Fashion']","[26, 17, 22, 20]",2025-05-25 15:45:20.213173
1854,39,Female,"['Fashion', 'Technology']","[16, 29, 27, 17]",2025-07-18 15:45:20.213180
1855,33,Female,"['Gaming', 'Beauty', 'Technology', 'Sports']","[16, 11, 24]",2025-03-05 15:45:20.213188
1856,42,Male,"['Sports', 'Beauty', 'Fitness']","[22, 7]",2025-11-29 15:45:20.213195
1857,40,Male,"['Beauty', 'Home']","[9, 25]",2025-12-22 15:45:20.213204
1858,32,Male,"['Beauty', 'Sports']","[22, 20, 3]",2025-07-17 15:45:20.213212
1859,31,Female,"['Home', 'Sports', 'Fitness']","[19, 16]",2026-02-12 15:45:20.213219
1860,23,Male,"['Technology', 'Fashion', 'Beauty', 'Fitness']",[7],2026-02-11 15:45:20.213226
1861,32,Female,"['Fitness', 'Gaming', 'Fashion']","[20, 9, 25, 24]",2026-02-19 15:45:20.213234
1862,39,Female,"['Sports', 'Fitness']","[7, 19, 5, 14]",2025-10-06 15:45:20.213241
1863,21,Male,"['Sports', 'Fashion']","[14, 25, 12, 28, 10]",2025-03-27 15:45:20.213249
1864,31,Female,"['Fitness', 'Fashion', 'Gaming', 'Home']","[13, 1]",2026-02-26 15:45:20.213257
1865,31,Male,"['Fashion', 'Home']",[17],2026-02-10 15:45:20.213263
1866,42,Male,"['Technology', 'Fashion', 'Beauty', 'Gaming']","[15, 17, 18, 5, 3]",2025-04-21 15:45:20.213272
1867,27,Male,"['Technology', 'Gaming', 'Home', 'Fashion']",[28],2025-03-15 15:45:20.213281
1868,54,Female,"['Gaming', 'Fitness', 'Sports', 'Beauty']","[29, 12, 23, 15]",2025-09-17 15:45:20.213289
1869,37,Male,"['Gaming', 'Home', 'Sports']","[11, 7]",2025-10-29 15:45:20.213296
1870,23,Female,"['Sports', 'Technology', 'Fitness', 'Gaming']","[17, 16, 13]",2026-02-24 15:45:20.213304
1871,25,Male,"['Sports', 'Home', 'Fashion']","[28, 10, 8]",2026-01-01 15:45:20.213312
1872,28,Male,"['Technology', 'Beauty', 'Fitness', 'Sports']",[28],2025-11-12 15:45:20.213319
1873,19,Female,"['Sports', 'Fashion']","[6, 18, 1]",2025-07-22 15:45:20.213326
1874,24,Female,"['Fitness', 'Fashion']","[9, 17, 7, 10]",2025-04-25 15:45:20.213334
1875,39,Female,"['Sports', 'Fashion', 'Gaming']","[14, 4, 5, 6]",2025-10-17 15:45:20.213341
1876,33,Male,"['Sports', 'Gaming']","[25, 8]",2026-02-08 15:45:20.213348
1877,28,Male,"['Fitness', 'Fashion']","[25, 21, 26, 5, 9]",2026-01-13 15:45:20.213358
1878,23,Male,"['Fashion', 'Sports', 'Beauty', 'Technology']","[26, 4, 30]",2025-08-07 15:45:20.213366
1879,52,Male,"['Gaming', 'Home']","[6, 16, 12, 5]",2025-05-11 15:45:20.213374
1880,18,Male,"['Fitness', 'Gaming']",[23],2025-11-03 15:45:20.213381
1881,34,Female,"['Beauty', 'Home', 'Technology', 'Sports']",[9],2025-09-16 15:45:20.213388
1882,24,Male,"['Technology', 'Fitness', 'Beauty']","[1, 6]",2025-12-22 15:45:20.213395
1883,29,Male,"['Gaming', 'Fashion']","[7, 24, 20, 29, 15]",2025-08-05 15:45:20.213404
1884,29,Female,"['Home', 'Technology']",[1],2025-04-22 15:45:20.213410
1885,19,Female,"['Fashion', 'Gaming']","[30, 22]",2025-05-15 15:45:20.213417
1886,30,Male,"['Sports', 'Fashion', 'Technology', 'Home']","[3, 26]",2025-09-26 15:45:20.213427
1887,28,Male,"['Beauty', 'Technology']","[2, 28, 1]",2025-10-13 15:45:20.213434
1888,20,Female,"['Beauty', 'Fitness']",[17],2026-01-04 15:45:20.213443
1889,27,Female,"['Technology', 'Sports']","[8, 16, 20, 9]",2025-11-21 15:45:20.213453
1890,19,Male,"['Beauty', 'Sports', 'Technology']","[12, 18, 26]",2025-10-12 15:45:20.213461
1891,20,Female,"['Home', 'Gaming', 'Technology', 'Fitness']","[12, 23, 30]",2025-07-01 15:45:20.213469
1892,18,Female,"['Home', 'Technology', 'Fitness', 'Fashion']",[13],2025-09-10 15:45:20.213476
1893,19,Female,"['Fashion', 'Gaming']","[4, 1, 5, 30]",2025-10-06 15:45:20.213483
1894,37,Female,"['Fashion', 'Beauty']","[12, 2]",2025-10-03 15:45:20.213490
1895,30,Male,"['Fitness', 'Home', 'Technology']","[25, 28]",2026-01-19 15:45:20.213498
1896,20,Male,"['Beauty', 'Fashion']","[4, 7, 20, 9, 12]",2025-06-27 15:45:20.213508
1897,23,Male,"['Technology', 'Beauty', 'Gaming', 'Fashion']",[30],2025-07-04 15:45:20.213515
1898,18,Male,"['Home', 'Fashion']",[10],2025-11-17 15:45:20.213521
1899,30,Male,"['Sports', 'Fitness', 'Fashion', 'Gaming']","[8, 3]",2025-10-29 15:45:20.213529
1900,40,Male,"['Technology', 'Sports', 'Beauty']","[7, 9]",2025-08-13 15:45:20.213536
1901,39,Male,"['Fashion', 'Technology']","[28, 20, 30, 25]",2026-02-23 15:45:20.213544
1902,24,Male,"['Fashion', 'Gaming', 'Fitness']","[26, 9, 15, 14, 18]",2025-11-13 15:45:20.213552
1903,43,Female,"['Fitness', 'Home', 'Beauty']","[28, 6, 23, 3, 19]",2025-08-09 15:45:20.213560
1904,26,Female,"['Beauty', 'Sports', 'Gaming', 'Fitness']","[22, 12]",2025-10-13 15:45:20.213568
1905,25,Male,"['Home', 'Sports', 'Fashion']","[12, 25, 10]",2025-06-21 15:45:20.213576
1906,19,Male,"['Fitness', 'Technology', 'Sports', 'Fashion']","[28, 4]",2025-11-21 15:45:20.213583
1907,35,Male,"['Fitness', 'Technology']","[28, 18]",2025-11-27 15:45:20.213590
1908,31,Male,"['Gaming', 'Home']","[17, 23, 26]",2025-05-31 15:45:20.213597
1909,18,Female,"['Fitness', 'Technology', 'Sports']","[10, 27, 19, 9]",2025-04-05 15:45:20.213605
1910,37,Female,"['Beauty', 'Home']","[22, 19]",2025-04-17 15:45:20.213614
1911,44,Male,"['Fashion', 'Home', 'Technology', 'Sports']","[25, 7, 10]",2025-05-28 15:45:20.213622
1912,32,Female,"['Sports', 'Home', 'Fitness']","[21, 17, 25]",2025-09-06 15:45:20.213630
1913,31,Male,"['Fitness', 'Beauty']","[4, 28, 29, 5, 15]",2025-06-10 15:45:20.213638
1914,20,Female,"['Fashion', 'Home']","[12, 4, 19, 8, 15]",2025-12-15 15:45:20.213646
1915,36,Female,"['Beauty', 'Gaming', 'Home']","[9, 3, 13]",2025-10-16 15:45:20.213654
1916,40,Male,"['Fitness', 'Fashion', 'Beauty']","[21, 3, 30]",2026-01-18 15:45:20.213664
1917,30,Female,"['Fitness', 'Fashion']","[29, 17, 9, 14, 24]",2025-05-15 15:45:20.213674
1918,24,Male,"['Gaming', 'Technology', 'Fashion', 'Beauty']",[6],2025-06-16 15:45:20.213682
1919,26,Female,"['Home', 'Technology', 'Fashion']","[12, 21, 4, 2, 23]",2025-03-29 15:45:20.213690
1920,38,Female,"['Sports', 'Gaming']",[9],2025-05-13 15:45:20.213697
1921,24,Male,"['Fashion', 'Beauty', 'Technology', 'Gaming']","[29, 20, 21]",2025-12-20 15:45:20.213705
1922,20,Male,"['Home', 'Beauty']","[15, 2, 26]",2025-04-02 15:45:20.213712
1923,23,Female,"['Fashion', 'Home', 'Fitness']","[13, 15]",2025-07-23 15:45:20.213719
1924,21,Female,"['Beauty', 'Fashion', 'Technology', 'Sports']","[16, 18, 29, 14, 8]",2025-06-03 15:45:20.213728
1925,19,Female,"['Fashion', 'Gaming']","[13, 21, 27, 28, 9]",2025-12-14 15:45:20.213736
1926,48,Female,"['Gaming', 'Fashion', 'Home', 'Fitness']","[25, 1]",2025-04-15 15:45:20.213743
1927,19,Female,"['Technology', 'Home', 'Sports']","[19, 4, 22]",2025-07-20 15:45:20.213751
1928,33,Male,"['Fashion', 'Beauty', 'Home', 'Gaming']","[13, 22, 11]",2025-10-30 15:45:20.213758
1929,24,Female,"['Beauty', 'Technology']","[8, 9, 10]",2025-11-20 15:45:20.213765
1930,34,Female,"['Gaming', 'Home', 'Technology']","[9, 10, 12]",2025-10-28 15:45:20.213773
1931,33,Female,"['Beauty', 'Fitness', 'Technology']","[22, 17]",2025-09-05 15:45:20.213782
1932,55,Female,"['Technology', 'Home']","[28, 26, 21]",2025-03-01 15:45:20.213790
1933,27,Female,"['Technology', 'Gaming']","[16, 4, 29, 6, 10]",2025-10-10 15:45:20.213798
1934,19,Female,"['Home', 'Gaming', 'Fitness']","[9, 14, 22]",2025-12-15 15:45:20.213805
1935,41,Female,"['Gaming', 'Home']","[1, 8, 24]",2025-10-19 15:45:20.213814
1936,34,Male,"['Home', 'Fitness']","[27, 28]",2025-03-26 15:45:20.213821
1937,24,Female,"['Home', 'Gaming', 'Fitness']","[14, 9, 29, 2]",2025-11-06 15:45:20.213829
1938,24,Female,"['Fitness', 'Sports', 'Technology', 'Home']",[26],2025-09-16 15:45:20.213836
1939,23,Male,"['Technology', 'Beauty', 'Home', 'Sports']","[1, 5, 10, 4, 30]",2025-08-22 15:45:20.213845
1940,23,Female,"['Fitness', 'Technology', 'Sports', 'Home']","[17, 12]",2025-07-14 15:45:20.213852
1941,32,Male,"['Technology', 'Beauty', 'Gaming']","[2, 8, 15, 1]",2025-09-24 15:45:20.213860
1942,57,Female,"['Technology', 'Home', 'Fitness', 'Gaming']","[2, 16, 15, 25]",2025-06-17 15:45:20.213868
1943,33,Female,"['Technology', 'Beauty', 'Fashion']","[24, 25, 5]",2025-03-04 15:45:20.213876
1944,47,Male,"['Gaming', 'Beauty', 'Technology', 'Fitness']","[15, 24, 11, 25]",2025-09-12 15:45:20.213884
1945,37,Male,"['Fitness', 'Gaming', 'Beauty', 'Home']","[13, 22, 4, 29]",2025-08-16 15:45:20.213892
1946,25,Male,"['Gaming', 'Fitness', 'Home', 'Sports']","[26, 10, 22]",2025-10-17 15:45:20.213900
1947,45,Male,"['Technology', 'Fashion', 'Beauty']","[11, 14, 16]",2025-06-12 15:45:20.213909
1948,24,Female,"['Sports', 'Fashion', 'Technology', 'Home']","[3, 27, 12, 22]",2026-02-22 15:45:20.213917
1949,26,Female,"['Gaming', 'Fitness']","[15, 13]",2025-12-12 15:45:20.213925
1950,40,Female,"['Gaming', 'Beauty', 'Technology', 'Fitness']","[19, 5, 30]",2025-05-19 15:45:20.213933
1951,30,Male,"['Fitness', 'Technology', 'Fashion']","[5, 26, 8]",2025-05-07 15:45:20.213941
1952,37,Male,"['Fitness', 'Technology']","[7, 10, 16, 21]",2025-10-18 15:45:20.213950
1953,25,Male,"['Sports', 'Fitness']",[18],2025-12-29 15:45:20.213957
1954,34,Male,"['Sports', 'Beauty', 'Fashion', 'Fitness']","[26, 5, 12, 24]",2025-08-28 15:45:20.213965
1955,33,Female,"['Gaming', 'Fitness']","[16, 21, 28]",2026-01-24 15:45:20.213974
1956,37,Male,"['Fitness', 'Sports', 'Technology', 'Beauty']",[19],2025-10-23 15:45:20.213981
1957,18,Female,"['Sports', 'Home', 'Fitness']","[28, 30, 4, 12, 5]",2025-09-24 15:45:20.213990
1958,18,Male,"['Sports', 'Gaming', 'Home', 'Beauty']","[8, 11]",2026-01-28 15:45:20.213997
1959,18,Female,"['Beauty', 'Fashion', 'Fitness']",[18],2025-03-27 15:45:20.214004
1960,23,Male,"['Fitness', 'Sports', 'Beauty']","[21, 13, 18]",2025-11-16 15:45:20.214011
1961,26,Female,"['Technology', 'Sports', 'Fitness']","[6, 13, 19, 26, 22]",2025-10-01 15:45:20.214019
1962,42,Female,"['Home', 'Fitness', 'Gaming']","[21, 9, 4, 17, 16]",2026-01-15 15:45:20.214030
1963,32,Female,"['Fitness', 'Home', 'Gaming']","[30, 15, 28, 8, 17]",2025-10-11 15:45:20.214038
1964,57,Male,"['Fashion', 'Sports']",[5],2026-02-14 15:45:20.214044
1965,21,Male,"['Technology', 'Home']","[11, 4, 9]",2025-03-05 15:45:20.214051
1966,24,Male,"['Gaming', 'Technology', 'Sports']",[1],2025-08-05 15:45:20.214058
1967,39,Female,"['Beauty', 'Home', 'Fitness', 'Fashion']","[14, 5, 12, 17, 13]",2025-03-05 15:45:20.214067
1968,25,Male,"['Fitness', 'Technology', 'Beauty', 'Sports']","[1, 14, 20, 8, 21]",2025-04-07 15:45:20.214075
1969,22,Male,"['Home', 'Beauty', 'Sports', 'Fashion']","[29, 16, 18, 4, 1]",2025-10-18 15:45:20.214083
1970,40,Female,"['Gaming', 'Beauty', 'Fashion']","[28, 1, 27, 21, 8]",2026-01-09 15:45:20.214092
1971,22,Male,"['Gaming', 'Fashion', 'Technology']","[29, 5, 9, 25]",2025-04-14 15:45:20.214099
1972,32,Male,"['Beauty', 'Technology', 'Fitness', 'Sports']","[7, 17, 5]",2025-12-14 15:45:20.214107
1973,25,Female,"['Sports', 'Fitness']",[11],2025-10-17 15:45:20.214115
1974,26,Female,"['Gaming', 'Beauty', 'Fashion', 'Sports']",[29],2025-08-28 15:45:20.214124
1975,30,Male,"['Gaming', 'Sports']","[12, 24, 17, 9]",2025-11-28 15:45:20.214132
1976,29,Male,"['Sports', 'Technology', 'Beauty', 'Fashion']","[8, 2, 11, 20, 22]",2025-06-18 15:45:20.214140
1977,19,Female,"['Technology', 'Home', 'Beauty']","[15, 26, 21, 7, 13]",2025-04-15 15:45:20.214149
1978,45,Female,"['Beauty', 'Fashion', 'Home']","[7, 5, 17, 12]",2025-12-14 15:45:20.214157
1979,20,Male,"['Sports', 'Fitness', 'Home', 'Fashion']","[21, 23, 22]",2025-05-14 15:45:20.214164
1980,26,Female,"['Fitness', 'Home']","[29, 3, 12, 9, 17]",2025-07-15 15:45:20.214172
1981,25,Male,"['Home', 'Technology']","[7, 28]",2025-03-09 15:45:20.214179
1982,30,Male,"['Fitness', 'Technology', 'Gaming', 'Beauty']","[11, 16]",2025-12-12 15:45:20.214187
1983,51,Male,"['Beauty', 'Home', 'Fashion']","[4, 30, 3]",2025-04-09 15:45:20.214194
1984,47,Male,"['Fashion', 'Fitness', 'Gaming', 'Home']",[28],2025-08-28 15:45:20.214201
1985,55,Male,"['Gaming', 'Home', 'Technology']",[17],2025-05-08 15:45:20.214208
1986,22,Male,"['Fashion', 'Beauty', 'Sports']","[12, 1, 10]",2026-01-04 15:45:20.214216
1987,44,Male,"['Home', 'Sports']","[30, 9, 24]",2025-05-05 15:45:20.214223
1988,20,Male,"['Fashion', 'Sports', 'Gaming']","[19, 25, 7, 2]",2025-06-23 15:45:20.214231
1989,27,Male,"['Beauty', 'Gaming', 'Technology']","[19, 16, 2, 8]",2025-10-27 15:45:20.214239
1990,27,Male,"['Home', 'Sports', 'Fitness', 'Gaming']","[26, 21, 4]",2025-04-24 15:45:20.214247
1991,20,Female,"['Sports', 'Technology', 'Fashion']","[3, 28, 7, 4]",2025-06-08 15:45:20.214255
1992,28,Female,"['Fashion', 'Beauty']","[24, 10, 29, 13, 30]",2026-01-19 15:45:20.214263
1993,24,Female,"['Fitness', 'Sports', 'Fashion']","[5, 2]",2025-10-27 15:45:20.214270
1994,32,Male,"['Home', 'Gaming', 'Technology']","[23, 3, 6, 25, 15]",2025-09-13 15:45:20.214281
1995,20,Male,"['Sports', 'Beauty', 'Home']","[1, 22]",2026-02-26 15:45:20.214291
1996,33,Female,"['Gaming', 'Technology', 'Sports', 'Fitness']","[12, 27, 3, 2]",2025-09-13 15:45:20.214299
1997,31,Male,"['Technology', 'Fitness', 'Beauty']","[14, 12, 1, 22]",2026-02-24 15:45:20.214307
1998,39,Male,"['Technology', 'Fitness']","[20, 23, 11, 13, 3]",2025-06-21 15:45:20.214314
1999,21,Female,"['Beauty', 'Gaming']","[11, 4]",2025-12-27 15:45:20.214322
2000,23,Female,"['Technology', 'Fashion', 'Gaming', 'Beauty']",[2],2025-03-07 15:45:20.214329
